timestamp,service_name,event_code,event_provider,trace_id,transaction_id,message,callee,call_duration
2025-06-03 11:30:16:185,service_17,package_1.package_2.interface_1.function_1,infrastructure,-,-,"-> Client, 2970299:service_19:34, function_1 3",service_19,0.004
2025-06-03 11:30:16:185,service_12,package_1.package_2.interface_1.function_1,infrastructure,-,-,"-> Client, 2970299:service_18:114, function_1 3",service_18,0.004
2025-06-03 11:30:36:203,service_17,package_1.package_2.interface_1.function_1,infrastructure,-,-,"-> Client, 2970299:service_19:34, function_1 3",service_19,0.002
2025-06-03 11:30:36:203,service_12,package_1.package_2.interface_1.function_1,infrastructure,-,-,"-> Client, 2970299:service_18:114, function_1 3",service_18,0.002
2025-06-03 11:30:56:219,service_12,package_1.package_2.interface_1.function_1,infrastructure,-,-,"-> Client, 2970299:service_18:114, function_1 3",service_18,0.002
2025-06-03 11:30:56:219,service_17,package_1.package_2.interface_1.function_1,infrastructure,-,-,"-> Client, 2970299:service_19:34, function_1 3",service_19,0.002
2025-06-03 11:31:08:720,service_21,package_3.interface_2.function_2,infrastructure,638efab8-7666-48ad-83b6-f56dcb749201,668fad99-04e1-45a6-9ed5-4ee08e3d033c,"-> Client, 2970299:service_14:1, function_2",service_14,0.012
2025-06-03 11:31:09:702,service_21,package_3.interface_2.function_2,infrastructure,55ab702e-4d2b-4ae1-81ce-ed042011b14d,c0a6ed28-43c7-42c8-bd2c-5140fc9c4bf9,"-> Client, 2970299:service_14:1, function_2",service_14,0.018
2025-06-03 11:31:10:404,service_21,package_3.interface_2.function_2,infrastructure,b8368c5c-440c-488f-9faf-4e9f5abdd95d,26a82b2e-cb4c-4dcb-8d54-1464665d5cc0,"-> Client, 2970299:service_14:1, function_2",service_14,0.015
2025-06-03 11:31:16:224,service_12,package_1.package_2.interface_1.function_1,infrastructure,-,-,"-> Client, 2970299:service_18:114, function_1 3",service_18,0.003
2025-06-03 11:31:16:224,service_17,package_1.package_2.interface_1.function_1,infrastructure,-,-,"-> Client, 2970299:service_19:34, function_1 3",service_19,0.003
2025-06-03 11:31:28:618,service_21,package_3.interface_2.function_2,infrastructure,0541ed97-ea78-4a38-9479-e3305f12b386,095e9f49-2bb5-4df4-b6f9-00ab13a1b266,"-> Client, 2970299:service_14:1, function_2",service_14,0.009
2025-06-03 11:31:36:240,service_12,package_1.package_2.interface_1.function_1,infrastructure,-,-,"-> Client, 2970299:service_18:114, function_1 3",service_18,0.002
2025-06-03 11:31:36:240,service_17,package_1.package_2.interface_1.function_1,infrastructure,-,-,"-> Client, 2970299:service_19:34, function_1 3",service_19,0.002
2025-06-03 11:31:39:365,service_21,package_3.interface_2.function_2,infrastructure,8cffc83f-3134-4b30-abb8-cd57076d2053,1ca940b8-9c45-4d19-ad6e-3cee252fb964,"-> Client, 2970299:service_14:1, function_2",service_14,0.009
2025-06-03 11:31:40:465,service_21,package_3.interface_2.function_2,infrastructure,49a6d9c6-5f1d-49ec-9acb-774b756e4ff7,18794f08-2bd2-4ffa-9f23-37d0c1abbaec,"-> Client, 2970299:service_14:1, function_2",service_14,0.009
2025-06-03 11:31:40:994,service_21,package_3.interface_2.function_2,infrastructure,7761e4f8-44d3-4b5b-9702-94f8bfa27f16,8a81a127-4edc-4b1f-9654-9cc7e08c46ce,"-> Client, 2970299:service_14:1, function_2",service_14,0.012
2025-06-03 11:31:56:247,service_17,package_1.package_2.interface_1.function_1,infrastructure,-,-,"-> Client, 2970299:service_19:34, function_1 3",service_19,0.001
2025-06-03 11:31:56:247,service_12,package_1.package_2.interface_1.function_1,infrastructure,-,-,"-> Client, 2970299:service_18:114, function_1 3",service_18,0.001
2025-06-03 11:32:03:738,service_7,package_3.package_4.interface_3.function_3,infrastructure,33cc2259-09d9-48f3-96dc-fee385fb67ba,fb2ace14-12e9-4149-a2d2-3d77cc9fb44b,"-> Client, 2970299:service_3:4, function_3 Park, (Position:0,Temperature:300)",service_3,0.445
2025-06-03 11:32:04:183,service_7,package_3.package_4.interface_3.function_3,infrastructure,33cc2259-09d9-48f3-96dc-fee385fb67ba,fb2ace14-12e9-4149-a2d2-3d77cc9fb44b,"-> Client, 2970299:service_3:4, function_3 CartridgeDetectionBegin, (Position:0.004,Temperature:300)",service_3,0.34
2025-06-03 11:32:04:523,service_7,package_3.package_4.interface_3.function_3,infrastructure,33cc2259-09d9-48f3-96dc-fee385fb67ba,fb2ace14-12e9-4149-a2d2-3d77cc9fb44b,"-> Client, 2970299:service_3:4, function_3 CartridgeDetectionMaxSignal, (Position:0.0035,Temperature:300)",service_3,0.378
2025-06-03 11:32:04:901,service_7,package_3.package_4.interface_3.function_3,infrastructure,33cc2259-09d9-48f3-96dc-fee385fb67ba,fb2ace14-12e9-4149-a2d2-3d77cc9fb44b,"-> Client, 2970299:service_3:4, function_3 CartridgeDetectionEnd, (Position:0.003,Temperature:300)",service_3,0.0
2025-06-03 11:32:05:237,service_7,package_3.package_4.interface_3.function_3,infrastructure,33cc2259-09d9-48f3-96dc-fee385fb67ba,fb2ace14-12e9-4149-a2d2-3d77cc9fb44b,"-> Client, 2970299:service_3:4, function_3 GrabAndDrag, (Position:0.0162,Temperature:300)",service_3,0.0
2025-06-03 11:32:05:608,service_7,package_3.package_4.interface_3.function_3,infrastructure,33cc2259-09d9-48f3-96dc-fee385fb67ba,fb2ace14-12e9-4149-a2d2-3d77cc9fb44b,"-> Client, 2970299:service_3:4, function_3 Docker, (Position:0.018,Temperature:300)",service_3,0.437
2025-06-03 11:32:06:045,service_7,package_3.package_4.interface_3.function_3,infrastructure,33cc2259-09d9-48f3-96dc-fee385fb67ba,fb2ace14-12e9-4149-a2d2-3d77cc9fb44b,"-> Client, 2970299:service_3:4, function_3 NearTransfer, (Position:0.28,Temperature:300)",service_3,0.0
2025-06-03 11:32:06:479,service_7,package_3.package_4.interface_3.function_3,infrastructure,33cc2259-09d9-48f3-96dc-fee385fb67ba,fb2ace14-12e9-4149-a2d2-3d77cc9fb44b,"-> Client, 2970299:service_3:4, function_3 Transfer, (Position:0.29,Temperature:300)",service_3,0.376
2025-06-03 11:32:06:858,service_7,package_3.package_4.interface_3.function_4,infrastructure,33cc2259-09d9-48f3-96dc-fee385fb67ba,fb2ace14-12e9-4149-a2d2-3d77cc9fb44b,"-> Client, 2970299:service_3:4, function_4 2.7",service_3,0.116
2025-06-03 11:32:06:981,service_7,package_3.package_4.interface_4.function_3,infrastructure,33cc2259-09d9-48f3-96dc-fee385fb67ba,fb2ace14-12e9-4149-a2d2-3d77cc9fb44b,"-> Client, 2970299:service_3:5, function_3 Park, 0",service_3,0.198
2025-06-03 11:32:07:179,service_7,package_3.package_4.interface_4.function_3,infrastructure,33cc2259-09d9-48f3-96dc-fee385fb67ba,fb2ace14-12e9-4149-a2d2-3d77cc9fb44b,"-> Client, 2970299:service_3:5, function_3 Capsule, 0.19",service_3,0.205
2025-06-03 11:32:07:384,service_7,package_3.package_4.interface_4.function_3,infrastructure,33cc2259-09d9-48f3-96dc-fee385fb67ba,fb2ace14-12e9-4149-a2d2-3d77cc9fb44b,"-> Client, 2970299:service_3:5, function_3 Slot1, 0.005499999999999998",service_3,0.0
2025-06-03 11:32:07:568,service_7,package_3.package_4.interface_4.function_3,infrastructure,33cc2259-09d9-48f3-96dc-fee385fb67ba,fb2ace14-12e9-4149-a2d2-3d77cc9fb44b,"-> Client, 2970299:service_3:5, function_3 Slot2, 0.008999999999999994",service_3,0.125
2025-06-03 11:32:07:693,service_7,package_3.package_4.interface_4.function_3,infrastructure,33cc2259-09d9-48f3-96dc-fee385fb67ba,fb2ace14-12e9-4149-a2d2-3d77cc9fb44b,"-> Client, 2970299:service_3:5, function_3 Slot3, 0.012499999999999997",service_3,0.0
2025-06-03 11:32:07:886,service_7,package_3.package_4.interface_4.function_3,infrastructure,33cc2259-09d9-48f3-96dc-fee385fb67ba,fb2ace14-12e9-4149-a2d2-3d77cc9fb44b,"-> Client, 2970299:service_3:5, function_3 Slot4, 0.015999999999999997",service_3,0.213
2025-06-03 11:32:08:099,service_7,package_3.package_4.interface_4.function_3,infrastructure,33cc2259-09d9-48f3-96dc-fee385fb67ba,fb2ace14-12e9-4149-a2d2-3d77cc9fb44b,"-> Client, 2970299:service_3:5, function_3 Slot5, 0.019499999999999997",service_3,0.158
2025-06-03 11:32:08:257,service_7,package_3.package_4.interface_4.function_3,infrastructure,33cc2259-09d9-48f3-96dc-fee385fb67ba,fb2ace14-12e9-4149-a2d2-3d77cc9fb44b,"-> Client, 2970299:service_3:5, function_3 Slot6, 0.022999999999999996",service_3,0.207
2025-06-03 11:32:08:465,service_7,package_3.package_4.interface_4.function_3,infrastructure,33cc2259-09d9-48f3-96dc-fee385fb67ba,fb2ace14-12e9-4149-a2d2-3d77cc9fb44b,"-> Client, 2970299:service_3:5, function_3 Slot7, 0.026499999999999996",service_3,0.164
2025-06-03 11:32:08:630,service_7,package_3.package_4.interface_4.function_3,infrastructure,33cc2259-09d9-48f3-96dc-fee385fb67ba,fb2ace14-12e9-4149-a2d2-3d77cc9fb44b,"-> Client, 2970299:service_3:5, function_3 Slot8, 0.03",service_3,0.201
2025-06-03 11:32:08:831,service_7,package_3.package_4.interface_4.function_3,infrastructure,33cc2259-09d9-48f3-96dc-fee385fb67ba,fb2ace14-12e9-4149-a2d2-3d77cc9fb44b,"-> Client, 2970299:service_3:5, function_3 Slot9, 0.033499999999999995",service_3,0.0
2025-06-03 11:32:09:013,service_7,package_3.package_4.interface_4.function_3,infrastructure,33cc2259-09d9-48f3-96dc-fee385fb67ba,fb2ace14-12e9-4149-a2d2-3d77cc9fb44b,"-> Client, 2970299:service_3:5, function_3 Slot10, 0.037",service_3,0.0
2025-06-03 11:32:09:187,service_7,package_3.package_4.interface_4.function_3,infrastructure,33cc2259-09d9-48f3-96dc-fee385fb67ba,fb2ace14-12e9-4149-a2d2-3d77cc9fb44b,"-> Client, 2970299:service_3:5, function_3 Slot11, 0.040499999999999994",service_3,0.177
2025-06-03 11:32:09:365,service_7,package_3.package_4.interface_4.function_3,infrastructure,33cc2259-09d9-48f3-96dc-fee385fb67ba,fb2ace14-12e9-4149-a2d2-3d77cc9fb44b,"-> Client, 2970299:service_3:5, function_3 Slot12, 0.044",service_3,0.154
2025-06-03 11:32:09:528,service_7,package_3.package_5.interface_5.function_5,infrastructure,33cc2259-09d9-48f3-96dc-fee385fb67ba,fb2ace14-12e9-4149-a2d2-3d77cc9fb44b,"-> Client, 2970299:service_9:2, function_5",service_9,0.007
2025-06-03 11:32:09:536,service_7,package_3.package_5.interface_6.function_6,infrastructure,33cc2259-09d9-48f3-96dc-fee385fb67ba,fb2ace14-12e9-4149-a2d2-3d77cc9fb44b,"-> Client, 2970299:service_9:8, function_6 (Alpha:-0.104593,Beta:0,X:0.000279993,Y:0.000168015,Z:-0.000210003)",service_9,0.002
2025-06-03 11:32:09:538,service_7,package_3.package_5.interface_5.function_3,infrastructure,33cc2259-09d9-48f3-96dc-fee385fb67ba,fb2ace14-12e9-4149-a2d2-3d77cc9fb44b,"-> Client, 2970299:service_9:2, function_3 PreLoad, (Pos_objectId:2970299:service_9:8,Temperature:300)",service_9,0.0
2025-06-03 11:32:09:815,service_9,package_3.package_6.package_5.interface_7.function_5,infrastructure,33cc2259-09d9-48f3-96dc-fee385fb67ba,fb2ace14-12e9-4149-a2d2-3d77cc9fb44b,"-> Client, 2970299:service_23:1, function_5",service_23,0.003
2025-06-03 11:32:09:819,service_9,package_3.package_6.package_5.interface_8.function_7,infrastructure,33cc2259-09d9-48f3-96dc-fee385fb67ba,fb2ace14-12e9-4149-a2d2-3d77cc9fb44b,"-> Client, 2970299:service_23:12, function_7 0.00027999328",service_23,0.003
2025-06-03 11:32:09:822,service_9,package_3.package_6.package_5.interface_8.function_8,infrastructure,33cc2259-09d9-48f3-96dc-fee385fb67ba,fb2ace14-12e9-4149-a2d2-3d77cc9fb44b,"-> Client, 2970299:service_23:12, function_8 0.000168014818",service_23,0.0
2025-06-03 11:32:09:824,service_9,package_3.package_6.package_5.interface_8.function_9,infrastructure,33cc2259-09d9-48f3-96dc-fee385fb67ba,fb2ace14-12e9-4149-a2d2-3d77cc9fb44b,"-> Client, 2970299:service_23:12, function_9 -0.00021000338",service_23,0.002
2025-06-03 11:32:09:826,service_9,package_3.package_6.package_5.interface_8.function_10,infrastructure,33cc2259-09d9-48f3-96dc-fee385fb67ba,fb2ace14-12e9-4149-a2d2-3d77cc9fb44b,"-> Client, 2970299:service_23:12, function_10 -0.104593124883517",service_23,0.0
2025-06-03 11:32:09:828,service_9,package_3.package_6.package_5.interface_8.function_11,infrastructure,33cc2259-09d9-48f3-96dc-fee385fb67ba,fb2ace14-12e9-4149-a2d2-3d77cc9fb44b,"-> Client, 2970299:service_23:12, function_11 0",service_23,0.001
2025-06-03 11:32:09:830,service_9,package_3.package_6.package_5.interface_9.function_12,infrastructure,33cc2259-09d9-48f3-96dc-fee385fb67ba,fb2ace14-12e9-4149-a2d2-3d77cc9fb44b,"-> Client, 2970299:service_23:13, function_12 2, object[id:2970299:service_23:12]",service_23,0.001
2025-06-03 11:32:09:835,service_7,package_3.package_5.interface_5.function_5,infrastructure,33cc2259-09d9-48f3-96dc-fee385fb67ba,fb2ace14-12e9-4149-a2d2-3d77cc9fb44b,"-> Client, 2970299:service_9:2, function_5",service_9,0.001
2025-06-03 11:32:09:836,service_7,package_3.package_5.interface_6.function_6,infrastructure,33cc2259-09d9-48f3-96dc-fee385fb67ba,fb2ace14-12e9-4149-a2d2-3d77cc9fb44b,"-> Client, 2970299:service_9:9, function_6 (Alpha:-0.0173267,Beta:0,X:0.000249993,Y:0.000138015,Z:1.99966e-05)",service_9,0.003
2025-06-03 11:32:09:839,service_7,package_3.package_5.interface_5.function_3,infrastructure,33cc2259-09d9-48f3-96dc-fee385fb67ba,fb2ace14-12e9-4149-a2d2-3d77cc9fb44b,"-> Client, 2970299:service_9:2, function_3 Exchange, (Pos_objectId:2970299:service_9:9,Temperature:300)",service_9,0.0
2025-06-03 11:32:09:843,service_21,package_3.interface_2.function_2,infrastructure,c58952a8-7047-4912-a97c-d3a0d153e291,e3530d56-e9a8-4d00-8c19-04d819aa70cc,"-> Client, 2970299:service_14:1, function_2",service_14,0.007
2025-06-03 11:32:09:966,service_9,package_3.package_6.package_5.interface_7.function_5,infrastructure,33cc2259-09d9-48f3-96dc-fee385fb67ba,fb2ace14-12e9-4149-a2d2-3d77cc9fb44b,"-> Client, 2970299:service_23:1, function_5",service_23,0.003
2025-06-03 11:32:09:969,service_9,package_3.package_6.package_5.interface_8.function_7,infrastructure,33cc2259-09d9-48f3-96dc-fee385fb67ba,fb2ace14-12e9-4149-a2d2-3d77cc9fb44b,"-> Client, 2970299:service_23:14, function_7 0.00024999328",service_23,0.003
2025-06-03 11:32:09:972,service_9,package_3.package_6.package_5.interface_8.function_8,infrastructure,33cc2259-09d9-48f3-96dc-fee385fb67ba,fb2ace14-12e9-4149-a2d2-3d77cc9fb44b,"-> Client, 2970299:service_23:14, function_8 0.000138014818",service_23,0.002
2025-06-03 11:32:09:975,service_9,package_3.package_6.package_5.interface_8.function_9,infrastructure,33cc2259-09d9-48f3-96dc-fee385fb67ba,fb2ace14-12e9-4149-a2d2-3d77cc9fb44b,"-> Client, 2970299:service_23:14, function_9 1.999662e-05",service_23,0.003
2025-06-03 11:32:09:978,service_9,package_3.package_6.package_5.interface_8.function_10,infrastructure,33cc2259-09d9-48f3-96dc-fee385fb67ba,fb2ace14-12e9-4149-a2d2-3d77cc9fb44b,"-> Client, 2970299:service_23:14, function_10 -0.0173266622838001",service_23,0.002
2025-06-03 11:32:09:980,service_9,package_3.package_6.package_5.interface_8.function_11,infrastructure,33cc2259-09d9-48f3-96dc-fee385fb67ba,fb2ace14-12e9-4149-a2d2-3d77cc9fb44b,"-> Client, 2970299:service_23:14, function_11 0",service_23,0.0
2025-06-03 11:32:09:988,service_9,package_3.package_6.package_5.interface_9.function_12,infrastructure,33cc2259-09d9-48f3-96dc-fee385fb67ba,fb2ace14-12e9-4149-a2d2-3d77cc9fb44b,"-> Client, 2970299:service_23:15, function_12 0, object[id:2970299:service_23:14]",service_23,0.003
2025-06-03 11:32:09:997,service_7,package_3.package_5.interface_5.function_5,infrastructure,33cc2259-09d9-48f3-96dc-fee385fb67ba,fb2ace14-12e9-4149-a2d2-3d77cc9fb44b,"-> Client, 2970299:service_9:2, function_5",service_9,0.003
2025-06-03 11:32:10:000,service_7,package_3.package_5.interface_6.function_6,infrastructure,33cc2259-09d9-48f3-96dc-fee385fb67ba,fb2ace14-12e9-4149-a2d2-3d77cc9fb44b,"-> Client, 2970299:service_9:10, function_6 (Alpha:-0.0173267,Beta:0,X:0.000249993,Y:-1.19852e-05,Z:1.99966e-05)",service_9,0.002
2025-06-03 11:32:10:002,service_7,package_3.package_5.interface_5.function_3,infrastructure,33cc2259-09d9-48f3-96dc-fee385fb67ba,fb2ace14-12e9-4149-a2d2-3d77cc9fb44b,"-> Client, 2970299:service_9:2, function_3 HighClamp, (Pos_objectId:2970299:service_9:10,Temperature:300)",service_9,0.152
2025-06-03 11:32:10:152,service_9,package_3.package_6.package_5.interface_7.function_5,infrastructure,33cc2259-09d9-48f3-96dc-fee385fb67ba,fb2ace14-12e9-4149-a2d2-3d77cc9fb44b,"-> Client, 2970299:service_23:1, function_5",service_23,0.002
2025-06-03 11:32:10:154,service_9,package_3.package_6.package_5.interface_8.function_7,infrastructure,33cc2259-09d9-48f3-96dc-fee385fb67ba,fb2ace14-12e9-4149-a2d2-3d77cc9fb44b,"-> Client, 2970299:service_23:16, function_7 0.00024999328",service_23,0.0
2025-06-03 11:32:10:156,service_9,package_3.package_6.package_5.interface_8.function_8,infrastructure,33cc2259-09d9-48f3-96dc-fee385fb67ba,fb2ace14-12e9-4149-a2d2-3d77cc9fb44b,"-> Client, 2970299:service_23:16, function_8 -1.1985182e-05",service_23,0.0
2025-06-03 11:32:10:158,service_9,package_3.package_6.package_5.interface_8.function_9,infrastructure,33cc2259-09d9-48f3-96dc-fee385fb67ba,fb2ace14-12e9-4149-a2d2-3d77cc9fb44b,"-> Client, 2970299:service_23:16, function_9 1.999662e-05",service_23,0.0
2025-06-03 11:32:10:159,service_9,package_3.package_6.package_5.interface_8.function_10,infrastructure,33cc2259-09d9-48f3-96dc-fee385fb67ba,fb2ace14-12e9-4149-a2d2-3d77cc9fb44b,"-> Client, 2970299:service_23:16, function_10 -0.0173266622838001",service_23,0.0
2025-06-03 11:32:10:160,service_9,package_3.package_6.package_5.interface_8.function_11,infrastructure,33cc2259-09d9-48f3-96dc-fee385fb67ba,fb2ace14-12e9-4149-a2d2-3d77cc9fb44b,"-> Client, 2970299:service_23:16, function_11 0",service_23,0.0
2025-06-03 11:32:10:163,service_9,package_3.package_6.package_5.interface_9.function_12,infrastructure,33cc2259-09d9-48f3-96dc-fee385fb67ba,fb2ace14-12e9-4149-a2d2-3d77cc9fb44b,"-> Client, 2970299:service_23:17, function_12 3, object[id:2970299:service_23:16]",service_23,0.001
2025-06-03 11:32:10:171,service_7,package_3.package_5.interface_5.function_5,infrastructure,33cc2259-09d9-48f3-96dc-fee385fb67ba,fb2ace14-12e9-4149-a2d2-3d77cc9fb44b,"-> Client, 2970299:service_9:2, function_5",service_9,0.002
2025-06-03 11:32:10:173,service_7,package_3.package_5.interface_6.function_6,infrastructure,33cc2259-09d9-48f3-96dc-fee385fb67ba,fb2ace14-12e9-4149-a2d2-3d77cc9fb44b,"-> Client, 2970299:service_9:11, function_6 (Alpha:-0.0173267,Beta:0,X:0.000249993,Y:-1.19852e-05,Z:-0.000180003)",service_9,0.002
2025-06-03 11:32:10:175,service_7,package_3.package_5.interface_5.function_3,infrastructure,33cc2259-09d9-48f3-96dc-fee385fb67ba,fb2ace14-12e9-4149-a2d2-3d77cc9fb44b,"-> Client, 2970299:service_9:2, function_3 LowClamp, (Pos_objectId:2970299:service_9:11,Temperature:300)",service_9,0.0
2025-06-03 11:32:10:325,service_9,package_3.package_6.package_5.interface_7.function_5,infrastructure,33cc2259-09d9-48f3-96dc-fee385fb67ba,fb2ace14-12e9-4149-a2d2-3d77cc9fb44b,"-> Client, 2970299:service_23:1, function_5",service_23,0.002
2025-06-03 11:32:10:327,service_9,package_3.package_6.package_5.interface_8.function_7,infrastructure,33cc2259-09d9-48f3-96dc-fee385fb67ba,fb2ace14-12e9-4149-a2d2-3d77cc9fb44b,"-> Client, 2970299:service_23:18, function_7 0.00024999328",service_23,0.0
2025-06-03 11:32:10:329,service_9,package_3.package_6.package_5.interface_8.function_8,infrastructure,33cc2259-09d9-48f3-96dc-fee385fb67ba,fb2ace14-12e9-4149-a2d2-3d77cc9fb44b,"-> Client, 2970299:service_23:18, function_8 -1.1985182e-05",service_23,0.001
2025-06-03 11:32:10:330,service_9,package_3.package_6.package_5.interface_8.function_9,infrastructure,33cc2259-09d9-48f3-96dc-fee385fb67ba,fb2ace14-12e9-4149-a2d2-3d77cc9fb44b,"-> Client, 2970299:service_23:18, function_9 -0.00018000338",service_23,0.001
2025-06-03 11:32:10:331,service_9,package_3.package_6.package_5.interface_8.function_10,infrastructure,33cc2259-09d9-48f3-96dc-fee385fb67ba,fb2ace14-12e9-4149-a2d2-3d77cc9fb44b,"-> Client, 2970299:service_23:18, function_10 -0.0173266622838001",service_23,0.0
2025-06-03 11:32:10:333,service_9,package_3.package_6.package_5.interface_8.function_11,infrastructure,33cc2259-09d9-48f3-96dc-fee385fb67ba,fb2ace14-12e9-4149-a2d2-3d77cc9fb44b,"-> Client, 2970299:service_23:18, function_11 0",service_23,0.0
2025-06-03 11:32:10:335,service_9,package_3.package_6.package_5.interface_9.function_12,infrastructure,33cc2259-09d9-48f3-96dc-fee385fb67ba,fb2ace14-12e9-4149-a2d2-3d77cc9fb44b,"-> Client, 2970299:service_23:19, function_12 4, object[id:2970299:service_23:18]",service_23,0.002
2025-06-03 11:32:10:342,service_7,package_3.package_5.interface_5.function_5,infrastructure,33cc2259-09d9-48f3-96dc-fee385fb67ba,fb2ace14-12e9-4149-a2d2-3d77cc9fb44b,"-> Client, 2970299:service_9:2, function_5",service_9,0.002
2025-06-03 11:32:10:344,service_7,package_3.package_5.interface_6.function_6,infrastructure,33cc2259-09d9-48f3-96dc-fee385fb67ba,fb2ace14-12e9-4149-a2d2-3d77cc9fb44b,"-> Client, 2970299:service_9:12, function_6 (Alpha:0,Beta:0,X:0,Y:0,Z:0)",service_9,0.0
2025-06-03 11:32:10:346,service_7,package_3.package_5.interface_5.function_3,infrastructure,33cc2259-09d9-48f3-96dc-fee385fb67ba,fb2ace14-12e9-4149-a2d2-3d77cc9fb44b,"-> Client, 2970299:service_9:2, function_3 PostLoad, (Pos_objectId:2970299:service_9:12,Temperature:300)",service_9,0.151
2025-06-03 11:32:10:495,service_9,package_3.package_6.package_5.interface_7.function_5,infrastructure,33cc2259-09d9-48f3-96dc-fee385fb67ba,fb2ace14-12e9-4149-a2d2-3d77cc9fb44b,"-> Client, 2970299:service_23:1, function_5",service_23,0.002
2025-06-03 11:32:10:497,service_9,package_3.package_6.package_5.interface_8.function_7,infrastructure,33cc2259-09d9-48f3-96dc-fee385fb67ba,fb2ace14-12e9-4149-a2d2-3d77cc9fb44b,"-> Client, 2970299:service_23:20, function_7 0",service_23,0.0
2025-06-03 11:32:10:499,service_9,package_3.package_6.package_5.interface_8.function_8,infrastructure,33cc2259-09d9-48f3-96dc-fee385fb67ba,fb2ace14-12e9-4149-a2d2-3d77cc9fb44b,"-> Client, 2970299:service_23:20, function_8 0",service_23,0.003
2025-06-03 11:32:10:502,service_9,package_3.package_6.package_5.interface_8.function_9,infrastructure,33cc2259-09d9-48f3-96dc-fee385fb67ba,fb2ace14-12e9-4149-a2d2-3d77cc9fb44b,"-> Client, 2970299:service_23:20, function_9 0",service_23,0.002
2025-06-03 11:32:10:504,service_9,package_3.package_6.package_5.interface_8.function_10,infrastructure,33cc2259-09d9-48f3-96dc-fee385fb67ba,fb2ace14-12e9-4149-a2d2-3d77cc9fb44b,"-> Client, 2970299:service_23:20, function_10 0",service_23,0.002
2025-06-03 11:32:10:506,service_9,package_3.package_6.package_5.interface_8.function_11,infrastructure,33cc2259-09d9-48f3-96dc-fee385fb67ba,fb2ace14-12e9-4149-a2d2-3d77cc9fb44b,"-> Client, 2970299:service_23:20, function_11 0",service_23,0.0
2025-06-03 11:32:10:510,service_9,package_3.package_6.package_5.interface_9.function_12,infrastructure,33cc2259-09d9-48f3-96dc-fee385fb67ba,fb2ace14-12e9-4149-a2d2-3d77cc9fb44b,"-> Client, 2970299:service_23:21, function_12 1, object[id:2970299:service_23:20]",service_23,0.002
2025-06-03 11:32:10:542,service_21,package_3.interface_2.function_2,infrastructure,ae7096ff-0ba2-4b9c-be9b-30edc0c2ecce,a3dd9882-2999-48cd-be52-864b9c57b7af,"-> Client, 2970299:service_14:1, function_2",service_14,0.011
2025-06-03 11:32:11:038,service_21,package_3.interface_2.function_2,infrastructure,532f5b73-e84b-4338-94bf-d458e7cff038,bca7a13a-566f-46d0-b018-15fb298a3d62,"-> Client, 2970299:service_14:1, function_2",service_14,0.009
2025-06-03 11:32:15:388,service_21,package_3.package_4.interface_10.function_13,infrastructure,9bbb3b04-3bad-4335-8953-40b9bd5857ec,486ac470-b845-45c5-82fb-c8a924a87dfe,"-> Client, 2970299:service_3:5, function_13",service_3,0.104
2025-06-03 11:32:15:481,service_21,package_3.interface_2.function_2,infrastructure,-,-,"-> Client, 2970299:service_14:1, function_2",service_14,0.011
2025-06-03 11:32:15:594,service_3,package_1.package_7.package_8.package_9.interface_11.function_14,infrastructure,9bbb3b04-3bad-4335-8953-40b9bd5857ec,486ac470-b845-45c5-82fb-c8a924a87dfe,"-> Client, 2970299:service_4:3, function_14 128",service_4,0.002
2025-06-03 11:32:15:602,service_3,package_1.package_7.package_8.package_9.interface_11.function_14,infrastructure,9bbb3b04-3bad-4335-8953-40b9bd5857ec,486ac470-b845-45c5-82fb-c8a924a87dfe,"-> Client, 2970299:service_4:3, function_14 128",service_4,0.002
2025-06-03 11:32:15:607,service_3,package_1.package_7.package_8.package_9.interface_12.function_15,infrastructure,9bbb3b04-3bad-4335-8953-40b9bd5857ec,486ac470-b845-45c5-82fb-c8a924a87dfe,"-> Client, 2970299:service_4:1, function_15 2",service_4,0.002
2025-06-03 11:32:15:618,service_3,package_1.package_7.package_8.package_9.interface_12.function_16,infrastructure,9bbb3b04-3bad-4335-8953-40b9bd5857ec,486ac470-b845-45c5-82fb-c8a924a87dfe,"-> Client, 2970299:service_4:1, function_16",service_4,0.002
2025-06-03 11:32:15:622,service_3,package_1.package_7.package_8.package_9.interface_11.function_17,infrastructure,9bbb3b04-3bad-4335-8953-40b9bd5857ec,486ac470-b845-45c5-82fb-c8a924a87dfe,"-> Client, 2970299:service_4:3, function_17",service_4,0.002
2025-06-03 11:32:15:623,service_4,package_3.package_10.interface_13.function_18,infrastructure,9bbb3b04-3bad-4335-8953-40b9bd5857ec,486ac470-b845-45c5-82fb-c8a924a87dfe,"-> Client, 2970299:service_8:2, function_18",service_8,0.001
2025-06-03 11:32:15:625,service_3,package_1.package_7.package_8.package_9.interface_11.function_13,infrastructure,9bbb3b04-3bad-4335-8953-40b9bd5857ec,486ac470-b845-45c5-82fb-c8a924a87dfe,"-> Client, 2970299:service_4:3, function_13",service_4,0.002
2025-06-03 11:32:15:626,service_4,package_3.package_10.interface_13.function_19,infrastructure,9bbb3b04-3bad-4335-8953-40b9bd5857ec,486ac470-b845-45c5-82fb-c8a924a87dfe,"-> Client, 2970299:service_8:2, function_19",service_8,0.001
2025-06-03 11:32:15:630,service_3,package_1.package_7.package_8.package_9.interface_11.function_20,infrastructure,9bbb3b04-3bad-4335-8953-40b9bd5857ec,486ac470-b845-45c5-82fb-c8a924a87dfe,"-> Client, 2970299:service_4:3, function_20",service_4,0.001
2025-06-03 11:32:15:631,service_3,package_1.package_7.package_8.package_9.interface_11.function_21,infrastructure,9bbb3b04-3bad-4335-8953-40b9bd5857ec,486ac470-b845-45c5-82fb-c8a924a87dfe,"-> Client, 2970299:service_4:3, function_21",service_4,0.0
2025-06-03 11:32:15:633,service_3,package_1.package_7.package_8.package_9.interface_14.function_22,infrastructure,9bbb3b04-3bad-4335-8953-40b9bd5857ec,486ac470-b845-45c5-82fb-c8a924a87dfe,"-> Client, 2970299:service_4:35, function_22 Z",service_4,0.0
2025-06-03 11:32:15:639,service_21,package_3.package_4.interface_15.function_13,infrastructure,9bbb3b04-3bad-4335-8953-40b9bd5857ec,486ac470-b845-45c5-82fb-c8a924a87dfe,"-> Client, 2970299:service_3:4, function_13",service_3,0.09
2025-06-03 11:32:15:719,service_21,package_3.interface_2.function_2,infrastructure,-,-,"-> Client, 2970299:service_14:1, function_2",service_14,0.01
2025-06-03 11:32:15:829,service_3,package_1.package_7.package_8.package_9.interface_11.function_14,infrastructure,9bbb3b04-3bad-4335-8953-40b9bd5857ec,486ac470-b845-45c5-82fb-c8a924a87dfe,"-> Client, 2970299:service_4:3, function_14 128",service_4,0.001
2025-06-03 11:32:15:835,service_3,package_1.package_7.package_8.package_9.interface_11.function_14,infrastructure,9bbb3b04-3bad-4335-8953-40b9bd5857ec,486ac470-b845-45c5-82fb-c8a924a87dfe,"-> Client, 2970299:service_4:3, function_14 128",service_4,0.002
2025-06-03 11:32:15:838,service_3,package_1.package_7.package_8.package_9.interface_12.function_15,infrastructure,9bbb3b04-3bad-4335-8953-40b9bd5857ec,486ac470-b845-45c5-82fb-c8a924a87dfe,"-> Client, 2970299:service_4:1, function_15 3",service_4,0.002
2025-06-03 11:32:15:846,service_3,package_1.package_7.package_8.package_9.interface_12.function_16,infrastructure,9bbb3b04-3bad-4335-8953-40b9bd5857ec,486ac470-b845-45c5-82fb-c8a924a87dfe,"-> Client, 2970299:service_4:1, function_16",service_4,0.001
2025-06-03 11:32:15:849,service_3,package_1.package_7.package_8.package_9.interface_11.function_17,infrastructure,9bbb3b04-3bad-4335-8953-40b9bd5857ec,486ac470-b845-45c5-82fb-c8a924a87dfe,"-> Client, 2970299:service_4:3, function_17",service_4,0.003
2025-06-03 11:32:15:850,service_4,package_3.package_10.interface_13.function_18,infrastructure,9bbb3b04-3bad-4335-8953-40b9bd5857ec,486ac470-b845-45c5-82fb-c8a924a87dfe,"-> Client, 2970299:service_8:2, function_18",service_8,0.002
2025-06-03 11:32:15:853,service_3,package_1.package_7.package_8.package_9.interface_11.function_13,infrastructure,9bbb3b04-3bad-4335-8953-40b9bd5857ec,486ac470-b845-45c5-82fb-c8a924a87dfe,"-> Client, 2970299:service_4:3, function_13",service_4,0.004
2025-06-03 11:32:15:855,service_4,package_3.package_10.interface_13.function_19,infrastructure,9bbb3b04-3bad-4335-8953-40b9bd5857ec,486ac470-b845-45c5-82fb-c8a924a87dfe,"-> Client, 2970299:service_8:2, function_19",service_8,0.002
2025-06-03 11:32:15:860,service_3,package_1.package_7.package_8.package_9.interface_11.function_20,infrastructure,9bbb3b04-3bad-4335-8953-40b9bd5857ec,486ac470-b845-45c5-82fb-c8a924a87dfe,"-> Client, 2970299:service_4:3, function_20",service_4,0.001
2025-06-03 11:32:15:862,service_3,package_1.package_7.package_8.package_9.interface_11.function_21,infrastructure,9bbb3b04-3bad-4335-8953-40b9bd5857ec,486ac470-b845-45c5-82fb-c8a924a87dfe,"-> Client, 2970299:service_4:3, function_21",service_4,0.001
2025-06-03 11:32:15:863,service_3,package_1.package_7.package_8.package_9.interface_14.function_22,infrastructure,9bbb3b04-3bad-4335-8953-40b9bd5857ec,486ac470-b845-45c5-82fb-c8a924a87dfe,"-> Client, 2970299:service_4:42, function_22 X",service_4,0.0
2025-06-03 11:32:15:874,service_21,package_3.package_4.interface_15.function_23,infrastructure,9bbb3b04-3bad-4335-8953-40b9bd5857ec,486ac470-b845-45c5-82fb-c8a924a87dfe,"-> Client, 2970299:service_3:4, function_23 Park",service_3,0.382
2025-06-03 11:32:16:254,service_17,package_1.package_2.interface_1.function_1,infrastructure,-,-,"-> Client, 2970299:service_19:34, function_1 3",service_19,0.002
2025-06-03 11:32:16:254,service_12,package_1.package_2.interface_1.function_1,infrastructure,-,-,"-> Client, 2970299:service_18:114, function_1 3",service_18,0.002
2025-06-03 11:32:16:310,service_3,package_1.package_7.package_8.package_9.interface_16.function_3,infrastructure,9bbb3b04-3bad-4335-8953-40b9bd5857ec,486ac470-b845-45c5-82fb-c8a924a87dfe,"-> Client, 2970299:service_4:41, function_3 X, 0",service_4,0.004
2025-06-03 11:32:16:318,service_3,package_1.package_7.package_8.package_9.interface_17.function_24,infrastructure,9bbb3b04-3bad-4335-8953-40b9bd5857ec,486ac470-b845-45c5-82fb-c8a924a87dfe,"-> Client, 2970299:service_4:44, function_24",service_4,0.007
2025-06-03 11:32:16:321,service_4,package_3.package_10.interface_18.function_25,infrastructure,9bbb3b04-3bad-4335-8953-40b9bd5857ec,486ac470-b845-45c5-82fb-c8a924a87dfe,"-> Client, 2970299:service_8:3, function_25 (MoveCorrection:,MoveType:Absolute,Parameterfunction_1:,Position:0,Velocity:0)",service_8,0.004
2025-06-03 11:32:16:327,service_3,package_1.package_7.package_8.package_9.interface_17.function_26,infrastructure,9bbb3b04-3bad-4335-8953-40b9bd5857ec,486ac470-b845-45c5-82fb-c8a924a87dfe,"-> Client, 2970299:service_4:44, function_26 60",service_4,0.112
2025-06-03 11:32:16:328,service_4,package_3.package_10.interface_18.function_26,infrastructure,9bbb3b04-3bad-4335-8953-40b9bd5857ec,486ac470-b845-45c5-82fb-c8a924a87dfe,"-> Client, 2970299:service_8:3, function_26 60",service_8,0.111
2025-06-03 11:32:16:446,service_21,package_3.package_4.interface_19.function_27,infrastructure,9bbb3b04-3bad-4335-8953-40b9bd5857ec,486ac470-b845-45c5-82fb-c8a924a87dfe,"-> Client, 2970299:service_3:7, function_27",service_3,0.005
2025-06-03 11:32:16:447,service_3,package_1.package_2.interface_1.function_1,infrastructure,9bbb3b04-3bad-4335-8953-40b9bd5857ec,486ac470-b845-45c5-82fb-c8a924a87dfe,"-> Client, 2970299:service_18:225, function_1 2",service_18,0.004
2025-06-03 11:32:16:448,service_18,package_3.package_10.interface_13.function_28,infrastructure,9bbb3b04-3bad-4335-8953-40b9bd5857ec,486ac470-b845-45c5-82fb-c8a924a87dfe,"-> Client, 2970299:service_8:2, function_28",service_8,0.003
2025-06-03 11:32:16:472,service_21,package_3.package_4.interface_19.function_27,infrastructure,9bbb3b04-3bad-4335-8953-40b9bd5857ec,486ac470-b845-45c5-82fb-c8a924a87dfe,"-> Client, 2970299:service_3:6, function_27",service_3,0.005
2025-06-03 11:32:16:474,service_3,package_1.package_2.interface_1.function_1,infrastructure,9bbb3b04-3bad-4335-8953-40b9bd5857ec,486ac470-b845-45c5-82fb-c8a924a87dfe,"-> Client, 2970299:service_18:224, function_1 2",service_18,0.003
2025-06-03 11:32:16:475,service_18,package_3.package_10.interface_13.function_29,infrastructure,9bbb3b04-3bad-4335-8953-40b9bd5857ec,486ac470-b845-45c5-82fb-c8a924a87dfe,"-> Client, 2970299:service_8:2, function_29",service_8,0.002
2025-06-03 11:32:16:482,service_21,package_3.package_4.interface_20.function_30,infrastructure,9bbb3b04-3bad-4335-8953-40b9bd5857ec,486ac470-b845-45c5-82fb-c8a924a87dfe,"-> Client, 2970299:service_3:9, function_30",service_3,0.002
2025-06-03 11:32:16:485,service_21,package_3.package_4.interface_20.function_30,infrastructure,9bbb3b04-3bad-4335-8953-40b9bd5857ec,486ac470-b845-45c5-82fb-c8a924a87dfe,"-> Client, 2970299:service_3:8, function_30",service_3,0.004
2025-06-03 11:32:16:486,service_3,package_1.package_2.interface_1.function_1,infrastructure,9bbb3b04-3bad-4335-8953-40b9bd5857ec,486ac470-b845-45c5-82fb-c8a924a87dfe,"-> Client, 2970299:service_18:223, function_1 2",service_18,0.003
2025-06-03 11:32:16:487,service_18,package_3.package_10.interface_13.function_31,infrastructure,9bbb3b04-3bad-4335-8953-40b9bd5857ec,486ac470-b845-45c5-82fb-c8a924a87dfe,"-> Client, 2970299:service_8:2, function_31",service_8,0.002
2025-06-03 11:32:16:505,service_21,package_3.package_4.interface_10.function_23,infrastructure,9bbb3b04-3bad-4335-8953-40b9bd5857ec,486ac470-b845-45c5-82fb-c8a924a87dfe,"-> Client, 2970299:service_3:5, function_23 Park",service_3,0.005
2025-06-03 11:32:16:507,service_21,package_3.interface_21.function_32,infrastructure,-,-,"-> Client, 2970299:service_10:1, function_32 Unknown",service_10,0.003
2025-06-03 11:32:16:666,service_3,package_1.package_7.package_8.package_9.interface_16.function_3,infrastructure,9bbb3b04-3bad-4335-8953-40b9bd5857ec,486ac470-b845-45c5-82fb-c8a924a87dfe,"-> Client, 2970299:service_4:34, function_3 Z, 0",service_4,0.001
2025-06-03 11:32:16:669,service_3,package_1.package_7.package_8.package_9.interface_17.function_24,infrastructure,9bbb3b04-3bad-4335-8953-40b9bd5857ec,486ac470-b845-45c5-82fb-c8a924a87dfe,"-> Client, 2970299:service_4:45, function_24",service_4,0.004
2025-06-03 11:32:16:670,service_4,package_3.package_10.interface_18.function_25,infrastructure,9bbb3b04-3bad-4335-8953-40b9bd5857ec,486ac470-b845-45c5-82fb-c8a924a87dfe,"-> Client, 2970299:service_8:4, function_25 (MoveCorrection:,MoveType:Absolute,Parameterfunction_1:,Position:0,Velocity:0)",service_8,0.003
2025-06-03 11:32:16:673,service_4,package_3.package_10.interface_18.function_26,infrastructure,9bbb3b04-3bad-4335-8953-40b9bd5857ec,486ac470-b845-45c5-82fb-c8a924a87dfe,"-> Client, 2970299:service_8:4, function_26 60",service_8,0.122
2025-06-03 11:32:16:673,service_3,package_1.package_7.package_8.package_9.interface_17.function_26,infrastructure,9bbb3b04-3bad-4335-8953-40b9bd5857ec,486ac470-b845-45c5-82fb-c8a924a87dfe,"-> Client, 2970299:service_4:45, function_26 60",service_4,0.122
2025-06-03 11:32:16:807,service_21,package_3.package_4.interface_15.function_23,infrastructure,9bbb3b04-3bad-4335-8953-40b9bd5857ec,486ac470-b845-45c5-82fb-c8a924a87dfe,"-> Client, 2970299:service_3:4, function_23 Park",service_3,0.375
2025-06-03 11:32:17:180,service_3,package_1.package_7.package_8.package_9.interface_16.function_3,infrastructure,9bbb3b04-3bad-4335-8953-40b9bd5857ec,486ac470-b845-45c5-82fb-c8a924a87dfe,"-> Client, 2970299:service_4:41, function_3 X, 0",service_4,0.002
2025-06-03 11:32:17:183,service_3,package_1.package_7.package_8.package_9.interface_17.function_24,infrastructure,9bbb3b04-3bad-4335-8953-40b9bd5857ec,486ac470-b845-45c5-82fb-c8a924a87dfe,"-> Client, 2970299:service_4:46, function_24",service_4,0.003
2025-06-03 11:32:17:184,service_4,package_3.package_10.interface_18.function_25,infrastructure,9bbb3b04-3bad-4335-8953-40b9bd5857ec,486ac470-b845-45c5-82fb-c8a924a87dfe,"-> Client, 2970299:service_8:3, function_25 (MoveCorrection:,MoveType:Absolute,Parameterfunction_1:,Position:0,Velocity:0)",service_8,0.002
2025-06-03 11:32:17:187,service_3,package_1.package_7.package_8.package_9.interface_17.function_26,infrastructure,9bbb3b04-3bad-4335-8953-40b9bd5857ec,486ac470-b845-45c5-82fb-c8a924a87dfe,"-> Client, 2970299:service_4:46, function_26 60",service_4,0.119
2025-06-03 11:32:17:188,service_4,package_3.package_10.interface_18.function_26,infrastructure,9bbb3b04-3bad-4335-8953-40b9bd5857ec,486ac470-b845-45c5-82fb-c8a924a87dfe,"-> Client, 2970299:service_8:3, function_26 60",service_8,0.118
2025-06-03 11:32:17:313,service_21,package_3.package_4.interface_22.function_33,infrastructure,9bbb3b04-3bad-4335-8953-40b9bd5857ec,486ac470-b845-45c5-82fb-c8a924a87dfe,"-> Client, 2970299:service_3:2, function_33",service_3,0.0
2025-06-03 11:32:17:314,service_18,package_3.package_10.interface_13.function_33,infrastructure,9bbb3b04-3bad-4335-8953-40b9bd5857ec,486ac470-b845-45c5-82fb-c8a924a87dfe,"-> Client, 2970299:service_8:2, function_33",service_8,0.002
2025-06-03 11:32:17:314,service_3,package_1.package_2.interface_1.function_1,infrastructure,9bbb3b04-3bad-4335-8953-40b9bd5857ec,486ac470-b845-45c5-82fb-c8a924a87dfe,"-> Client, 2970299:service_18:226, function_1 2",service_18,0.002
2025-06-03 11:32:17:519,service_21,package_3.package_4.interface_20.function_34,infrastructure,9bbb3b04-3bad-4335-8953-40b9bd5857ec,486ac470-b845-45c5-82fb-c8a924a87dfe,"-> Client, 2970299:service_3:9, function_34",service_3,0.003
2025-06-03 11:32:17:522,service_21,package_3.package_4.interface_20.function_35,infrastructure,9bbb3b04-3bad-4335-8953-40b9bd5857ec,486ac470-b845-45c5-82fb-c8a924a87dfe,"-> Client, 2970299:service_3:9, function_35",service_3,0.002
2025-06-03 11:32:17:528,service_21,package_3.interface_21.function_32,infrastructure,9bbb3b04-3bad-4335-8953-40b9bd5857ec,486ac470-b845-45c5-82fb-c8a924a87dfe,"-> Client, 2970299:service_10:1, function_32 NotPresent",service_10,0.005
2025-06-03 11:32:34:837,service_7,package_3.package_10.interface_23.function_36,infrastructure,1e2abe24-ae69-4847-894f-b24cf294b254,35f9bace-7f64-4e15-9d35-b875d80e1e26,"-> Client, 2970299:service_8:45, function_36 list[size:12]",service_8,0.003
2025-06-03 11:32:36:262,service_17,package_1.package_2.interface_1.function_1,infrastructure,-,-,"-> Client, 2970299:service_19:34, function_1 3",service_19,0.002
2025-06-03 11:32:36:263,service_12,package_1.package_2.interface_1.function_1,infrastructure,-,-,"-> Client, 2970299:service_18:114, function_1 3",service_18,0.001
2025-06-03 11:32:47:821,service_21,package_3.interface_7.function_37,infrastructure,415cfeeb-afe8-4528-bd46-7fb05c18988c,5e7c29cb-bb18-4b8a-be7c-53fda7cac136,"-> Client, 2970299:service_9:1, function_37",service_9,0.004
2025-06-03 11:32:47:822,service_9,package_3.package_6.package_5.interface_7.function_38,infrastructure,415cfeeb-afe8-4528-bd46-7fb05c18988c,5e7c29cb-bb18-4b8a-be7c-53fda7cac136,"-> Client, 2970299:service_23:1, function_38 ATemStage",service_23,0.003
2025-06-03 11:32:47:823,service_23,package_3.package_10.interface_24.function_37,infrastructure,415cfeeb-afe8-4528-bd46-7fb05c18988c,5e7c29cb-bb18-4b8a-be7c-53fda7cac136,"-> Client, 2970299:service_8:42, function_37",service_8,0.002
2025-06-03 11:32:48:827,service_21,package_3.package_4.interface_5.function_39,infrastructure,415cfeeb-afe8-4528-bd46-7fb05c18988c,5e7c29cb-bb18-4b8a-be7c-53fda7cac136,"-> Client, 2970299:service_3:1, function_39",service_3,0.003
2025-06-03 11:32:48:828,service_3,package_1.package_2.interface_1.function_1,infrastructure,415cfeeb-afe8-4528-bd46-7fb05c18988c,5e7c29cb-bb18-4b8a-be7c-53fda7cac136,"-> Client, 2970299:service_18:222, function_1 1",service_18,0.002
2025-06-03 11:32:48:843,service_21,package_3.package_4.interface_3.function_40,infrastructure,415cfeeb-afe8-4528-bd46-7fb05c18988c,5e7c29cb-bb18-4b8a-be7c-53fda7cac136,"-> Client, 2970299:service_3:4, function_40 0.0035",service_3,0.004
2025-06-03 11:32:48:845,service_3,package_1.package_7.package_8.package_9.interface_16.function_3,infrastructure,415cfeeb-afe8-4528-bd46-7fb05c18988c,5e7c29cb-bb18-4b8a-be7c-53fda7cac136,"-> Client, 2970299:service_4:41, function_3 X, 0.0035",service_4,0.002
2025-06-03 11:32:48:849,service_3,package_1.package_7.package_8.package_9.interface_17.function_24,infrastructure,415cfeeb-afe8-4528-bd46-7fb05c18988c,5e7c29cb-bb18-4b8a-be7c-53fda7cac136,"-> Client, 2970299:service_4:47, function_24",service_4,0.004
2025-06-03 11:32:48:850,service_4,package_3.package_10.interface_18.function_25,infrastructure,415cfeeb-afe8-4528-bd46-7fb05c18988c,5e7c29cb-bb18-4b8a-be7c-53fda7cac136,"-> Client, 2970299:service_8:3, function_25 (MoveCorrection:,MoveType:Absolute,Parameterfunction_1:,Position:0.0035,Velocity:0)",service_8,0.003
2025-06-03 11:32:48:855,service_3,package_1.package_7.package_8.package_9.interface_17.function_26,infrastructure,415cfeeb-afe8-4528-bd46-7fb05c18988c,5e7c29cb-bb18-4b8a-be7c-53fda7cac136,"-> Client, 2970299:service_4:47, function_26 60",service_4,0.115
2025-06-03 11:32:48:856,service_4,package_3.package_10.interface_18.function_26,infrastructure,415cfeeb-afe8-4528-bd46-7fb05c18988c,5e7c29cb-bb18-4b8a-be7c-53fda7cac136,"-> Client, 2970299:service_8:3, function_26 60",service_8,0.114
2025-06-03 11:32:48:984,service_21,package_3.interface_21.function_41,infrastructure,415cfeeb-afe8-4528-bd46-7fb05c18988c,5e7c29cb-bb18-4b8a-be7c-53fda7cac136,"-> Client, 2970299:service_10:1, function_41 CartridgeGripperIcingSuspected",service_10,0.003
2025-06-03 11:32:48:991,service_21,package_3.package_4.interface_25.function_42,infrastructure,415cfeeb-afe8-4528-bd46-7fb05c18988c,5e7c29cb-bb18-4b8a-be7c-53fda7cac136,"-> Client, 2970299:service_3:13, function_42",service_3,0.004
2025-06-03 11:32:48:993,service_3,package_1.package_2.interface_1.function_1,infrastructure,415cfeeb-afe8-4528-bd46-7fb05c18988c,5e7c29cb-bb18-4b8a-be7c-53fda7cac136,"-> Client, 2970299:service_18:222, function_1 2",service_18,0.002
2025-06-03 11:32:49:006,service_21,package_3.package_4.interface_15.function_23,infrastructure,415cfeeb-afe8-4528-bd46-7fb05c18988c,5e7c29cb-bb18-4b8a-be7c-53fda7cac136,"-> Client, 2970299:service_3:4, function_23 Park",service_3,0.249
2025-06-03 11:32:49:253,service_3,package_1.package_7.package_8.package_9.interface_16.function_3,infrastructure,415cfeeb-afe8-4528-bd46-7fb05c18988c,5e7c29cb-bb18-4b8a-be7c-53fda7cac136,"-> Client, 2970299:service_4:41, function_3 X, 0",service_4,0.002
2025-06-03 11:32:49:256,service_3,package_1.package_7.package_8.package_9.interface_17.function_24,infrastructure,415cfeeb-afe8-4528-bd46-7fb05c18988c,5e7c29cb-bb18-4b8a-be7c-53fda7cac136,"-> Client, 2970299:service_4:48, function_24",service_4,0.003
2025-06-03 11:32:49:257,service_4,package_3.package_10.interface_18.function_25,infrastructure,415cfeeb-afe8-4528-bd46-7fb05c18988c,5e7c29cb-bb18-4b8a-be7c-53fda7cac136,"-> Client, 2970299:service_8:3, function_25 (MoveCorrection:,MoveType:Absolute,Parameterfunction_1:,Position:0,Velocity:0)",service_8,0.002
2025-06-03 11:32:49:259,service_3,package_1.package_7.package_8.package_9.interface_17.function_26,infrastructure,415cfeeb-afe8-4528-bd46-7fb05c18988c,5e7c29cb-bb18-4b8a-be7c-53fda7cac136,"-> Client, 2970299:service_4:48, function_26 60",service_4,0.0
2025-06-03 11:32:49:260,service_4,package_3.package_10.interface_18.function_26,infrastructure,415cfeeb-afe8-4528-bd46-7fb05c18988c,5e7c29cb-bb18-4b8a-be7c-53fda7cac136,"-> Client, 2970299:service_8:3, function_26 60",service_8,0.114
2025-06-03 11:32:49:384,service_21,package_3.package_4.interface_10.function_23,infrastructure,415cfeeb-afe8-4528-bd46-7fb05c18988c,5e7c29cb-bb18-4b8a-be7c-53fda7cac136,"-> Client, 2970299:service_3:5, function_23 Slot6",service_3,0.006
2025-06-03 11:32:49:386,service_21,package_3.interface_21.function_32,infrastructure,-,-,"-> Client, 2970299:service_10:1, function_32 Unknown",service_10,0.004
2025-06-03 11:32:49:587,service_3,package_1.package_7.package_8.package_9.interface_16.function_3,infrastructure,415cfeeb-afe8-4528-bd46-7fb05c18988c,5e7c29cb-bb18-4b8a-be7c-53fda7cac136,"-> Client, 2970299:service_4:34, function_3 Z, 0.022999999999999996",service_4,0.003
2025-06-03 11:32:49:592,service_3,package_1.package_7.package_8.package_9.interface_17.function_24,infrastructure,415cfeeb-afe8-4528-bd46-7fb05c18988c,5e7c29cb-bb18-4b8a-be7c-53fda7cac136,"-> Client, 2970299:service_4:49, function_24",service_4,0.004
2025-06-03 11:32:49:594,service_4,package_3.package_10.interface_18.function_25,infrastructure,415cfeeb-afe8-4528-bd46-7fb05c18988c,5e7c29cb-bb18-4b8a-be7c-53fda7cac136,"-> Client, 2970299:service_8:4, function_25 (MoveCorrection:,MoveType:Absolute,Parameterfunction_1:,Position:0.023,Velocity:0)",service_8,0.002
2025-06-03 11:32:49:597,service_3,package_1.package_7.package_8.package_9.interface_17.function_26,infrastructure,415cfeeb-afe8-4528-bd46-7fb05c18988c,5e7c29cb-bb18-4b8a-be7c-53fda7cac136,"-> Client, 2970299:service_4:49, function_26 60",service_4,0.0
2025-06-03 11:32:49:598,service_4,package_3.package_10.interface_18.function_26,infrastructure,415cfeeb-afe8-4528-bd46-7fb05c18988c,5e7c29cb-bb18-4b8a-be7c-53fda7cac136,"-> Client, 2970299:service_8:4, function_26 60",service_8,0.113
2025-06-03 11:32:49:919,service_21,package_3.package_4.interface_20.function_34,infrastructure,415cfeeb-afe8-4528-bd46-7fb05c18988c,5e7c29cb-bb18-4b8a-be7c-53fda7cac136,"-> Client, 2970299:service_3:9, function_34",service_3,0.002
2025-06-03 11:32:49:921,service_21,package_3.package_4.interface_20.function_35,infrastructure,415cfeeb-afe8-4528-bd46-7fb05c18988c,5e7c29cb-bb18-4b8a-be7c-53fda7cac136,"-> Client, 2970299:service_3:9, function_35",service_3,0.002
2025-06-03 11:32:49:928,service_21,package_3.interface_21.function_32,infrastructure,415cfeeb-afe8-4528-bd46-7fb05c18988c,5e7c29cb-bb18-4b8a-be7c-53fda7cac136,"-> Client, 2970299:service_10:1, function_32 Present",service_10,0.004
2025-06-03 11:32:49:932,service_21,package_3.interface_21.function_43,infrastructure,415cfeeb-afe8-4528-bd46-7fb05c18988c,5e7c29cb-bb18-4b8a-be7c-53fda7cac136,"-> Client, 2970299:service_10:1, function_43 Unknown",service_10,0.003
2025-06-03 11:32:49:935,service_21,package_3.package_4.interface_22.function_44,infrastructure,415cfeeb-afe8-4528-bd46-7fb05c18988c,5e7c29cb-bb18-4b8a-be7c-53fda7cac136,"-> Client, 2970299:service_3:2, function_44",service_3,0.006
2025-06-03 11:32:49:937,service_3,package_1.package_2.interface_1.function_1,infrastructure,415cfeeb-afe8-4528-bd46-7fb05c18988c,5e7c29cb-bb18-4b8a-be7c-53fda7cac136,"-> Client, 2970299:service_18:226, function_1 1",service_18,0.004
2025-06-03 11:32:49:938,service_18,package_3.package_10.interface_13.function_44,infrastructure,415cfeeb-afe8-4528-bd46-7fb05c18988c,5e7c29cb-bb18-4b8a-be7c-53fda7cac136,"-> Client, 2970299:service_8:2, function_44",service_8,0.003
2025-06-03 11:32:49:946,service_21,package_3.interface_21.function_43,infrastructure,-,-,"-> Client, 2970299:service_10:1, function_43 Unknown",service_10,0.002
2025-06-03 11:32:49:949,service_21,package_3.interface_21.function_43,infrastructure,-,-,"-> Client, 2970299:service_10:1, function_43 Unknown",service_10,0.001
2025-06-03 11:32:49:962,service_21,package_3.interface_21.function_43,infrastructure,-,-,"-> Client, 2970299:service_10:1, function_43 Unknown",service_10,0.002
2025-06-03 11:32:49:964,service_21,package_3.package_4.interface_10.function_23,infrastructure,415cfeeb-afe8-4528-bd46-7fb05c18988c,5e7c29cb-bb18-4b8a-be7c-53fda7cac136,"-> Client, 2970299:service_3:5, function_23 Park",service_3,0.0
2025-06-03 11:32:49:966,service_21,package_3.interface_21.function_32,infrastructure,-,-,"-> Client, 2970299:service_10:1, function_32 Unknown",service_10,0.003
2025-06-03 11:32:50:079,service_3,package_1.package_7.package_8.package_9.interface_16.function_3,infrastructure,415cfeeb-afe8-4528-bd46-7fb05c18988c,5e7c29cb-bb18-4b8a-be7c-53fda7cac136,"-> Client, 2970299:service_4:34, function_3 Z, 0",service_4,0.003
2025-06-03 11:32:50:086,service_3,package_1.package_7.package_8.package_9.interface_17.function_24,infrastructure,415cfeeb-afe8-4528-bd46-7fb05c18988c,5e7c29cb-bb18-4b8a-be7c-53fda7cac136,"-> Client, 2970299:service_4:50, function_24",service_4,0.005
2025-06-03 11:32:50:087,service_4,package_3.package_10.interface_18.function_25,infrastructure,415cfeeb-afe8-4528-bd46-7fb05c18988c,5e7c29cb-bb18-4b8a-be7c-53fda7cac136,"-> Client, 2970299:service_8:4, function_25 (MoveCorrection:,MoveType:Absolute,Parameterfunction_1:,Position:0,Velocity:0)",service_8,0.004
2025-06-03 11:32:50:093,service_3,package_1.package_7.package_8.package_9.interface_17.function_26,infrastructure,415cfeeb-afe8-4528-bd46-7fb05c18988c,5e7c29cb-bb18-4b8a-be7c-53fda7cac136,"-> Client, 2970299:service_4:50, function_26 60",service_4,0.114
2025-06-03 11:32:50:094,service_4,package_3.package_10.interface_18.function_26,infrastructure,415cfeeb-afe8-4528-bd46-7fb05c18988c,5e7c29cb-bb18-4b8a-be7c-53fda7cac136,"-> Client, 2970299:service_8:4, function_26 60",service_8,0.113
2025-06-03 11:32:50:338,service_21,package_3.package_4.interface_20.function_34,infrastructure,415cfeeb-afe8-4528-bd46-7fb05c18988c,5e7c29cb-bb18-4b8a-be7c-53fda7cac136,"-> Client, 2970299:service_3:9, function_34",service_3,0.002
2025-06-03 11:32:50:341,service_21,package_3.package_4.interface_20.function_35,infrastructure,415cfeeb-afe8-4528-bd46-7fb05c18988c,5e7c29cb-bb18-4b8a-be7c-53fda7cac136,"-> Client, 2970299:service_3:9, function_35",service_3,0.002
2025-06-03 11:32:50:347,service_21,package_3.interface_21.function_32,infrastructure,415cfeeb-afe8-4528-bd46-7fb05c18988c,5e7c29cb-bb18-4b8a-be7c-53fda7cac136,"-> Client, 2970299:service_10:1, function_32 Present",service_10,0.003
2025-06-03 11:32:50:353,service_21,package_3.interface_2.function_45,infrastructure,415cfeeb-afe8-4528-bd46-7fb05c18988c,5e7c29cb-bb18-4b8a-be7c-53fda7cac136,"-> Client, 2970299:service_14:1, function_45",service_14,0.002
2025-06-03 11:32:50:355,service_21,package_3.interface_26.function_24,infrastructure,415cfeeb-afe8-4528-bd46-7fb05c18988c,5e7c29cb-bb18-4b8a-be7c-53fda7cac136,"-> Client, 2970299:service_14:31, function_24",service_14,0.031
2025-06-03 11:32:50:384,service_14,package_3.package_6.package_11.package_12.interface_27.function_46,infrastructure,415cfeeb-afe8-4528-bd46-7fb05c18988c,5e7c29cb-bb18-4b8a-be7c-53fda7cac136,"-> Client, 2970299:service_22:1, function_46",service_22,0.002
2025-06-03 11:32:51:301,service_14,package_3.package_11.package_13.interface_28.function_47,infrastructure,-,-,"-> Client, 2970299:service_13:6, function_47",service_13,0.008
2025-06-03 11:32:51:304,service_13,package_1.package_2.interface_1.function_1,infrastructure,3ccde47a-4018-4841-9495-9cb33cb790a8,5276f798-74af-40e0-b916-d8be6c7bf1b5,"-> Client, 2970299:service_18:4, function_1 1",service_18,0.005
2025-06-03 11:32:51:305,service_18,package_3.package_10.interface_29.function_47,infrastructure,3ccde47a-4018-4841-9495-9cb33cb790a8,5276f798-74af-40e0-b916-d8be6c7bf1b5,"-> Client, 2970299:service_8:10, function_47",service_8,0.004
2025-06-03 11:32:51:439,service_21,package_3.package_4.interface_15.function_48,infrastructure,415cfeeb-afe8-4528-bd46-7fb05c18988c,5e7c29cb-bb18-4b8a-be7c-53fda7cac136,"-> Client, 2970299:service_3:4, function_48 300",service_3,0.239
2025-06-03 11:32:51:696,service_21,package_3.interface_7.function_48,infrastructure,415cfeeb-afe8-4528-bd46-7fb05c18988c,5e7c29cb-bb18-4b8a-be7c-53fda7cac136,"-> Client, 2970299:service_9:1, function_48 LowClamp, 300",service_9,0.003
2025-06-03 11:32:51:700,service_21,package_3.interface_30.function_49,infrastructure,415cfeeb-afe8-4528-bd46-7fb05c18988c,5e7c29cb-bb18-4b8a-be7c-53fda7cac136,"-> Client, 2970299:service_9:13, function_49 LowClamp, -0",service_9,0.004
2025-06-03 11:32:51:702,service_9,package_3.package_6.package_5.interface_7.function_5,infrastructure,415cfeeb-afe8-4528-bd46-7fb05c18988c,5e7c29cb-bb18-4b8a-be7c-53fda7cac136,"-> Client, 2970299:service_23:1, function_5",service_23,0.002
2025-06-03 11:32:51:704,service_9,package_3.package_6.package_5.interface_8.function_7,infrastructure,415cfeeb-afe8-4528-bd46-7fb05c18988c,5e7c29cb-bb18-4b8a-be7c-53fda7cac136,"-> Client, 2970299:service_23:22, function_7 0.00024999328",service_23,0.002
2025-06-03 11:32:51:706,service_9,package_3.package_6.package_5.interface_8.function_8,infrastructure,415cfeeb-afe8-4528-bd46-7fb05c18988c,5e7c29cb-bb18-4b8a-be7c-53fda7cac136,"-> Client, 2970299:service_23:22, function_8 -1.1985182e-05",service_23,0.002
2025-06-03 11:32:51:708,service_9,package_3.package_6.package_5.interface_8.function_9,infrastructure,415cfeeb-afe8-4528-bd46-7fb05c18988c,5e7c29cb-bb18-4b8a-be7c-53fda7cac136,"-> Client, 2970299:service_23:22, function_9 -0.00018000338",service_23,0.0
2025-06-03 11:32:51:710,service_9,package_3.package_6.package_5.interface_8.function_10,infrastructure,415cfeeb-afe8-4528-bd46-7fb05c18988c,5e7c29cb-bb18-4b8a-be7c-53fda7cac136,"-> Client, 2970299:service_23:22, function_10 -0.0173266622838001",service_23,0.0
2025-06-03 11:32:51:712,service_9,package_3.package_6.package_5.interface_8.function_11,infrastructure,415cfeeb-afe8-4528-bd46-7fb05c18988c,5e7c29cb-bb18-4b8a-be7c-53fda7cac136,"-> Client, 2970299:service_23:22, function_11 0",service_23,0.0
2025-06-03 11:32:51:715,service_9,package_3.package_6.package_5.interface_7.function_50,infrastructure,415cfeeb-afe8-4528-bd46-7fb05c18988c,5e7c29cb-bb18-4b8a-be7c-53fda7cac136,"-> Client, 2970299:service_23:1, function_50 object[id:2970299:service_23:22], 15, 1",service_23,1.029
2025-06-03 11:32:51:717,service_23,package_3.package_10.interface_24.function_49,infrastructure,415cfeeb-afe8-4528-bd46-7fb05c18988c,5e7c29cb-bb18-4b8a-be7c-53fda7cac136,"-> Client, 2970299:service_8:42, function_49 (Rx:-0.0173267,Ry:0,X:0.000249993,Y:-1.19852e-05,Z:-0.000180003), 15",service_8,1.027
2025-06-03 11:32:55:239,service_21,package_3.package_4.interface_15.function_23,infrastructure,415cfeeb-afe8-4528-bd46-7fb05c18988c,5e7c29cb-bb18-4b8a-be7c-53fda7cac136,"-> Client, 2970299:service_3:4, function_23 NearTransfer",service_3,0.291
2025-06-03 11:32:55:528,service_3,package_1.package_7.package_8.package_9.interface_16.function_3,infrastructure,415cfeeb-afe8-4528-bd46-7fb05c18988c,5e7c29cb-bb18-4b8a-be7c-53fda7cac136,"-> Client, 2970299:service_4:41, function_3 X, 0.28",service_4,0.002
2025-06-03 11:32:55:531,service_3,package_1.package_7.package_8.package_9.interface_17.function_24,infrastructure,415cfeeb-afe8-4528-bd46-7fb05c18988c,5e7c29cb-bb18-4b8a-be7c-53fda7cac136,"-> Client, 2970299:service_4:51, function_24",service_4,0.003
2025-06-03 11:32:55:532,service_4,package_3.package_10.interface_18.function_25,infrastructure,415cfeeb-afe8-4528-bd46-7fb05c18988c,5e7c29cb-bb18-4b8a-be7c-53fda7cac136,"-> Client, 2970299:service_8:3, function_25 (MoveCorrection:,MoveType:Absolute,Parameterfunction_1:,Position:0.28,Velocity:0)",service_8,0.002
2025-06-03 11:32:55:536,service_3,package_1.package_7.package_8.package_9.interface_17.function_26,infrastructure,415cfeeb-afe8-4528-bd46-7fb05c18988c,5e7c29cb-bb18-4b8a-be7c-53fda7cac136,"-> Client, 2970299:service_4:51, function_26 60",service_4,0.129
2025-06-03 11:32:55:537,service_4,package_3.package_10.interface_18.function_26,infrastructure,415cfeeb-afe8-4528-bd46-7fb05c18988c,5e7c29cb-bb18-4b8a-be7c-53fda7cac136,"-> Client, 2970299:service_8:3, function_26 60",service_8,0.128
2025-06-03 11:32:55:673,service_21,package_3.package_4.interface_19.function_51,infrastructure,415cfeeb-afe8-4528-bd46-7fb05c18988c,5e7c29cb-bb18-4b8a-be7c-53fda7cac136,"-> Client, 2970299:service_3:6, function_51",service_3,0.007
2025-06-03 11:32:55:674,service_3,package_1.package_2.interface_1.function_1,infrastructure,415cfeeb-afe8-4528-bd46-7fb05c18988c,5e7c29cb-bb18-4b8a-be7c-53fda7cac136,"-> Client, 2970299:service_18:224, function_1 1",service_18,0.006
2025-06-03 11:32:55:676,service_18,package_3.package_10.interface_13.function_52,infrastructure,415cfeeb-afe8-4528-bd46-7fb05c18988c,5e7c29cb-bb18-4b8a-be7c-53fda7cac136,"-> Client, 2970299:service_8:2, function_52",service_8,0.004
2025-06-03 11:32:55:684,service_21,package_3.interface_21.function_53,infrastructure,-,-,"-> Client, 2970299:service_10:1, function_53 (CassetteSlot:Slot6,Detail_objectId:2970299:service_10:71,State:Unknown)",service_10,0.004
2025-06-03 11:32:55:695,service_21,package_3.package_4.interface_15.function_23,infrastructure,415cfeeb-afe8-4528-bd46-7fb05c18988c,5e7c29cb-bb18-4b8a-be7c-53fda7cac136,"-> Client, 2970299:service_3:4, function_23 Transfer",service_3,0.003
2025-06-03 11:32:55:696,service_21,package_3.interface_21.function_53,infrastructure,-,-,"-> Client, 2970299:service_10:1, function_53 (CassetteSlot:Slot6,Detail_objectId:2970299:service_10:71,State:Unknown)",service_10,0.002
2025-06-03 11:32:56:066,service_3,package_1.package_7.package_8.package_9.interface_16.function_3,infrastructure,415cfeeb-afe8-4528-bd46-7fb05c18988c,5e7c29cb-bb18-4b8a-be7c-53fda7cac136,"-> Client, 2970299:service_4:41, function_3 X, 0.29",service_4,0.003
2025-06-03 11:32:56:073,service_3,package_1.package_7.package_8.package_9.interface_17.function_24,infrastructure,415cfeeb-afe8-4528-bd46-7fb05c18988c,5e7c29cb-bb18-4b8a-be7c-53fda7cac136,"-> Client, 2970299:service_4:52, function_24",service_4,0.003
2025-06-03 11:32:56:074,service_4,package_3.package_10.interface_18.function_25,infrastructure,415cfeeb-afe8-4528-bd46-7fb05c18988c,5e7c29cb-bb18-4b8a-be7c-53fda7cac136,"-> Client, 2970299:service_8:3, function_25 (MoveCorrection:,MoveType:Absolute,Parameterfunction_1:,Position:0.29,Velocity:0)",service_8,0.002
2025-06-03 11:32:56:077,service_3,package_1.package_7.package_8.package_9.interface_17.function_26,infrastructure,415cfeeb-afe8-4528-bd46-7fb05c18988c,5e7c29cb-bb18-4b8a-be7c-53fda7cac136,"-> Client, 2970299:service_4:52, function_26 60",service_4,0.122
2025-06-03 11:32:56:079,service_4,package_3.package_10.interface_18.function_26,infrastructure,415cfeeb-afe8-4528-bd46-7fb05c18988c,5e7c29cb-bb18-4b8a-be7c-53fda7cac136,"-> Client, 2970299:service_8:3, function_26 60",service_8,0.12
2025-06-03 11:32:56:214,service_21,package_3.package_4.interface_15.function_48,infrastructure,415cfeeb-afe8-4528-bd46-7fb05c18988c,5e7c29cb-bb18-4b8a-be7c-53fda7cac136,"-> Client, 2970299:service_3:4, function_48 300",service_3,0.062
2025-06-03 11:32:56:273,service_17,package_1.package_2.interface_1.function_1,infrastructure,-,-,"-> Client, 2970299:service_19:34, function_1 3",service_19,0.003
2025-06-03 11:32:56:273,service_12,package_1.package_2.interface_1.function_1,infrastructure,-,-,"-> Client, 2970299:service_18:114, function_1 3",service_18,0.003
2025-06-03 11:32:56:533,service_21,package_3.interface_7.function_48,infrastructure,415cfeeb-afe8-4528-bd46-7fb05c18988c,5e7c29cb-bb18-4b8a-be7c-53fda7cac136,"-> Client, 2970299:service_9:1, function_48 HighClamp, 300",service_9,0.004
2025-06-03 11:32:56:538,service_21,package_3.interface_30.function_49,infrastructure,415cfeeb-afe8-4528-bd46-7fb05c18988c,5e7c29cb-bb18-4b8a-be7c-53fda7cac136,"-> Client, 2970299:service_9:13, function_49 HighClamp, -0",service_9,0.005
2025-06-03 11:32:56:539,service_9,package_3.package_6.package_5.interface_7.function_5,infrastructure,415cfeeb-afe8-4528-bd46-7fb05c18988c,5e7c29cb-bb18-4b8a-be7c-53fda7cac136,"-> Client, 2970299:service_23:1, function_5",service_23,0.004
2025-06-03 11:32:56:544,service_9,package_3.package_6.package_5.interface_8.function_7,infrastructure,415cfeeb-afe8-4528-bd46-7fb05c18988c,5e7c29cb-bb18-4b8a-be7c-53fda7cac136,"-> Client, 2970299:service_23:23, function_7 0.00024999328",service_23,0.003
2025-06-03 11:32:56:547,service_9,package_3.package_6.package_5.interface_8.function_8,infrastructure,415cfeeb-afe8-4528-bd46-7fb05c18988c,5e7c29cb-bb18-4b8a-be7c-53fda7cac136,"-> Client, 2970299:service_23:23, function_8 -1.1985182e-05",service_23,0.002
2025-06-03 11:32:56:549,service_9,package_3.package_6.package_5.interface_8.function_9,infrastructure,415cfeeb-afe8-4528-bd46-7fb05c18988c,5e7c29cb-bb18-4b8a-be7c-53fda7cac136,"-> Client, 2970299:service_23:23, function_9 1.999662e-05",service_23,0.003
2025-06-03 11:32:56:552,service_9,package_3.package_6.package_5.interface_8.function_10,infrastructure,415cfeeb-afe8-4528-bd46-7fb05c18988c,5e7c29cb-bb18-4b8a-be7c-53fda7cac136,"-> Client, 2970299:service_23:23, function_10 -0.0173266622838001",service_23,0.0
2025-06-03 11:32:56:555,service_9,package_3.package_6.package_5.interface_8.function_11,infrastructure,415cfeeb-afe8-4528-bd46-7fb05c18988c,5e7c29cb-bb18-4b8a-be7c-53fda7cac136,"-> Client, 2970299:service_23:23, function_11 0",service_23,0.002
2025-06-03 11:32:56:558,service_9,package_3.package_6.package_5.interface_7.function_50,infrastructure,415cfeeb-afe8-4528-bd46-7fb05c18988c,5e7c29cb-bb18-4b8a-be7c-53fda7cac136,"-> Client, 2970299:service_23:1, function_50 object[id:2970299:service_23:23], 15, 1",service_23,0.517
2025-06-03 11:32:56:559,service_23,package_3.package_10.interface_24.function_49,infrastructure,415cfeeb-afe8-4528-bd46-7fb05c18988c,5e7c29cb-bb18-4b8a-be7c-53fda7cac136,"-> Client, 2970299:service_8:42, function_49 (Rx:-0.0173267,Ry:0,X:0.000249993,Y:-1.19852e-05,Z:1.99966e-05), 15",service_8,0.516
2025-06-03 11:32:59:589,service_21,package_3.interface_21.function_53,infrastructure,415cfeeb-afe8-4528-bd46-7fb05c18988c,5e7c29cb-bb18-4b8a-be7c-53fda7cac136,"-> Client, 2970299:service_10:1, function_53 (CassetteSlot:Unknown,Detail_objectId:2970299:service_10:58,State:Unknown)",service_10,0.003
2025-06-03 11:32:59:592,service_21,package_3.interface_21.function_54,infrastructure,415cfeeb-afe8-4528-bd46-7fb05c18988c,5e7c29cb-bb18-4b8a-be7c-53fda7cac136,"-> Client, 2970299:service_10:1, function_54 (CassetteSlot:Unknown,Detail_objectId:2970299:service_10:58,State:Unknown)",service_10,0.003
2025-06-03 11:32:59:595,service_21,package_3.package_4.interface_19.function_27,infrastructure,415cfeeb-afe8-4528-bd46-7fb05c18988c,5e7c29cb-bb18-4b8a-be7c-53fda7cac136,"-> Client, 2970299:service_3:6, function_27",service_3,0.0
2025-06-03 11:32:59:596,service_18,package_3.package_10.interface_13.function_29,infrastructure,415cfeeb-afe8-4528-bd46-7fb05c18988c,5e7c29cb-bb18-4b8a-be7c-53fda7cac136,"-> Client, 2970299:service_8:2, function_29",service_8,0.003
2025-06-03 11:32:59:596,service_3,package_1.package_2.interface_1.function_1,infrastructure,415cfeeb-afe8-4528-bd46-7fb05c18988c,5e7c29cb-bb18-4b8a-be7c-53fda7cac136,"-> Client, 2970299:service_18:224, function_1 2",service_18,0.003
2025-06-03 11:32:59:604,service_21,package_3.interface_21.function_53,infrastructure,-,-,"-> Client, 2970299:service_10:1, function_53 (CassetteSlot:Unknown,Detail_objectId:2970299:service_10:58,State:Unknown)",service_10,0.002
2025-06-03 11:32:59:620,service_21,package_3.package_4.interface_15.function_48,infrastructure,415cfeeb-afe8-4528-bd46-7fb05c18988c,5e7c29cb-bb18-4b8a-be7c-53fda7cac136,"-> Client, 2970299:service_3:4, function_48 300",service_3,0.351
2025-06-03 11:32:59:972,service_21,package_3.interface_7.function_48,infrastructure,415cfeeb-afe8-4528-bd46-7fb05c18988c,5e7c29cb-bb18-4b8a-be7c-53fda7cac136,"-> Client, 2970299:service_9:1, function_48 Exchange, 300",service_9,0.003
2025-06-03 11:32:59:975,service_21,package_3.interface_30.function_49,infrastructure,415cfeeb-afe8-4528-bd46-7fb05c18988c,5e7c29cb-bb18-4b8a-be7c-53fda7cac136,"-> Client, 2970299:service_9:13, function_49 Exchange, -0",service_9,0.004
2025-06-03 11:32:59:977,service_9,package_3.package_6.package_5.interface_7.function_5,infrastructure,415cfeeb-afe8-4528-bd46-7fb05c18988c,5e7c29cb-bb18-4b8a-be7c-53fda7cac136,"-> Client, 2970299:service_23:1, function_5",service_23,0.002
2025-06-03 11:32:59:979,service_9,package_3.package_6.package_5.interface_8.function_7,infrastructure,415cfeeb-afe8-4528-bd46-7fb05c18988c,5e7c29cb-bb18-4b8a-be7c-53fda7cac136,"-> Client, 2970299:service_23:24, function_7 0.00024999328",service_23,0.001
2025-06-03 11:32:59:980,service_9,package_3.package_6.package_5.interface_8.function_8,infrastructure,415cfeeb-afe8-4528-bd46-7fb05c18988c,5e7c29cb-bb18-4b8a-be7c-53fda7cac136,"-> Client, 2970299:service_23:24, function_8 0.000138014818",service_23,0.001
2025-06-03 11:32:59:981,service_9,package_3.package_6.package_5.interface_8.function_9,infrastructure,415cfeeb-afe8-4528-bd46-7fb05c18988c,5e7c29cb-bb18-4b8a-be7c-53fda7cac136,"-> Client, 2970299:service_23:24, function_9 1.999662e-05",service_23,0.002
2025-06-03 11:32:59:984,service_9,package_3.package_6.package_5.interface_8.function_10,infrastructure,415cfeeb-afe8-4528-bd46-7fb05c18988c,5e7c29cb-bb18-4b8a-be7c-53fda7cac136,"-> Client, 2970299:service_23:24, function_10 -0.0173266622838001",service_23,0.002
2025-06-03 11:32:59:986,service_9,package_3.package_6.package_5.interface_8.function_11,infrastructure,415cfeeb-afe8-4528-bd46-7fb05c18988c,5e7c29cb-bb18-4b8a-be7c-53fda7cac136,"-> Client, 2970299:service_23:24, function_11 0",service_23,0.002
2025-06-03 11:32:59:989,service_9,package_3.package_6.package_5.interface_7.function_50,infrastructure,415cfeeb-afe8-4528-bd46-7fb05c18988c,5e7c29cb-bb18-4b8a-be7c-53fda7cac136,"-> Client, 2970299:service_23:1, function_50 object[id:2970299:service_23:24], 15, 1",service_23,0.36
2025-06-03 11:32:59:990,service_23,package_3.package_10.interface_24.function_49,infrastructure,415cfeeb-afe8-4528-bd46-7fb05c18988c,5e7c29cb-bb18-4b8a-be7c-53fda7cac136,"-> Client, 2970299:service_8:42, function_49 (Rx:-0.0173267,Ry:0,X:0.000249993,Y:0.000138015,Z:1.99966e-05), 15",service_8,0.359
2025-06-03 11:33:02:515,service_21,package_3.package_4.interface_15.function_23,infrastructure,415cfeeb-afe8-4528-bd46-7fb05c18988c,5e7c29cb-bb18-4b8a-be7c-53fda7cac136,"-> Client, 2970299:service_3:4, function_23 CartridgeDetectionBegin",service_3,0.0
2025-06-03 11:33:02:814,service_3,package_1.package_7.package_8.package_9.interface_16.function_3,infrastructure,415cfeeb-afe8-4528-bd46-7fb05c18988c,5e7c29cb-bb18-4b8a-be7c-53fda7cac136,"-> Client, 2970299:service_4:41, function_3 X, 0.004",service_4,0.003
2025-06-03 11:33:02:820,service_3,package_1.package_7.package_8.package_9.interface_17.function_24,infrastructure,415cfeeb-afe8-4528-bd46-7fb05c18988c,5e7c29cb-bb18-4b8a-be7c-53fda7cac136,"-> Client, 2970299:service_4:53, function_24",service_4,0.004
2025-06-03 11:33:02:821,service_4,package_3.package_10.interface_18.function_25,infrastructure,415cfeeb-afe8-4528-bd46-7fb05c18988c,5e7c29cb-bb18-4b8a-be7c-53fda7cac136,"-> Client, 2970299:service_8:3, function_25 (MoveCorrection:,MoveType:Absolute,Parameterfunction_1:,Position:0.004,Velocity:0)",service_8,0.003
2025-06-03 11:33:02:826,service_3,package_1.package_7.package_8.package_9.interface_17.function_26,infrastructure,415cfeeb-afe8-4528-bd46-7fb05c18988c,5e7c29cb-bb18-4b8a-be7c-53fda7cac136,"-> Client, 2970299:service_4:53, function_26 60",service_4,0.116
2025-06-03 11:33:02:827,service_4,package_3.package_10.interface_18.function_26,infrastructure,415cfeeb-afe8-4528-bd46-7fb05c18988c,5e7c29cb-bb18-4b8a-be7c-53fda7cac136,"-> Client, 2970299:service_8:3, function_26 60",service_8,0.115
2025-06-03 11:33:02:951,service_21,package_3.interface_2.function_55,infrastructure,415cfeeb-afe8-4528-bd46-7fb05c18988c,5e7c29cb-bb18-4b8a-be7c-53fda7cac136,"-> Client, 2970299:service_14:1, function_55",service_14,0.66
2025-06-03 11:33:03:603,service_14,package_3.package_11.package_13.interface_28.function_56,infrastructure,-,-,"-> Client, 2970299:service_13:6, function_56",service_13,0.008
2025-06-03 11:33:03:606,service_13,package_1.package_2.interface_1.function_1,infrastructure,27f73834-7a00-4f09-9542-1bd0b49a277b,81f7303e-7280-4b49-9ba3-f7200b56843d,"-> Client, 2970299:service_18:4, function_1 2",service_18,0.005
2025-06-03 11:33:03:607,service_18,package_3.package_10.interface_29.function_56,infrastructure,27f73834-7a00-4f09-9542-1bd0b49a277b,81f7303e-7280-4b49-9ba3-f7200b56843d,"-> Client, 2970299:service_8:10, function_56",service_8,0.004
2025-06-03 11:33:03:726,service_14,package_3.package_6.package_11.package_12.interface_27.function_57,infrastructure,415cfeeb-afe8-4528-bd46-7fb05c18988c,5e7c29cb-bb18-4b8a-be7c-53fda7cac136,"-> Client, 2970299:service_22:1, function_57",service_22,0.003
2025-06-03 11:33:03:733,service_21,package_3.package_4.interface_22.function_33,infrastructure,415cfeeb-afe8-4528-bd46-7fb05c18988c,5e7c29cb-bb18-4b8a-be7c-53fda7cac136,"-> Client, 2970299:service_3:2, function_33",service_3,0.008
2025-06-03 11:33:03:735,service_3,package_1.package_2.interface_1.function_1,infrastructure,415cfeeb-afe8-4528-bd46-7fb05c18988c,5e7c29cb-bb18-4b8a-be7c-53fda7cac136,"-> Client, 2970299:service_18:226, function_1 2",service_18,0.006
2025-06-03 11:33:03:736,service_18,package_3.package_10.interface_13.function_33,infrastructure,415cfeeb-afe8-4528-bd46-7fb05c18988c,5e7c29cb-bb18-4b8a-be7c-53fda7cac136,"-> Client, 2970299:service_8:2, function_33",service_8,0.005
2025-06-03 11:33:03:788,service_21,package_3.package_4.interface_15.function_23,infrastructure,415cfeeb-afe8-4528-bd46-7fb05c18988c,5e7c29cb-bb18-4b8a-be7c-53fda7cac136,"-> Client, 2970299:service_3:4, function_23 CartridgeDetectionBegin",service_3,0.232
2025-06-03 11:33:04:017,service_3,package_1.package_7.package_8.package_9.interface_16.function_3,infrastructure,415cfeeb-afe8-4528-bd46-7fb05c18988c,5e7c29cb-bb18-4b8a-be7c-53fda7cac136,"-> Client, 2970299:service_4:41, function_3 X, 0.004",service_4,0.003
2025-06-03 11:33:04:023,service_3,package_1.package_7.package_8.package_9.interface_17.function_24,infrastructure,415cfeeb-afe8-4528-bd46-7fb05c18988c,5e7c29cb-bb18-4b8a-be7c-53fda7cac136,"-> Client, 2970299:service_4:54, function_24",service_4,0.004
2025-06-03 11:33:04:024,service_4,package_3.package_10.interface_18.function_25,infrastructure,415cfeeb-afe8-4528-bd46-7fb05c18988c,5e7c29cb-bb18-4b8a-be7c-53fda7cac136,"-> Client, 2970299:service_8:3, function_25 (MoveCorrection:,MoveType:Absolute,Parameterfunction_1:,Position:0.004,Velocity:0)",service_8,0.003
2025-06-03 11:33:04:030,service_3,package_1.package_7.package_8.package_9.interface_17.function_26,infrastructure,415cfeeb-afe8-4528-bd46-7fb05c18988c,5e7c29cb-bb18-4b8a-be7c-53fda7cac136,"-> Client, 2970299:service_4:54, function_26 60",service_4,0.115
2025-06-03 11:33:04:031,service_4,package_3.package_10.interface_18.function_26,infrastructure,415cfeeb-afe8-4528-bd46-7fb05c18988c,5e7c29cb-bb18-4b8a-be7c-53fda7cac136,"-> Client, 2970299:service_8:3, function_26 60",service_8,0.114
2025-06-03 11:33:04:152,service_21,package_3.package_4.interface_20.function_34,infrastructure,415cfeeb-afe8-4528-bd46-7fb05c18988c,5e7c29cb-bb18-4b8a-be7c-53fda7cac136,"-> Client, 2970299:service_3:8, function_34",service_3,0.006
2025-06-03 11:33:04:153,service_3,package_1.package_2.interface_1.function_1,infrastructure,415cfeeb-afe8-4528-bd46-7fb05c18988c,5e7c29cb-bb18-4b8a-be7c-53fda7cac136,"-> Client, 2970299:service_18:223, function_1 1",service_18,0.005
2025-06-03 11:33:04:154,service_18,package_3.package_10.interface_13.function_58,infrastructure,415cfeeb-afe8-4528-bd46-7fb05c18988c,5e7c29cb-bb18-4b8a-be7c-53fda7cac136,"-> Client, 2970299:service_8:2, function_58",service_8,0.004
2025-06-03 11:33:04:164,service_21,package_3.package_4.interface_15.function_23,infrastructure,415cfeeb-afe8-4528-bd46-7fb05c18988c,5e7c29cb-bb18-4b8a-be7c-53fda7cac136,"-> Client, 2970299:service_3:4, function_23 CartridgeDetectionEnd",service_3,0.0
2025-06-03 11:33:04:435,service_3,package_1.package_7.package_8.package_9.interface_16.function_3,infrastructure,415cfeeb-afe8-4528-bd46-7fb05c18988c,5e7c29cb-bb18-4b8a-be7c-53fda7cac136,"-> Client, 2970299:service_4:41, function_3 X, 0.003",service_4,0.004
2025-06-03 11:33:04:442,service_3,package_1.package_7.package_8.package_9.interface_17.function_24,infrastructure,415cfeeb-afe8-4528-bd46-7fb05c18988c,5e7c29cb-bb18-4b8a-be7c-53fda7cac136,"-> Client, 2970299:service_4:55, function_24",service_4,0.004
2025-06-03 11:33:04:443,service_4,package_3.package_10.interface_18.function_25,infrastructure,415cfeeb-afe8-4528-bd46-7fb05c18988c,5e7c29cb-bb18-4b8a-be7c-53fda7cac136,"-> Client, 2970299:service_8:3, function_25 (MoveCorrection:,MoveType:Absolute,Parameterfunction_1:,Position:0.003,Velocity:0)",service_8,0.003
2025-06-03 11:33:04:446,service_3,package_1.package_7.package_8.package_9.interface_17.function_26,infrastructure,415cfeeb-afe8-4528-bd46-7fb05c18988c,5e7c29cb-bb18-4b8a-be7c-53fda7cac136,"-> Client, 2970299:service_4:55, function_26 60",service_4,0.0
2025-06-03 11:33:04:447,service_4,package_3.package_10.interface_18.function_26,infrastructure,415cfeeb-afe8-4528-bd46-7fb05c18988c,5e7c29cb-bb18-4b8a-be7c-53fda7cac136,"-> Client, 2970299:service_8:3, function_26 60",service_8,0.124
2025-06-03 11:33:04:579,service_21,package_3.package_4.interface_20.function_35,infrastructure,415cfeeb-afe8-4528-bd46-7fb05c18988c,5e7c29cb-bb18-4b8a-be7c-53fda7cac136,"-> Client, 2970299:service_3:8, function_35",service_3,0.009
2025-06-03 11:33:04:580,service_3,package_1.package_2.interface_1.function_1,infrastructure,415cfeeb-afe8-4528-bd46-7fb05c18988c,5e7c29cb-bb18-4b8a-be7c-53fda7cac136,"-> Client, 2970299:service_18:223, function_1 2",service_18,0.008
2025-06-03 11:33:04:582,service_18,package_3.package_10.interface_13.function_31,infrastructure,415cfeeb-afe8-4528-bd46-7fb05c18988c,5e7c29cb-bb18-4b8a-be7c-53fda7cac136,"-> Client, 2970299:service_8:2, function_31",service_8,0.006
2025-06-03 11:33:04:599,service_21,package_3.interface_21.function_53,infrastructure,415cfeeb-afe8-4528-bd46-7fb05c18988c,5e7c29cb-bb18-4b8a-be7c-53fda7cac136,"-> Client, 2970299:service_10:1, function_53 (CassetteSlot:Unknown,Detail_objectId:2970299:service_10:58,State:NotPresent)",service_10,0.004
2025-06-03 11:33:04:603,service_21,package_3.interface_21.function_59,infrastructure,415cfeeb-afe8-4528-bd46-7fb05c18988c,5e7c29cb-bb18-4b8a-be7c-53fda7cac136,"-> Client, 2970299:service_10:1, function_59",service_10,0.003
2025-06-03 11:33:04:606,service_21,package_3.interface_21.function_54,infrastructure,415cfeeb-afe8-4528-bd46-7fb05c18988c,5e7c29cb-bb18-4b8a-be7c-53fda7cac136,"-> Client, 2970299:service_10:1, function_54 (CassetteSlot:Unknown,Detail_objectId:2970299:service_10:84,State:NotPresent)",service_10,0.004
2025-06-03 11:33:04:610,service_21,package_3.package_4.interface_15.function_23,infrastructure,415cfeeb-afe8-4528-bd46-7fb05c18988c,5e7c29cb-bb18-4b8a-be7c-53fda7cac136,"-> Client, 2970299:service_3:4, function_23 Park",service_3,0.116
2025-06-03 11:33:04:911,service_3,package_1.package_7.package_8.package_9.interface_16.function_3,infrastructure,415cfeeb-afe8-4528-bd46-7fb05c18988c,5e7c29cb-bb18-4b8a-be7c-53fda7cac136,"-> Client, 2970299:service_4:41, function_3 X, 0",service_4,0.001
2025-06-03 11:33:04:918,service_3,package_1.package_7.package_8.package_9.interface_17.function_24,infrastructure,415cfeeb-afe8-4528-bd46-7fb05c18988c,5e7c29cb-bb18-4b8a-be7c-53fda7cac136,"-> Client, 2970299:service_4:56, function_24",service_4,0.005
2025-06-03 11:33:04:919,service_4,package_3.package_10.interface_18.function_25,infrastructure,415cfeeb-afe8-4528-bd46-7fb05c18988c,5e7c29cb-bb18-4b8a-be7c-53fda7cac136,"-> Client, 2970299:service_8:3, function_25 (MoveCorrection:,MoveType:Absolute,Parameterfunction_1:,Position:0,Velocity:0)",service_8,0.004
2025-06-03 11:33:04:924,service_3,package_1.package_7.package_8.package_9.interface_17.function_26,infrastructure,415cfeeb-afe8-4528-bd46-7fb05c18988c,5e7c29cb-bb18-4b8a-be7c-53fda7cac136,"-> Client, 2970299:service_4:56, function_26 60",service_4,0.0
2025-06-03 11:33:04:926,service_4,package_3.package_10.interface_18.function_26,infrastructure,415cfeeb-afe8-4528-bd46-7fb05c18988c,5e7c29cb-bb18-4b8a-be7c-53fda7cac136,"-> Client, 2970299:service_8:3, function_26 60",service_8,0.121
2025-06-03 11:33:05:057,service_21,package_3.package_4.interface_22.function_44,infrastructure,415cfeeb-afe8-4528-bd46-7fb05c18988c,5e7c29cb-bb18-4b8a-be7c-53fda7cac136,"-> Client, 2970299:service_3:2, function_44",service_3,0.006
2025-06-03 11:33:05:058,service_3,package_1.package_2.interface_1.function_1,infrastructure,415cfeeb-afe8-4528-bd46-7fb05c18988c,5e7c29cb-bb18-4b8a-be7c-53fda7cac136,"-> Client, 2970299:service_18:226, function_1 1",service_18,0.005
2025-06-03 11:33:05:059,service_18,package_3.package_10.interface_13.function_44,infrastructure,415cfeeb-afe8-4528-bd46-7fb05c18988c,5e7c29cb-bb18-4b8a-be7c-53fda7cac136,"-> Client, 2970299:service_8:2, function_44",service_8,0.004
2025-06-03 11:33:05:067,service_21,package_3.interface_21.function_43,infrastructure,-,-,"-> Client, 2970299:service_10:1, function_43 Unknown",service_10,0.002
2025-06-03 11:33:05:079,service_21,package_3.interface_21.function_43,infrastructure,-,-,"-> Client, 2970299:service_10:1, function_43 Unknown",service_10,0.001
2025-06-03 11:33:05:081,service_21,package_3.package_4.interface_10.function_23,infrastructure,415cfeeb-afe8-4528-bd46-7fb05c18988c,5e7c29cb-bb18-4b8a-be7c-53fda7cac136,"-> Client, 2970299:service_3:5, function_23 Slot6",service_3,0.001
2025-06-03 11:33:05:084,service_21,package_3.interface_21.function_32,infrastructure,-,-,"-> Client, 2970299:service_10:1, function_32 Unknown",service_10,0.004
2025-06-03 11:33:05:253,service_3,package_1.package_7.package_8.package_9.interface_16.function_3,infrastructure,415cfeeb-afe8-4528-bd46-7fb05c18988c,5e7c29cb-bb18-4b8a-be7c-53fda7cac136,"-> Client, 2970299:service_4:34, function_3 Z, 0.022999999999999996",service_4,0.003
2025-06-03 11:33:05:258,service_3,package_1.package_7.package_8.package_9.interface_17.function_24,infrastructure,415cfeeb-afe8-4528-bd46-7fb05c18988c,5e7c29cb-bb18-4b8a-be7c-53fda7cac136,"-> Client, 2970299:service_4:57, function_24",service_4,0.005
2025-06-03 11:33:05:260,service_4,package_3.package_10.interface_18.function_25,infrastructure,415cfeeb-afe8-4528-bd46-7fb05c18988c,5e7c29cb-bb18-4b8a-be7c-53fda7cac136,"-> Client, 2970299:service_8:4, function_25 (MoveCorrection:,MoveType:Absolute,Parameterfunction_1:,Position:0.023,Velocity:0)",service_8,0.003
2025-06-03 11:33:05:264,service_3,package_1.package_7.package_8.package_9.interface_17.function_26,infrastructure,415cfeeb-afe8-4528-bd46-7fb05c18988c,5e7c29cb-bb18-4b8a-be7c-53fda7cac136,"-> Client, 2970299:service_4:57, function_26 60",service_4,0.121
2025-06-03 11:33:05:266,service_4,package_3.package_10.interface_18.function_26,infrastructure,415cfeeb-afe8-4528-bd46-7fb05c18988c,5e7c29cb-bb18-4b8a-be7c-53fda7cac136,"-> Client, 2970299:service_8:4, function_26 60",service_8,0.119
2025-06-03 11:33:05:392,service_21,package_3.package_4.interface_22.function_33,infrastructure,415cfeeb-afe8-4528-bd46-7fb05c18988c,5e7c29cb-bb18-4b8a-be7c-53fda7cac136,"-> Client, 2970299:service_3:2, function_33",service_3,0.007
2025-06-03 11:33:05:394,service_3,package_1.package_2.interface_1.function_1,infrastructure,415cfeeb-afe8-4528-bd46-7fb05c18988c,5e7c29cb-bb18-4b8a-be7c-53fda7cac136,"-> Client, 2970299:service_18:226, function_1 2",service_18,0.005
2025-06-03 11:33:05:395,service_18,package_3.package_10.interface_13.function_33,infrastructure,415cfeeb-afe8-4528-bd46-7fb05c18988c,5e7c29cb-bb18-4b8a-be7c-53fda7cac136,"-> Client, 2970299:service_8:2, function_33",service_8,0.004
2025-06-03 11:33:05:439,service_21,package_3.interface_21.function_43,infrastructure,415cfeeb-afe8-4528-bd46-7fb05c18988c,5e7c29cb-bb18-4b8a-be7c-53fda7cac136,"-> Client, 2970299:service_10:1, function_43 Slot6",service_10,0.003
2025-06-03 11:33:05:442,service_21,package_3.package_4.interface_10.function_23,infrastructure,415cfeeb-afe8-4528-bd46-7fb05c18988c,5e7c29cb-bb18-4b8a-be7c-53fda7cac136,"-> Client, 2970299:service_3:5, function_23 Park",service_3,0.005
2025-06-03 11:33:05:445,service_21,package_3.interface_21.function_32,infrastructure,-,-,"-> Client, 2970299:service_10:1, function_32 Unknown",service_10,0.002
2025-06-03 11:33:05:603,service_3,package_1.package_7.package_8.package_9.interface_16.function_3,infrastructure,415cfeeb-afe8-4528-bd46-7fb05c18988c,5e7c29cb-bb18-4b8a-be7c-53fda7cac136,"-> Client, 2970299:service_4:34, function_3 Z, 0",service_4,0.002
2025-06-03 11:33:05:607,service_3,package_1.package_7.package_8.package_9.interface_17.function_24,infrastructure,415cfeeb-afe8-4528-bd46-7fb05c18988c,5e7c29cb-bb18-4b8a-be7c-53fda7cac136,"-> Client, 2970299:service_4:58, function_24",service_4,0.005
2025-06-03 11:33:05:608,service_4,package_3.package_10.interface_18.function_25,infrastructure,415cfeeb-afe8-4528-bd46-7fb05c18988c,5e7c29cb-bb18-4b8a-be7c-53fda7cac136,"-> Client, 2970299:service_8:4, function_25 (MoveCorrection:,MoveType:Absolute,Parameterfunction_1:,Position:0,Velocity:0)",service_8,0.004
2025-06-03 11:33:05:613,service_3,package_1.package_7.package_8.package_9.interface_17.function_26,infrastructure,415cfeeb-afe8-4528-bd46-7fb05c18988c,5e7c29cb-bb18-4b8a-be7c-53fda7cac136,"-> Client, 2970299:service_4:58, function_26 60",service_4,0.122
2025-06-03 11:33:05:614,service_4,package_3.package_10.interface_18.function_26,infrastructure,415cfeeb-afe8-4528-bd46-7fb05c18988c,5e7c29cb-bb18-4b8a-be7c-53fda7cac136,"-> Client, 2970299:service_8:4, function_26 60",service_8,0.121
2025-06-03 11:33:05:893,service_21,package_3.package_4.interface_20.function_34,infrastructure,415cfeeb-afe8-4528-bd46-7fb05c18988c,5e7c29cb-bb18-4b8a-be7c-53fda7cac136,"-> Client, 2970299:service_3:9, function_34",service_3,0.002
2025-06-03 11:33:05:896,service_21,package_3.package_4.interface_20.function_35,infrastructure,415cfeeb-afe8-4528-bd46-7fb05c18988c,5e7c29cb-bb18-4b8a-be7c-53fda7cac136,"-> Client, 2970299:service_3:9, function_35",service_3,0.002
2025-06-03 11:33:05:903,service_21,package_3.interface_21.function_32,infrastructure,415cfeeb-afe8-4528-bd46-7fb05c18988c,5e7c29cb-bb18-4b8a-be7c-53fda7cac136,"-> Client, 2970299:service_10:1, function_32 NotPresent",service_10,0.003
2025-06-03 11:33:05:906,service_21,package_3.interface_30.function_60,infrastructure,415cfeeb-afe8-4528-bd46-7fb05c18988c,5e7c29cb-bb18-4b8a-be7c-53fda7cac136,"-> Client, 2970299:service_9:13, function_60",service_9,0.0
2025-06-03 11:33:05:908,service_9,package_3.package_6.package_5.interface_7.function_61,infrastructure,415cfeeb-afe8-4528-bd46-7fb05c18988c,5e7c29cb-bb18-4b8a-be7c-53fda7cac136,"-> Client, 2970299:service_23:1, function_61 1",service_23,0.005
2025-06-03 11:33:05:909,service_23,package_3.package_10.interface_24.function_60,infrastructure,415cfeeb-afe8-4528-bd46-7fb05c18988c,5e7c29cb-bb18-4b8a-be7c-53fda7cac136,"-> Client, 2970299:service_8:42, function_60",service_8,0.004
2025-06-03 11:33:16:287,service_17,package_1.package_2.interface_1.function_1,infrastructure,-,-,"-> Client, 2970299:service_19:34, function_1 3",service_19,0.002
2025-06-03 11:33:16:287,service_12,package_1.package_2.interface_1.function_1,infrastructure,-,-,"-> Client, 2970299:service_18:114, function_1 3",service_18,0.002
2025-06-03 11:33:36:304,service_12,package_1.package_2.interface_1.function_1,infrastructure,-,-,"-> Client, 2970299:service_18:114, function_1 3",service_18,0.001
2025-06-03 11:33:36:304,service_17,package_1.package_2.interface_1.function_1,infrastructure,-,-,"-> Client, 2970299:service_19:34, function_1 3",service_19,0.001
2025-06-03 11:33:56:316,service_17,package_1.package_2.interface_1.function_1,infrastructure,-,-,"-> Client, 2970299:service_19:34, function_1 3",service_19,0.002
2025-06-03 11:33:56:316,service_12,package_1.package_2.interface_1.function_1,infrastructure,-,-,"-> Client, 2970299:service_18:114, function_1 3",service_18,0.002
2025-06-03 11:34:16:325,service_17,package_1.package_2.interface_1.function_1,infrastructure,-,-,"-> Client, 2970299:service_19:34, function_1 3",service_19,0.003
2025-06-03 11:34:16:325,service_12,package_1.package_2.interface_1.function_1,infrastructure,-,-,"-> Client, 2970299:service_18:114, function_1 3",service_18,0.003
2025-06-03 11:34:23:878,service_21,package_3.package_4.interface_5.function_39,infrastructure,57d5d46a-130d-4bbc-bff5-a6251400608b,04272fdb-94f7-4a60-9314-058eb83b4b4f,"-> Client, 2970299:service_3:1, function_39",service_3,0.004
2025-06-03 11:34:23:879,service_3,package_1.package_2.interface_1.function_1,infrastructure,57d5d46a-130d-4bbc-bff5-a6251400608b,04272fdb-94f7-4a60-9314-058eb83b4b4f,"-> Client, 2970299:service_18:222, function_1 1",service_18,0.003
2025-06-03 11:34:23:890,service_21,package_3.package_4.interface_3.function_40,infrastructure,57d5d46a-130d-4bbc-bff5-a6251400608b,04272fdb-94f7-4a60-9314-058eb83b4b4f,"-> Client, 2970299:service_3:4, function_40 0.0035",service_3,0.0
2025-06-03 11:34:23:892,service_3,package_1.package_7.package_8.package_9.interface_16.function_3,infrastructure,57d5d46a-130d-4bbc-bff5-a6251400608b,04272fdb-94f7-4a60-9314-058eb83b4b4f,"-> Client, 2970299:service_4:41, function_3 X, 0.0035",service_4,0.002
2025-06-03 11:34:23:897,service_3,package_1.package_7.package_8.package_9.interface_17.function_24,infrastructure,57d5d46a-130d-4bbc-bff5-a6251400608b,04272fdb-94f7-4a60-9314-058eb83b4b4f,"-> Client, 2970299:service_4:59, function_24",service_4,0.005
2025-06-03 11:34:23:898,service_4,package_3.package_10.interface_18.function_25,infrastructure,57d5d46a-130d-4bbc-bff5-a6251400608b,04272fdb-94f7-4a60-9314-058eb83b4b4f,"-> Client, 2970299:service_8:3, function_25 (MoveCorrection:,MoveType:Absolute,Parameterfunction_1:,Position:0.0035,Velocity:0)",service_8,0.004
2025-06-03 11:34:23:903,service_3,package_1.package_7.package_8.package_9.interface_17.function_26,infrastructure,57d5d46a-130d-4bbc-bff5-a6251400608b,04272fdb-94f7-4a60-9314-058eb83b4b4f,"-> Client, 2970299:service_4:59, function_26 60",service_4,0.119
2025-06-03 11:34:23:905,service_4,package_3.package_10.interface_18.function_26,infrastructure,57d5d46a-130d-4bbc-bff5-a6251400608b,04272fdb-94f7-4a60-9314-058eb83b4b4f,"-> Client, 2970299:service_8:3, function_26 60",service_8,0.117
2025-06-03 11:34:24:034,service_21,package_3.interface_21.function_41,infrastructure,57d5d46a-130d-4bbc-bff5-a6251400608b,04272fdb-94f7-4a60-9314-058eb83b4b4f,"-> Client, 2970299:service_10:1, function_41 CartridgeGripperIcingSuspected",service_10,0.003
2025-06-03 11:34:24:037,service_21,package_3.package_4.interface_25.function_42,infrastructure,57d5d46a-130d-4bbc-bff5-a6251400608b,04272fdb-94f7-4a60-9314-058eb83b4b4f,"-> Client, 2970299:service_3:14, function_42",service_3,0.0
2025-06-03 11:34:24:039,service_3,package_1.package_2.interface_1.function_1,infrastructure,57d5d46a-130d-4bbc-bff5-a6251400608b,04272fdb-94f7-4a60-9314-058eb83b4b4f,"-> Client, 2970299:service_18:222, function_1 2",service_18,0.003
2025-06-03 11:34:24:052,service_21,package_3.package_4.interface_15.function_23,infrastructure,57d5d46a-130d-4bbc-bff5-a6251400608b,04272fdb-94f7-4a60-9314-058eb83b4b4f,"-> Client, 2970299:service_3:4, function_23 Park",service_3,0.539
2025-06-03 11:34:24:589,service_3,package_1.package_7.package_8.package_9.interface_16.function_3,infrastructure,57d5d46a-130d-4bbc-bff5-a6251400608b,04272fdb-94f7-4a60-9314-058eb83b4b4f,"-> Client, 2970299:service_4:41, function_3 X, 0",service_4,0.002
2025-06-03 11:34:24:594,service_3,package_1.package_7.package_8.package_9.interface_17.function_24,infrastructure,57d5d46a-130d-4bbc-bff5-a6251400608b,04272fdb-94f7-4a60-9314-058eb83b4b4f,"-> Client, 2970299:service_4:60, function_24",service_4,0.003
2025-06-03 11:34:24:595,service_4,package_3.package_10.interface_18.function_25,infrastructure,57d5d46a-130d-4bbc-bff5-a6251400608b,04272fdb-94f7-4a60-9314-058eb83b4b4f,"-> Client, 2970299:service_8:3, function_25 (MoveCorrection:,MoveType:Absolute,Parameterfunction_1:,Position:0,Velocity:0)",service_8,0.002
2025-06-03 11:34:24:599,service_3,package_1.package_7.package_8.package_9.interface_17.function_26,infrastructure,57d5d46a-130d-4bbc-bff5-a6251400608b,04272fdb-94f7-4a60-9314-058eb83b4b4f,"-> Client, 2970299:service_4:60, function_26 60",service_4,0.116
2025-06-03 11:34:24:600,service_4,package_3.package_10.interface_18.function_26,infrastructure,57d5d46a-130d-4bbc-bff5-a6251400608b,04272fdb-94f7-4a60-9314-058eb83b4b4f,"-> Client, 2970299:service_8:3, function_26 60",service_8,0.115
2025-06-03 11:34:24:728,service_21,package_3.package_4.interface_10.function_23,infrastructure,57d5d46a-130d-4bbc-bff5-a6251400608b,04272fdb-94f7-4a60-9314-058eb83b4b4f,"-> Client, 2970299:service_3:5, function_23 Slot6",service_3,0.007
2025-06-03 11:34:24:732,service_21,package_3.interface_21.function_32,infrastructure,-,-,"-> Client, 2970299:service_10:1, function_32 Unknown",service_10,0.003
2025-06-03 11:34:24:953,service_3,package_1.package_7.package_8.package_9.interface_16.function_3,infrastructure,57d5d46a-130d-4bbc-bff5-a6251400608b,04272fdb-94f7-4a60-9314-058eb83b4b4f,"-> Client, 2970299:service_4:34, function_3 Z, 0.022999999999999996",service_4,0.004
2025-06-03 11:34:24:960,service_3,package_1.package_7.package_8.package_9.interface_17.function_24,infrastructure,57d5d46a-130d-4bbc-bff5-a6251400608b,04272fdb-94f7-4a60-9314-058eb83b4b4f,"-> Client, 2970299:service_4:61, function_24",service_4,0.004
2025-06-03 11:34:24:962,service_4,package_3.package_10.interface_18.function_25,infrastructure,57d5d46a-130d-4bbc-bff5-a6251400608b,04272fdb-94f7-4a60-9314-058eb83b4b4f,"-> Client, 2970299:service_8:4, function_25 (MoveCorrection:,MoveType:Absolute,Parameterfunction_1:,Position:0.023,Velocity:0)",service_8,0.002
2025-06-03 11:34:24:966,service_3,package_1.package_7.package_8.package_9.interface_17.function_26,infrastructure,57d5d46a-130d-4bbc-bff5-a6251400608b,04272fdb-94f7-4a60-9314-058eb83b4b4f,"-> Client, 2970299:service_4:61, function_26 60",service_4,0.0
2025-06-03 11:34:24:967,service_4,package_3.package_10.interface_18.function_26,infrastructure,57d5d46a-130d-4bbc-bff5-a6251400608b,04272fdb-94f7-4a60-9314-058eb83b4b4f,"-> Client, 2970299:service_8:4, function_26 60",service_8,0.115
2025-06-03 11:34:25:298,service_21,package_3.package_4.interface_20.function_34,infrastructure,57d5d46a-130d-4bbc-bff5-a6251400608b,04272fdb-94f7-4a60-9314-058eb83b4b4f,"-> Client, 2970299:service_3:9, function_34",service_3,0.002
2025-06-03 11:34:25:301,service_21,package_3.package_4.interface_20.function_35,infrastructure,57d5d46a-130d-4bbc-bff5-a6251400608b,04272fdb-94f7-4a60-9314-058eb83b4b4f,"-> Client, 2970299:service_3:9, function_35",service_3,0.002
2025-06-03 11:34:25:309,service_21,package_3.interface_21.function_32,infrastructure,57d5d46a-130d-4bbc-bff5-a6251400608b,04272fdb-94f7-4a60-9314-058eb83b4b4f,"-> Client, 2970299:service_10:1, function_32 Present",service_10,0.002
2025-06-03 11:34:25:311,service_21,package_3.interface_21.function_43,infrastructure,57d5d46a-130d-4bbc-bff5-a6251400608b,04272fdb-94f7-4a60-9314-058eb83b4b4f,"-> Client, 2970299:service_10:1, function_43 Unknown",service_10,0.003
2025-06-03 11:34:25:314,service_21,package_3.package_4.interface_22.function_44,infrastructure,57d5d46a-130d-4bbc-bff5-a6251400608b,04272fdb-94f7-4a60-9314-058eb83b4b4f,"-> Client, 2970299:service_3:2, function_44",service_3,0.007
2025-06-03 11:34:25:316,service_3,package_1.package_2.interface_1.function_1,infrastructure,57d5d46a-130d-4bbc-bff5-a6251400608b,04272fdb-94f7-4a60-9314-058eb83b4b4f,"-> Client, 2970299:service_18:226, function_1 1",service_18,0.005
2025-06-03 11:34:25:317,service_18,package_3.package_10.interface_13.function_44,infrastructure,57d5d46a-130d-4bbc-bff5-a6251400608b,04272fdb-94f7-4a60-9314-058eb83b4b4f,"-> Client, 2970299:service_8:2, function_44",service_8,0.004
2025-06-03 11:34:25:325,service_21,package_3.interface_21.function_43,infrastructure,-,-,"-> Client, 2970299:service_10:1, function_43 Unknown",service_10,0.002
2025-06-03 11:34:25:328,service_21,package_3.interface_21.function_43,infrastructure,-,-,"-> Client, 2970299:service_10:1, function_43 Unknown",service_10,0.002
2025-06-03 11:34:25:342,service_21,package_3.interface_21.function_43,infrastructure,-,-,"-> Client, 2970299:service_10:1, function_43 Unknown",service_10,0.002
2025-06-03 11:34:25:345,service_21,package_3.package_4.interface_10.function_23,infrastructure,57d5d46a-130d-4bbc-bff5-a6251400608b,04272fdb-94f7-4a60-9314-058eb83b4b4f,"-> Client, 2970299:service_3:5, function_23 Slot1",service_3,0.005
2025-06-03 11:34:25:347,service_21,package_3.interface_21.function_32,infrastructure,-,-,"-> Client, 2970299:service_10:1, function_32 Unknown",service_10,0.003
2025-06-03 11:34:25:528,service_3,package_1.package_7.package_8.package_9.interface_16.function_3,infrastructure,57d5d46a-130d-4bbc-bff5-a6251400608b,04272fdb-94f7-4a60-9314-058eb83b4b4f,"-> Client, 2970299:service_4:34, function_3 Z, 0.005499999999999998",service_4,0.002
2025-06-03 11:34:25:532,service_3,package_1.package_7.package_8.package_9.interface_17.function_24,infrastructure,57d5d46a-130d-4bbc-bff5-a6251400608b,04272fdb-94f7-4a60-9314-058eb83b4b4f,"-> Client, 2970299:service_4:62, function_24",service_4,0.006
2025-06-03 11:34:25:533,service_4,package_3.package_10.interface_18.function_25,infrastructure,57d5d46a-130d-4bbc-bff5-a6251400608b,04272fdb-94f7-4a60-9314-058eb83b4b4f,"-> Client, 2970299:service_8:4, function_25 (MoveCorrection:,MoveType:Absolute,Parameterfunction_1:,Position:0.0055,Velocity:0)",service_8,0.005
2025-06-03 11:34:25:539,service_3,package_1.package_7.package_8.package_9.interface_17.function_26,infrastructure,57d5d46a-130d-4bbc-bff5-a6251400608b,04272fdb-94f7-4a60-9314-058eb83b4b4f,"-> Client, 2970299:service_4:62, function_26 60",service_4,0.048
2025-06-03 11:34:25:540,service_4,package_3.package_10.interface_18.function_26,infrastructure,57d5d46a-130d-4bbc-bff5-a6251400608b,04272fdb-94f7-4a60-9314-058eb83b4b4f,"-> Client, 2970299:service_8:4, function_26 60",service_8,0.047
2025-06-03 11:34:25:667,service_21,package_3.package_4.interface_22.function_33,infrastructure,57d5d46a-130d-4bbc-bff5-a6251400608b,04272fdb-94f7-4a60-9314-058eb83b4b4f,"-> Client, 2970299:service_3:2, function_33",service_3,0.008
2025-06-03 11:34:25:669,service_3,package_1.package_2.interface_1.function_1,infrastructure,57d5d46a-130d-4bbc-bff5-a6251400608b,04272fdb-94f7-4a60-9314-058eb83b4b4f,"-> Client, 2970299:service_18:226, function_1 2",service_18,0.006
2025-06-03 11:34:25:670,service_18,package_3.package_10.interface_13.function_33,infrastructure,57d5d46a-130d-4bbc-bff5-a6251400608b,04272fdb-94f7-4a60-9314-058eb83b4b4f,"-> Client, 2970299:service_8:2, function_33",service_8,0.005
2025-06-03 11:34:25:717,service_21,package_3.interface_21.function_43,infrastructure,57d5d46a-130d-4bbc-bff5-a6251400608b,04272fdb-94f7-4a60-9314-058eb83b4b4f,"-> Client, 2970299:service_10:1, function_43 Slot1",service_10,0.002
2025-06-03 11:34:25:720,service_21,package_3.package_4.interface_10.function_23,infrastructure,57d5d46a-130d-4bbc-bff5-a6251400608b,04272fdb-94f7-4a60-9314-058eb83b4b4f,"-> Client, 2970299:service_3:5, function_23 Park",service_3,0.006
2025-06-03 11:34:25:723,service_21,package_3.interface_21.function_32,infrastructure,-,-,"-> Client, 2970299:service_10:1, function_32 Unknown",service_10,0.003
2025-06-03 11:34:25:905,service_3,package_1.package_7.package_8.package_9.interface_16.function_3,infrastructure,57d5d46a-130d-4bbc-bff5-a6251400608b,04272fdb-94f7-4a60-9314-058eb83b4b4f,"-> Client, 2970299:service_4:34, function_3 Z, 0",service_4,0.003
2025-06-03 11:34:25:910,service_3,package_1.package_7.package_8.package_9.interface_17.function_24,infrastructure,57d5d46a-130d-4bbc-bff5-a6251400608b,04272fdb-94f7-4a60-9314-058eb83b4b4f,"-> Client, 2970299:service_4:63, function_24",service_4,0.004
2025-06-03 11:34:25:911,service_4,package_3.package_10.interface_18.function_25,infrastructure,57d5d46a-130d-4bbc-bff5-a6251400608b,04272fdb-94f7-4a60-9314-058eb83b4b4f,"-> Client, 2970299:service_8:4, function_25 (MoveCorrection:,MoveType:Absolute,Parameterfunction_1:,Position:0,Velocity:0)",service_8,0.003
2025-06-03 11:34:25:916,service_3,package_1.package_7.package_8.package_9.interface_17.function_26,infrastructure,57d5d46a-130d-4bbc-bff5-a6251400608b,04272fdb-94f7-4a60-9314-058eb83b4b4f,"-> Client, 2970299:service_4:63, function_26 60",service_4,0.127
2025-06-03 11:34:25:917,service_4,package_3.package_10.interface_18.function_26,infrastructure,57d5d46a-130d-4bbc-bff5-a6251400608b,04272fdb-94f7-4a60-9314-058eb83b4b4f,"-> Client, 2970299:service_8:4, function_26 60",service_8,0.126
2025-06-03 11:34:26:181,service_21,package_3.package_4.interface_20.function_34,infrastructure,57d5d46a-130d-4bbc-bff5-a6251400608b,04272fdb-94f7-4a60-9314-058eb83b4b4f,"-> Client, 2970299:service_3:9, function_34",service_3,0.002
2025-06-03 11:34:26:184,service_21,package_3.package_4.interface_20.function_35,infrastructure,57d5d46a-130d-4bbc-bff5-a6251400608b,04272fdb-94f7-4a60-9314-058eb83b4b4f,"-> Client, 2970299:service_3:9, function_35",service_3,0.002
2025-06-03 11:34:26:189,service_21,package_3.interface_21.function_32,infrastructure,57d5d46a-130d-4bbc-bff5-a6251400608b,04272fdb-94f7-4a60-9314-058eb83b4b4f,"-> Client, 2970299:service_10:1, function_32 NotPresent",service_10,0.002
2025-06-03 11:34:26:191,service_21,package_3.package_4.interface_19.function_51,infrastructure,57d5d46a-130d-4bbc-bff5-a6251400608b,04272fdb-94f7-4a60-9314-058eb83b4b4f,"-> Client, 2970299:service_3:6, function_51",service_3,0.007
2025-06-03 11:34:26:193,service_3,package_1.package_2.interface_1.function_1,infrastructure,57d5d46a-130d-4bbc-bff5-a6251400608b,04272fdb-94f7-4a60-9314-058eb83b4b4f,"-> Client, 2970299:service_18:224, function_1 1",service_18,0.005
2025-06-03 11:34:26:194,service_18,package_3.package_10.interface_13.function_52,infrastructure,57d5d46a-130d-4bbc-bff5-a6251400608b,04272fdb-94f7-4a60-9314-058eb83b4b4f,"-> Client, 2970299:service_8:2, function_52",service_8,0.004
2025-06-03 11:34:26:202,service_21,package_3.interface_21.function_53,infrastructure,-,-,"-> Client, 2970299:service_10:1, function_53 (CassetteSlot:Unknown,Detail_objectId:2970299:service_10:58,State:Unknown)",service_10,0.003
2025-06-03 11:34:26:211,service_21,package_3.package_4.interface_15.function_23,infrastructure,57d5d46a-130d-4bbc-bff5-a6251400608b,04272fdb-94f7-4a60-9314-058eb83b4b4f,"-> Client, 2970299:service_3:4, function_23 Docker",service_3,0.0
2025-06-03 11:34:26:212,service_21,package_3.interface_21.function_53,infrastructure,-,-,"-> Client, 2970299:service_10:1, function_53 (CassetteSlot:Unknown,Detail_objectId:2970299:service_10:58,State:Unknown)",service_10,0.002
2025-06-03 11:34:26:424,service_3,package_1.package_7.package_8.package_9.interface_16.function_3,infrastructure,57d5d46a-130d-4bbc-bff5-a6251400608b,04272fdb-94f7-4a60-9314-058eb83b4b4f,"-> Client, 2970299:service_4:41, function_3 X, 0.018",service_4,0.003
2025-06-03 11:34:26:430,service_3,package_1.package_7.package_8.package_9.interface_17.function_24,infrastructure,57d5d46a-130d-4bbc-bff5-a6251400608b,04272fdb-94f7-4a60-9314-058eb83b4b4f,"-> Client, 2970299:service_4:64, function_24",service_4,0.006
2025-06-03 11:34:26:432,service_4,package_3.package_10.interface_18.function_25,infrastructure,57d5d46a-130d-4bbc-bff5-a6251400608b,04272fdb-94f7-4a60-9314-058eb83b4b4f,"-> Client, 2970299:service_8:3, function_25 (MoveCorrection:,MoveType:Absolute,Parameterfunction_1:,Position:0.018,Velocity:0)",service_8,0.004
2025-06-03 11:34:26:438,service_3,package_1.package_7.package_8.package_9.interface_17.function_26,infrastructure,57d5d46a-130d-4bbc-bff5-a6251400608b,04272fdb-94f7-4a60-9314-058eb83b4b4f,"-> Client, 2970299:service_4:64, function_26 60",service_4,0.125
2025-06-03 11:34:26:439,service_4,package_3.package_10.interface_18.function_26,infrastructure,57d5d46a-130d-4bbc-bff5-a6251400608b,04272fdb-94f7-4a60-9314-058eb83b4b4f,"-> Client, 2970299:service_8:3, function_26 60",service_8,0.124
2025-06-03 11:34:26:572,service_21,package_3.package_4.interface_19.function_27,infrastructure,57d5d46a-130d-4bbc-bff5-a6251400608b,04272fdb-94f7-4a60-9314-058eb83b4b4f,"-> Client, 2970299:service_3:6, function_27",service_3,0.006
2025-06-03 11:34:26:573,service_3,package_1.package_2.interface_1.function_1,infrastructure,57d5d46a-130d-4bbc-bff5-a6251400608b,04272fdb-94f7-4a60-9314-058eb83b4b4f,"-> Client, 2970299:service_18:224, function_1 2",service_18,0.005
2025-06-03 11:34:26:575,service_18,package_3.package_10.interface_13.function_29,infrastructure,57d5d46a-130d-4bbc-bff5-a6251400608b,04272fdb-94f7-4a60-9314-058eb83b4b4f,"-> Client, 2970299:service_8:2, function_29",service_8,0.003
2025-06-03 11:34:26:582,service_21,package_3.interface_21.function_53,infrastructure,-,-,"-> Client, 2970299:service_10:1, function_53 (CassetteSlot:Unknown,Detail_objectId:2970299:service_10:58,State:Unknown)",service_10,0.002
2025-06-03 11:34:26:599,service_21,package_3.interface_21.function_59,infrastructure,57d5d46a-130d-4bbc-bff5-a6251400608b,04272fdb-94f7-4a60-9314-058eb83b4b4f,"-> Client, 2970299:service_10:1, function_59",service_10,0.002
2025-06-03 11:34:26:602,service_21,package_3.interface_21.function_62,infrastructure,57d5d46a-130d-4bbc-bff5-a6251400608b,04272fdb-94f7-4a60-9314-058eb83b4b4f,"-> Client, 2970299:service_10:1, function_62 (CassetteSlot:Slot1,Detail_objectId:2970299:service_10:85,State:NotPresent)",service_10,0.006
2025-06-03 11:34:26:611,service_21,package_3.interface_21.function_53,infrastructure,57d5d46a-130d-4bbc-bff5-a6251400608b,04272fdb-94f7-4a60-9314-058eb83b4b4f,"-> Client, 2970299:service_10:1, function_53 (CassetteSlot:Slot1,Detail_objectId:2970299:service_10:59,State:NotPresent)",service_10,0.004
2025-06-03 11:34:26:619,service_21,package_3.package_4.interface_15.function_23,infrastructure,57d5d46a-130d-4bbc-bff5-a6251400608b,04272fdb-94f7-4a60-9314-058eb83b4b4f,"-> Client, 2970299:service_3:4, function_23 CartridgeDetectionBegin",service_3,0.215
2025-06-03 11:34:26:832,service_3,package_1.package_7.package_8.package_9.interface_16.function_3,infrastructure,57d5d46a-130d-4bbc-bff5-a6251400608b,04272fdb-94f7-4a60-9314-058eb83b4b4f,"-> Client, 2970299:service_4:41, function_3 X, 0.004",service_4,0.002
2025-06-03 11:34:26:837,service_3,package_1.package_7.package_8.package_9.interface_17.function_24,infrastructure,57d5d46a-130d-4bbc-bff5-a6251400608b,04272fdb-94f7-4a60-9314-058eb83b4b4f,"-> Client, 2970299:service_4:65, function_24",service_4,0.005
2025-06-03 11:34:26:838,service_4,package_3.package_10.interface_18.function_25,infrastructure,57d5d46a-130d-4bbc-bff5-a6251400608b,04272fdb-94f7-4a60-9314-058eb83b4b4f,"-> Client, 2970299:service_8:3, function_25 (MoveCorrection:,MoveType:Absolute,Parameterfunction_1:,Position:0.004,Velocity:0)",service_8,0.004
2025-06-03 11:34:26:843,service_3,package_1.package_7.package_8.package_9.interface_17.function_26,infrastructure,57d5d46a-130d-4bbc-bff5-a6251400608b,04272fdb-94f7-4a60-9314-058eb83b4b4f,"-> Client, 2970299:service_4:65, function_26 60",service_4,0.0
2025-06-03 11:34:26:845,service_4,package_3.package_10.interface_18.function_26,infrastructure,57d5d46a-130d-4bbc-bff5-a6251400608b,04272fdb-94f7-4a60-9314-058eb83b4b4f,"-> Client, 2970299:service_8:3, function_26 60",service_8,0.116
2025-06-03 11:34:26:967,service_21,package_3.package_4.interface_20.function_34,infrastructure,57d5d46a-130d-4bbc-bff5-a6251400608b,04272fdb-94f7-4a60-9314-058eb83b4b4f,"-> Client, 2970299:service_3:8, function_34",service_3,0.0
2025-06-03 11:34:26:969,service_3,package_1.package_2.interface_1.function_1,infrastructure,57d5d46a-130d-4bbc-bff5-a6251400608b,04272fdb-94f7-4a60-9314-058eb83b4b4f,"-> Client, 2970299:service_18:223, function_1 1",service_18,0.003
2025-06-03 11:34:26:970,service_18,package_3.package_10.interface_13.function_58,infrastructure,57d5d46a-130d-4bbc-bff5-a6251400608b,04272fdb-94f7-4a60-9314-058eb83b4b4f,"-> Client, 2970299:service_8:2, function_58",service_8,0.002
2025-06-03 11:34:26:977,service_21,package_3.package_4.interface_15.function_23,infrastructure,57d5d46a-130d-4bbc-bff5-a6251400608b,04272fdb-94f7-4a60-9314-058eb83b4b4f,"-> Client, 2970299:service_3:4, function_23 CartridgeDetectionEnd",service_3,0.0
2025-06-03 11:34:27:218,service_3,package_1.package_7.package_8.package_9.interface_16.function_3,infrastructure,57d5d46a-130d-4bbc-bff5-a6251400608b,04272fdb-94f7-4a60-9314-058eb83b4b4f,"-> Client, 2970299:service_4:41, function_3 X, 0.003",service_4,0.003
2025-06-03 11:34:27:223,service_4,package_3.package_10.interface_18.function_25,infrastructure,57d5d46a-130d-4bbc-bff5-a6251400608b,04272fdb-94f7-4a60-9314-058eb83b4b4f,"-> Client, 2970299:service_8:3, function_25 (MoveCorrection:,MoveType:Absolute,Parameterfunction_1:,Position:0.003,Velocity:0)",service_8,0.002
2025-06-03 11:34:27:223,service_3,package_1.package_7.package_8.package_9.interface_17.function_24,infrastructure,57d5d46a-130d-4bbc-bff5-a6251400608b,04272fdb-94f7-4a60-9314-058eb83b4b4f,"-> Client, 2970299:service_4:66, function_24",service_4,0.002
2025-06-03 11:34:27:227,service_3,package_1.package_7.package_8.package_9.interface_17.function_26,infrastructure,57d5d46a-130d-4bbc-bff5-a6251400608b,04272fdb-94f7-4a60-9314-058eb83b4b4f,"-> Client, 2970299:service_4:66, function_26 60",service_4,0.118
2025-06-03 11:34:27:227,service_4,package_3.package_10.interface_18.function_26,infrastructure,57d5d46a-130d-4bbc-bff5-a6251400608b,04272fdb-94f7-4a60-9314-058eb83b4b4f,"-> Client, 2970299:service_8:3, function_26 60",service_8,0.118
2025-06-03 11:34:27:351,service_21,package_3.package_4.interface_20.function_35,infrastructure,57d5d46a-130d-4bbc-bff5-a6251400608b,04272fdb-94f7-4a60-9314-058eb83b4b4f,"-> Client, 2970299:service_3:8, function_35",service_3,0.0
2025-06-03 11:34:27:352,service_3,package_1.package_2.interface_1.function_1,infrastructure,57d5d46a-130d-4bbc-bff5-a6251400608b,04272fdb-94f7-4a60-9314-058eb83b4b4f,"-> Client, 2970299:service_18:223, function_1 2",service_18,0.005
2025-06-03 11:34:27:354,service_18,package_3.package_10.interface_13.function_31,infrastructure,57d5d46a-130d-4bbc-bff5-a6251400608b,04272fdb-94f7-4a60-9314-058eb83b4b4f,"-> Client, 2970299:service_8:2, function_31",service_8,0.003
2025-06-03 11:34:27:370,service_21,package_3.interface_21.function_53,infrastructure,57d5d46a-130d-4bbc-bff5-a6251400608b,04272fdb-94f7-4a60-9314-058eb83b4b4f,"-> Client, 2970299:service_10:1, function_53 (CassetteSlot:Slot1,Detail_objectId:2970299:service_10:59,State:NotPresent)",service_10,0.002
2025-06-03 11:34:27:374,service_21,package_3.package_4.interface_15.function_23,infrastructure,57d5d46a-130d-4bbc-bff5-a6251400608b,04272fdb-94f7-4a60-9314-058eb83b4b4f,"-> Client, 2970299:service_3:4, function_23 Docker",service_3,0.199
2025-06-03 11:34:27:571,service_3,package_1.package_7.package_8.package_9.interface_16.function_3,infrastructure,57d5d46a-130d-4bbc-bff5-a6251400608b,04272fdb-94f7-4a60-9314-058eb83b4b4f,"-> Client, 2970299:service_4:41, function_3 X, 0.018",service_4,0.002
2025-06-03 11:34:27:576,service_3,package_1.package_7.package_8.package_9.interface_17.function_24,infrastructure,57d5d46a-130d-4bbc-bff5-a6251400608b,04272fdb-94f7-4a60-9314-058eb83b4b4f,"-> Client, 2970299:service_4:67, function_24",service_4,0.005
2025-06-03 11:34:27:577,service_4,package_3.package_10.interface_18.function_25,infrastructure,57d5d46a-130d-4bbc-bff5-a6251400608b,04272fdb-94f7-4a60-9314-058eb83b4b4f,"-> Client, 2970299:service_8:3, function_25 (MoveCorrection:,MoveType:Absolute,Parameterfunction_1:,Position:0.018,Velocity:0)",service_8,0.004
2025-06-03 11:34:27:583,service_3,package_1.package_7.package_8.package_9.interface_17.function_26,infrastructure,57d5d46a-130d-4bbc-bff5-a6251400608b,04272fdb-94f7-4a60-9314-058eb83b4b4f,"-> Client, 2970299:service_4:67, function_26 60",service_4,0.116
2025-06-03 11:34:27:584,service_4,package_3.package_10.interface_18.function_26,infrastructure,57d5d46a-130d-4bbc-bff5-a6251400608b,04272fdb-94f7-4a60-9314-058eb83b4b4f,"-> Client, 2970299:service_8:3, function_26 60",service_8,0.115
2025-06-03 11:34:27:707,service_21,package_3.package_4.interface_19.function_51,infrastructure,57d5d46a-130d-4bbc-bff5-a6251400608b,04272fdb-94f7-4a60-9314-058eb83b4b4f,"-> Client, 2970299:service_3:6, function_51",service_3,0.007
2025-06-03 11:34:27:708,service_3,package_1.package_2.interface_1.function_1,infrastructure,57d5d46a-130d-4bbc-bff5-a6251400608b,04272fdb-94f7-4a60-9314-058eb83b4b4f,"-> Client, 2970299:service_18:224, function_1 1",service_18,0.006
2025-06-03 11:34:27:710,service_18,package_3.package_10.interface_13.function_52,infrastructure,57d5d46a-130d-4bbc-bff5-a6251400608b,04272fdb-94f7-4a60-9314-058eb83b4b4f,"-> Client, 2970299:service_8:2, function_52",service_8,0.004
2025-06-03 11:34:27:718,service_21,package_3.interface_21.function_53,infrastructure,-,-,"-> Client, 2970299:service_10:1, function_53 (CassetteSlot:Slot1,Detail_objectId:2970299:service_10:59,State:Unknown)",service_10,0.003
2025-06-03 11:34:27:730,service_21,package_3.package_4.interface_15.function_23,infrastructure,57d5d46a-130d-4bbc-bff5-a6251400608b,04272fdb-94f7-4a60-9314-058eb83b4b4f,"-> Client, 2970299:service_3:4, function_23 CartridgeDetectionBegin",service_3,0.003
2025-06-03 11:34:27:731,service_21,package_3.interface_21.function_53,infrastructure,-,-,"-> Client, 2970299:service_10:1, function_53 (CassetteSlot:Slot1,Detail_objectId:2970299:service_10:59,State:Unknown)",service_10,0.002
2025-06-03 11:34:27:918,service_3,package_1.package_7.package_8.package_9.interface_16.function_3,infrastructure,57d5d46a-130d-4bbc-bff5-a6251400608b,04272fdb-94f7-4a60-9314-058eb83b4b4f,"-> Client, 2970299:service_4:41, function_3 X, 0.004",service_4,0.003
2025-06-03 11:34:27:923,service_3,package_1.package_7.package_8.package_9.interface_17.function_24,infrastructure,57d5d46a-130d-4bbc-bff5-a6251400608b,04272fdb-94f7-4a60-9314-058eb83b4b4f,"-> Client, 2970299:service_4:68, function_24",service_4,0.003
2025-06-03 11:34:27:924,service_4,package_3.package_10.interface_18.function_25,infrastructure,57d5d46a-130d-4bbc-bff5-a6251400608b,04272fdb-94f7-4a60-9314-058eb83b4b4f,"-> Client, 2970299:service_8:3, function_25 (MoveCorrection:,MoveType:Absolute,Parameterfunction_1:,Position:0.004,Velocity:0)",service_8,0.002
2025-06-03 11:34:27:927,service_3,package_1.package_7.package_8.package_9.interface_17.function_26,infrastructure,57d5d46a-130d-4bbc-bff5-a6251400608b,04272fdb-94f7-4a60-9314-058eb83b4b4f,"-> Client, 2970299:service_4:68, function_26 60",service_4,0.124
2025-06-03 11:34:27:929,service_4,package_3.package_10.interface_18.function_26,infrastructure,57d5d46a-130d-4bbc-bff5-a6251400608b,04272fdb-94f7-4a60-9314-058eb83b4b4f,"-> Client, 2970299:service_8:3, function_26 60",service_8,0.122
2025-06-03 11:34:28:058,service_21,package_3.package_4.interface_19.function_27,infrastructure,57d5d46a-130d-4bbc-bff5-a6251400608b,04272fdb-94f7-4a60-9314-058eb83b4b4f,"-> Client, 2970299:service_3:6, function_27",service_3,0.0
2025-06-03 11:34:28:059,service_3,package_1.package_2.interface_1.function_1,infrastructure,57d5d46a-130d-4bbc-bff5-a6251400608b,04272fdb-94f7-4a60-9314-058eb83b4b4f,"-> Client, 2970299:service_18:224, function_1 2",service_18,0.005
2025-06-03 11:34:28:061,service_18,package_3.package_10.interface_13.function_29,infrastructure,57d5d46a-130d-4bbc-bff5-a6251400608b,04272fdb-94f7-4a60-9314-058eb83b4b4f,"-> Client, 2970299:service_8:2, function_29",service_8,0.003
2025-06-03 11:34:28:069,service_21,package_3.interface_21.function_53,infrastructure,-,-,"-> Client, 2970299:service_10:1, function_53 (CassetteSlot:Slot1,Detail_objectId:2970299:service_10:59,State:Unknown)",service_10,0.002
2025-06-03 11:34:28:085,service_21,package_3.package_4.interface_15.function_23,infrastructure,57d5d46a-130d-4bbc-bff5-a6251400608b,04272fdb-94f7-4a60-9314-058eb83b4b4f,"-> Client, 2970299:service_3:4, function_23 CartridgeDetectionBegin",service_3,0.197
2025-06-03 11:34:28:279,service_3,package_1.package_7.package_8.package_9.interface_16.function_3,infrastructure,57d5d46a-130d-4bbc-bff5-a6251400608b,04272fdb-94f7-4a60-9314-058eb83b4b4f,"-> Client, 2970299:service_4:41, function_3 X, 0.004",service_4,0.003
2025-06-03 11:34:28:285,service_3,package_1.package_7.package_8.package_9.interface_17.function_24,infrastructure,57d5d46a-130d-4bbc-bff5-a6251400608b,04272fdb-94f7-4a60-9314-058eb83b4b4f,"-> Client, 2970299:service_4:69, function_24",service_4,0.005
2025-06-03 11:34:28:286,service_4,package_3.package_10.interface_18.function_25,infrastructure,57d5d46a-130d-4bbc-bff5-a6251400608b,04272fdb-94f7-4a60-9314-058eb83b4b4f,"-> Client, 2970299:service_8:3, function_25 (MoveCorrection:,MoveType:Absolute,Parameterfunction_1:,Position:0.004,Velocity:0)",service_8,0.004
2025-06-03 11:34:28:291,service_3,package_1.package_7.package_8.package_9.interface_17.function_26,infrastructure,57d5d46a-130d-4bbc-bff5-a6251400608b,04272fdb-94f7-4a60-9314-058eb83b4b4f,"-> Client, 2970299:service_4:69, function_26 60",service_4,0.0
2025-06-03 11:34:28:293,service_4,package_3.package_10.interface_18.function_26,infrastructure,57d5d46a-130d-4bbc-bff5-a6251400608b,04272fdb-94f7-4a60-9314-058eb83b4b4f,"-> Client, 2970299:service_8:3, function_26 60",service_8,0.112
2025-06-03 11:34:28:411,service_21,package_3.package_4.interface_20.function_34,infrastructure,57d5d46a-130d-4bbc-bff5-a6251400608b,04272fdb-94f7-4a60-9314-058eb83b4b4f,"-> Client, 2970299:service_3:8, function_34",service_3,0.007
2025-06-03 11:34:28:412,service_3,package_1.package_2.interface_1.function_1,infrastructure,57d5d46a-130d-4bbc-bff5-a6251400608b,04272fdb-94f7-4a60-9314-058eb83b4b4f,"-> Client, 2970299:service_18:223, function_1 1",service_18,0.006
2025-06-03 11:34:28:414,service_18,package_3.package_10.interface_13.function_58,infrastructure,57d5d46a-130d-4bbc-bff5-a6251400608b,04272fdb-94f7-4a60-9314-058eb83b4b4f,"-> Client, 2970299:service_8:2, function_58",service_8,0.004
2025-06-03 11:34:28:423,service_21,package_3.package_4.interface_15.function_23,infrastructure,57d5d46a-130d-4bbc-bff5-a6251400608b,04272fdb-94f7-4a60-9314-058eb83b4b4f,"-> Client, 2970299:service_3:4, function_23 CartridgeDetectionEnd",service_3,0.198
2025-06-03 11:34:28:618,service_3,package_1.package_7.package_8.package_9.interface_16.function_3,infrastructure,57d5d46a-130d-4bbc-bff5-a6251400608b,04272fdb-94f7-4a60-9314-058eb83b4b4f,"-> Client, 2970299:service_4:41, function_3 X, 0.003",service_4,0.003
2025-06-03 11:34:28:624,service_3,package_1.package_7.package_8.package_9.interface_17.function_24,infrastructure,57d5d46a-130d-4bbc-bff5-a6251400608b,04272fdb-94f7-4a60-9314-058eb83b4b4f,"-> Client, 2970299:service_4:70, function_24",service_4,0.005
2025-06-03 11:34:28:625,service_4,package_3.package_10.interface_18.function_25,infrastructure,57d5d46a-130d-4bbc-bff5-a6251400608b,04272fdb-94f7-4a60-9314-058eb83b4b4f,"-> Client, 2970299:service_8:3, function_25 (MoveCorrection:,MoveType:Absolute,Parameterfunction_1:,Position:0.003,Velocity:0)",service_8,0.004
2025-06-03 11:34:28:630,service_3,package_1.package_7.package_8.package_9.interface_17.function_26,infrastructure,57d5d46a-130d-4bbc-bff5-a6251400608b,04272fdb-94f7-4a60-9314-058eb83b4b4f,"-> Client, 2970299:service_4:70, function_26 60",service_4,0.112
2025-06-03 11:34:28:631,service_4,package_3.package_10.interface_18.function_26,infrastructure,57d5d46a-130d-4bbc-bff5-a6251400608b,04272fdb-94f7-4a60-9314-058eb83b4b4f,"-> Client, 2970299:service_8:3, function_26 60",service_8,0.111
2025-06-03 11:34:28:749,service_21,package_3.package_4.interface_20.function_35,infrastructure,57d5d46a-130d-4bbc-bff5-a6251400608b,04272fdb-94f7-4a60-9314-058eb83b4b4f,"-> Client, 2970299:service_3:8, function_35",service_3,0.008
2025-06-03 11:34:28:750,service_3,package_1.package_2.interface_1.function_1,infrastructure,57d5d46a-130d-4bbc-bff5-a6251400608b,04272fdb-94f7-4a60-9314-058eb83b4b4f,"-> Client, 2970299:service_18:223, function_1 2",service_18,0.007
2025-06-03 11:34:28:752,service_18,package_3.package_10.interface_13.function_31,infrastructure,57d5d46a-130d-4bbc-bff5-a6251400608b,04272fdb-94f7-4a60-9314-058eb83b4b4f,"-> Client, 2970299:service_8:2, function_31",service_8,0.005
2025-06-03 11:34:28:770,service_21,package_3.interface_21.function_53,infrastructure,57d5d46a-130d-4bbc-bff5-a6251400608b,04272fdb-94f7-4a60-9314-058eb83b4b4f,"-> Client, 2970299:service_10:1, function_53 (CassetteSlot:Slot1,Detail_objectId:2970299:service_10:59,State:NotPresent)",service_10,0.003
2025-06-03 11:34:28:774,service_21,package_3.package_4.interface_15.function_23,infrastructure,57d5d46a-130d-4bbc-bff5-a6251400608b,04272fdb-94f7-4a60-9314-058eb83b4b4f,"-> Client, 2970299:service_3:4, function_23 Park",service_3,0.195
2025-06-03 11:34:28:966,service_3,package_1.package_7.package_8.package_9.interface_16.function_3,infrastructure,57d5d46a-130d-4bbc-bff5-a6251400608b,04272fdb-94f7-4a60-9314-058eb83b4b4f,"-> Client, 2970299:service_4:41, function_3 X, 0",service_4,0.003
2025-06-03 11:34:28:972,service_3,package_1.package_7.package_8.package_9.interface_17.function_24,infrastructure,57d5d46a-130d-4bbc-bff5-a6251400608b,04272fdb-94f7-4a60-9314-058eb83b4b4f,"-> Client, 2970299:service_4:71, function_24",service_4,0.004
2025-06-03 11:34:28:973,service_4,package_3.package_10.interface_18.function_25,infrastructure,57d5d46a-130d-4bbc-bff5-a6251400608b,04272fdb-94f7-4a60-9314-058eb83b4b4f,"-> Client, 2970299:service_8:3, function_25 (MoveCorrection:,MoveType:Absolute,Parameterfunction_1:,Position:0,Velocity:0)",service_8,0.003
2025-06-03 11:34:28:977,service_3,package_1.package_7.package_8.package_9.interface_17.function_26,infrastructure,57d5d46a-130d-4bbc-bff5-a6251400608b,04272fdb-94f7-4a60-9314-058eb83b4b4f,"-> Client, 2970299:service_4:71, function_26 60",service_4,0.119
2025-06-03 11:34:28:978,service_4,package_3.package_10.interface_18.function_26,infrastructure,57d5d46a-130d-4bbc-bff5-a6251400608b,04272fdb-94f7-4a60-9314-058eb83b4b4f,"-> Client, 2970299:service_8:3, function_26 60",service_8,0.118
2025-06-03 11:34:29:107,service_21,package_3.interface_21.function_62,infrastructure,57d5d46a-130d-4bbc-bff5-a6251400608b,04272fdb-94f7-4a60-9314-058eb83b4b4f,"-> Client, 2970299:service_10:1, function_62 (CassetteSlot:Slot1,Detail_objectId:2970299:service_10:59,State:NotPresent)",service_10,0.005
2025-06-03 11:34:29:112,service_21,package_3.interface_21.function_59,infrastructure,57d5d46a-130d-4bbc-bff5-a6251400608b,04272fdb-94f7-4a60-9314-058eb83b4b4f,"-> Client, 2970299:service_10:1, function_59",service_10,0.0
2025-06-03 11:34:29:116,service_21,package_3.interface_21.function_53,infrastructure,57d5d46a-130d-4bbc-bff5-a6251400608b,04272fdb-94f7-4a60-9314-058eb83b4b4f,"-> Client, 2970299:service_10:1, function_53 (CassetteSlot:Unknown,Detail_objectId:2970299:service_10:86,State:NotPresent)",service_10,0.003
2025-06-03 11:34:29:122,service_21,package_3.interface_21.function_62,infrastructure,57d5d46a-130d-4bbc-bff5-a6251400608b,04272fdb-94f7-4a60-9314-058eb83b4b4f,"-> Client, 2970299:service_10:1, function_62 (CassetteSlot:Slot1,Detail_objectId:2970299:service_10:59,State:NotPresent)",service_10,0.003
2025-06-03 11:34:29:344,service_21,package_3.package_4.interface_10.function_23,infrastructure,57d5d46a-130d-4bbc-bff5-a6251400608b,04272fdb-94f7-4a60-9314-058eb83b4b4f,"-> Client, 2970299:service_3:5, function_23 Slot1",service_3,0.007
2025-06-03 11:34:29:347,service_21,package_3.interface_21.function_32,infrastructure,-,-,"-> Client, 2970299:service_10:1, function_32 Unknown",service_10,0.004
2025-06-03 11:34:29:455,service_3,package_1.package_7.package_8.package_9.interface_16.function_3,infrastructure,57d5d46a-130d-4bbc-bff5-a6251400608b,04272fdb-94f7-4a60-9314-058eb83b4b4f,"-> Client, 2970299:service_4:34, function_3 Z, 0.005499999999999998",service_4,0.001
2025-06-03 11:34:29:457,service_3,package_1.package_7.package_8.package_9.interface_17.function_24,infrastructure,57d5d46a-130d-4bbc-bff5-a6251400608b,04272fdb-94f7-4a60-9314-058eb83b4b4f,"-> Client, 2970299:service_4:72, function_24",service_4,0.003
2025-06-03 11:34:29:458,service_4,package_3.package_10.interface_18.function_25,infrastructure,57d5d46a-130d-4bbc-bff5-a6251400608b,04272fdb-94f7-4a60-9314-058eb83b4b4f,"-> Client, 2970299:service_8:4, function_25 (MoveCorrection:,MoveType:Absolute,Parameterfunction_1:,Position:0.0055,Velocity:0)",service_8,0.002
2025-06-03 11:34:29:461,service_3,package_1.package_7.package_8.package_9.interface_17.function_26,infrastructure,57d5d46a-130d-4bbc-bff5-a6251400608b,04272fdb-94f7-4a60-9314-058eb83b4b4f,"-> Client, 2970299:service_4:72, function_26 60",service_4,0.0
2025-06-03 11:34:29:461,service_4,package_3.package_10.interface_18.function_26,infrastructure,57d5d46a-130d-4bbc-bff5-a6251400608b,04272fdb-94f7-4a60-9314-058eb83b4b4f,"-> Client, 2970299:service_8:4, function_26 60",service_8,0.0
2025-06-03 11:34:29:702,service_21,package_3.package_4.interface_20.function_34,infrastructure,57d5d46a-130d-4bbc-bff5-a6251400608b,04272fdb-94f7-4a60-9314-058eb83b4b4f,"-> Client, 2970299:service_3:9, function_34",service_3,0.003
2025-06-03 11:34:29:705,service_21,package_3.package_4.interface_20.function_35,infrastructure,57d5d46a-130d-4bbc-bff5-a6251400608b,04272fdb-94f7-4a60-9314-058eb83b4b4f,"-> Client, 2970299:service_3:9, function_35",service_3,0.0
2025-06-03 11:34:29:712,service_21,package_3.interface_21.function_32,infrastructure,57d5d46a-130d-4bbc-bff5-a6251400608b,04272fdb-94f7-4a60-9314-058eb83b4b4f,"-> Client, 2970299:service_10:1, function_32 Present",service_10,0.002
2025-06-03 11:34:29:715,service_21,package_3.interface_21.function_43,infrastructure,57d5d46a-130d-4bbc-bff5-a6251400608b,04272fdb-94f7-4a60-9314-058eb83b4b4f,"-> Client, 2970299:service_10:1, function_43 Unknown",service_10,0.003
2025-06-03 11:34:29:718,service_21,package_3.package_4.interface_22.function_44,infrastructure,57d5d46a-130d-4bbc-bff5-a6251400608b,04272fdb-94f7-4a60-9314-058eb83b4b4f,"-> Client, 2970299:service_3:2, function_44",service_3,0.0
2025-06-03 11:34:29:720,service_3,package_1.package_2.interface_1.function_1,infrastructure,57d5d46a-130d-4bbc-bff5-a6251400608b,04272fdb-94f7-4a60-9314-058eb83b4b4f,"-> Client, 2970299:service_18:226, function_1 1",service_18,0.006
2025-06-03 11:34:29:721,service_18,package_3.package_10.interface_13.function_44,infrastructure,57d5d46a-130d-4bbc-bff5-a6251400608b,04272fdb-94f7-4a60-9314-058eb83b4b4f,"-> Client, 2970299:service_8:2, function_44",service_8,0.005
2025-06-03 11:34:29:731,service_21,package_3.interface_21.function_43,infrastructure,-,-,"-> Client, 2970299:service_10:1, function_43 Unknown",service_10,0.002
2025-06-03 11:34:29:734,service_21,package_3.interface_21.function_43,infrastructure,-,-,"-> Client, 2970299:service_10:1, function_43 Unknown",service_10,0.002
2025-06-03 11:34:29:753,service_21,package_3.interface_21.function_43,infrastructure,-,-,"-> Client, 2970299:service_10:1, function_43 Unknown",service_10,0.003
2025-06-03 11:34:29:756,service_21,package_3.package_4.interface_10.function_23,infrastructure,57d5d46a-130d-4bbc-bff5-a6251400608b,04272fdb-94f7-4a60-9314-058eb83b4b4f,"-> Client, 2970299:service_3:5, function_23 Slot2",service_3,0.0
2025-06-03 11:34:29:759,service_21,package_3.interface_21.function_32,infrastructure,-,-,"-> Client, 2970299:service_10:1, function_32 Unknown",service_10,0.004
2025-06-03 11:34:29:853,service_3,package_1.package_7.package_8.package_9.interface_16.function_3,infrastructure,57d5d46a-130d-4bbc-bff5-a6251400608b,04272fdb-94f7-4a60-9314-058eb83b4b4f,"-> Client, 2970299:service_4:34, function_3 Z, 0.008999999999999994",service_4,0.002
2025-06-03 11:34:29:858,service_3,package_1.package_7.package_8.package_9.interface_17.function_24,infrastructure,57d5d46a-130d-4bbc-bff5-a6251400608b,04272fdb-94f7-4a60-9314-058eb83b4b4f,"-> Client, 2970299:service_4:73, function_24",service_4,0.004
2025-06-03 11:34:29:859,service_4,package_3.package_10.interface_18.function_25,infrastructure,57d5d46a-130d-4bbc-bff5-a6251400608b,04272fdb-94f7-4a60-9314-058eb83b4b4f,"-> Client, 2970299:service_8:4, function_25 (MoveCorrection:,MoveType:Absolute,Parameterfunction_1:,Position:0.009,Velocity:0)",service_8,0.003
2025-06-03 11:34:29:863,service_3,package_1.package_7.package_8.package_9.interface_17.function_26,infrastructure,57d5d46a-130d-4bbc-bff5-a6251400608b,04272fdb-94f7-4a60-9314-058eb83b4b4f,"-> Client, 2970299:service_4:73, function_26 60",service_4,0.09
2025-06-03 11:34:29:864,service_4,package_3.package_10.interface_18.function_26,infrastructure,57d5d46a-130d-4bbc-bff5-a6251400608b,04272fdb-94f7-4a60-9314-058eb83b4b4f,"-> Client, 2970299:service_8:4, function_26 60",service_8,0.089
2025-06-03 11:34:29:991,service_21,package_3.package_4.interface_22.function_33,infrastructure,57d5d46a-130d-4bbc-bff5-a6251400608b,04272fdb-94f7-4a60-9314-058eb83b4b4f,"-> Client, 2970299:service_3:2, function_33",service_3,0.0
2025-06-03 11:34:29:993,service_3,package_1.package_2.interface_1.function_1,infrastructure,57d5d46a-130d-4bbc-bff5-a6251400608b,04272fdb-94f7-4a60-9314-058eb83b4b4f,"-> Client, 2970299:service_18:226, function_1 2",service_18,0.006
2025-06-03 11:34:29:995,service_18,package_3.package_10.interface_13.function_33,infrastructure,57d5d46a-130d-4bbc-bff5-a6251400608b,04272fdb-94f7-4a60-9314-058eb83b4b4f,"-> Client, 2970299:service_8:2, function_33",service_8,0.004
2025-06-03 11:34:30:037,service_21,package_3.interface_21.function_43,infrastructure,57d5d46a-130d-4bbc-bff5-a6251400608b,04272fdb-94f7-4a60-9314-058eb83b4b4f,"-> Client, 2970299:service_10:1, function_43 Slot2",service_10,0.004
2025-06-03 11:34:30:041,service_21,package_3.package_4.interface_10.function_23,infrastructure,57d5d46a-130d-4bbc-bff5-a6251400608b,04272fdb-94f7-4a60-9314-058eb83b4b4f,"-> Client, 2970299:service_3:5, function_23 Park",service_3,0.0
2025-06-03 11:34:30:045,service_21,package_3.interface_21.function_32,infrastructure,-,-,"-> Client, 2970299:service_10:1, function_32 Unknown",service_10,0.003
2025-06-03 11:34:30:138,service_3,package_1.package_7.package_8.package_9.interface_16.function_3,infrastructure,57d5d46a-130d-4bbc-bff5-a6251400608b,04272fdb-94f7-4a60-9314-058eb83b4b4f,"-> Client, 2970299:service_4:34, function_3 Z, 0",service_4,0.003
2025-06-03 11:34:30:143,service_3,package_1.package_7.package_8.package_9.interface_17.function_24,infrastructure,57d5d46a-130d-4bbc-bff5-a6251400608b,04272fdb-94f7-4a60-9314-058eb83b4b4f,"-> Client, 2970299:service_4:74, function_24",service_4,0.005
2025-06-03 11:34:30:145,service_4,package_3.package_10.interface_18.function_25,infrastructure,57d5d46a-130d-4bbc-bff5-a6251400608b,04272fdb-94f7-4a60-9314-058eb83b4b4f,"-> Client, 2970299:service_8:4, function_25 (MoveCorrection:,MoveType:Absolute,Parameterfunction_1:,Position:0,Velocity:0)",service_8,0.003
2025-06-03 11:34:30:149,service_3,package_1.package_7.package_8.package_9.interface_17.function_26,infrastructure,57d5d46a-130d-4bbc-bff5-a6251400608b,04272fdb-94f7-4a60-9314-058eb83b4b4f,"-> Client, 2970299:service_4:74, function_26 60",service_4,0.0
2025-06-03 11:34:30:150,service_4,package_3.package_10.interface_18.function_26,infrastructure,57d5d46a-130d-4bbc-bff5-a6251400608b,04272fdb-94f7-4a60-9314-058eb83b4b4f,"-> Client, 2970299:service_8:4, function_26 60",service_8,0.124
2025-06-03 11:34:30:391,service_21,package_3.package_4.interface_20.function_34,infrastructure,57d5d46a-130d-4bbc-bff5-a6251400608b,04272fdb-94f7-4a60-9314-058eb83b4b4f,"-> Client, 2970299:service_3:9, function_34",service_3,0.002
2025-06-03 11:34:30:394,service_21,package_3.package_4.interface_20.function_35,infrastructure,57d5d46a-130d-4bbc-bff5-a6251400608b,04272fdb-94f7-4a60-9314-058eb83b4b4f,"-> Client, 2970299:service_3:9, function_35",service_3,0.002
2025-06-03 11:34:30:400,service_21,package_3.interface_21.function_32,infrastructure,57d5d46a-130d-4bbc-bff5-a6251400608b,04272fdb-94f7-4a60-9314-058eb83b4b4f,"-> Client, 2970299:service_10:1, function_32 NotPresent",service_10,0.004
2025-06-03 11:34:30:404,service_21,package_3.package_4.interface_19.function_51,infrastructure,57d5d46a-130d-4bbc-bff5-a6251400608b,04272fdb-94f7-4a60-9314-058eb83b4b4f,"-> Client, 2970299:service_3:6, function_51",service_3,0.007
2025-06-03 11:34:30:406,service_3,package_1.package_2.interface_1.function_1,infrastructure,57d5d46a-130d-4bbc-bff5-a6251400608b,04272fdb-94f7-4a60-9314-058eb83b4b4f,"-> Client, 2970299:service_18:224, function_1 1",service_18,0.005
2025-06-03 11:34:30:408,service_18,package_3.package_10.interface_13.function_52,infrastructure,57d5d46a-130d-4bbc-bff5-a6251400608b,04272fdb-94f7-4a60-9314-058eb83b4b4f,"-> Client, 2970299:service_8:2, function_52",service_8,0.003
2025-06-03 11:34:30:414,service_21,package_3.interface_21.function_53,infrastructure,-,-,"-> Client, 2970299:service_10:1, function_53 (CassetteSlot:Unknown,Detail_objectId:2970299:service_10:87,State:Unknown)",service_10,0.002
2025-06-03 11:34:30:428,service_21,package_3.package_4.interface_15.function_23,infrastructure,57d5d46a-130d-4bbc-bff5-a6251400608b,04272fdb-94f7-4a60-9314-058eb83b4b4f,"-> Client, 2970299:service_3:4, function_23 Docker",service_3,0.0
2025-06-03 11:34:30:430,service_21,package_3.interface_21.function_53,infrastructure,-,-,"-> Client, 2970299:service_10:1, function_53 (CassetteSlot:Unknown,Detail_objectId:2970299:service_10:87,State:Unknown)",service_10,0.002
2025-06-03 11:34:30:620,service_3,package_1.package_7.package_8.package_9.interface_16.function_3,infrastructure,57d5d46a-130d-4bbc-bff5-a6251400608b,04272fdb-94f7-4a60-9314-058eb83b4b4f,"-> Client, 2970299:service_4:41, function_3 X, 0.018",service_4,0.003
2025-06-03 11:34:30:627,service_4,package_3.package_10.interface_18.function_25,infrastructure,57d5d46a-130d-4bbc-bff5-a6251400608b,04272fdb-94f7-4a60-9314-058eb83b4b4f,"-> Client, 2970299:service_8:3, function_25 (MoveCorrection:,MoveType:Absolute,Parameterfunction_1:,Position:0.018,Velocity:0)",service_8,0.003
2025-06-03 11:34:30:627,service_3,package_1.package_7.package_8.package_9.interface_17.function_24,infrastructure,57d5d46a-130d-4bbc-bff5-a6251400608b,04272fdb-94f7-4a60-9314-058eb83b4b4f,"-> Client, 2970299:service_4:75, function_24",service_4,0.003
2025-06-03 11:34:30:632,service_3,package_1.package_7.package_8.package_9.interface_17.function_26,infrastructure,57d5d46a-130d-4bbc-bff5-a6251400608b,04272fdb-94f7-4a60-9314-058eb83b4b4f,"-> Client, 2970299:service_4:75, function_26 60",service_4,0.119
2025-06-03 11:34:30:633,service_4,package_3.package_10.interface_18.function_26,infrastructure,57d5d46a-130d-4bbc-bff5-a6251400608b,04272fdb-94f7-4a60-9314-058eb83b4b4f,"-> Client, 2970299:service_8:3, function_26 60",service_8,0.118
2025-06-03 11:34:30:759,service_21,package_3.package_4.interface_19.function_27,infrastructure,57d5d46a-130d-4bbc-bff5-a6251400608b,04272fdb-94f7-4a60-9314-058eb83b4b4f,"-> Client, 2970299:service_3:6, function_27",service_3,0.006
2025-06-03 11:34:30:760,service_3,package_1.package_2.interface_1.function_1,infrastructure,57d5d46a-130d-4bbc-bff5-a6251400608b,04272fdb-94f7-4a60-9314-058eb83b4b4f,"-> Client, 2970299:service_18:224, function_1 2",service_18,0.005
2025-06-03 11:34:30:762,service_18,package_3.package_10.interface_13.function_29,infrastructure,57d5d46a-130d-4bbc-bff5-a6251400608b,04272fdb-94f7-4a60-9314-058eb83b4b4f,"-> Client, 2970299:service_8:2, function_29",service_8,0.003
2025-06-03 11:34:30:770,service_21,package_3.interface_21.function_53,infrastructure,-,-,"-> Client, 2970299:service_10:1, function_53 (CassetteSlot:Unknown,Detail_objectId:2970299:service_10:87,State:Unknown)",service_10,0.002
2025-06-03 11:34:30:787,service_21,package_3.interface_21.function_59,infrastructure,57d5d46a-130d-4bbc-bff5-a6251400608b,04272fdb-94f7-4a60-9314-058eb83b4b4f,"-> Client, 2970299:service_10:1, function_59",service_10,0.002
2025-06-03 11:34:30:790,service_21,package_3.interface_21.function_62,infrastructure,57d5d46a-130d-4bbc-bff5-a6251400608b,04272fdb-94f7-4a60-9314-058eb83b4b4f,"-> Client, 2970299:service_10:1, function_62 (CassetteSlot:Slot2,Detail_objectId:2970299:service_10:88,State:NotPresent)",service_10,0.003
2025-06-03 11:34:30:795,service_21,package_3.interface_21.function_53,infrastructure,57d5d46a-130d-4bbc-bff5-a6251400608b,04272fdb-94f7-4a60-9314-058eb83b4b4f,"-> Client, 2970299:service_10:1, function_53 (CassetteSlot:Slot2,Detail_objectId:2970299:service_10:60,State:NotPresent)",service_10,0.004
2025-06-03 11:34:30:805,service_21,package_3.package_4.interface_15.function_23,infrastructure,57d5d46a-130d-4bbc-bff5-a6251400608b,04272fdb-94f7-4a60-9314-058eb83b4b4f,"-> Client, 2970299:service_3:4, function_23 CartridgeDetectionBegin",service_3,0.205
2025-06-03 11:34:31:008,service_3,package_1.package_7.package_8.package_9.interface_16.function_3,infrastructure,57d5d46a-130d-4bbc-bff5-a6251400608b,04272fdb-94f7-4a60-9314-058eb83b4b4f,"-> Client, 2970299:service_4:41, function_3 X, 0.004",service_4,0.002
2025-06-03 11:34:31:013,service_3,package_1.package_7.package_8.package_9.interface_17.function_24,infrastructure,57d5d46a-130d-4bbc-bff5-a6251400608b,04272fdb-94f7-4a60-9314-058eb83b4b4f,"-> Client, 2970299:service_4:76, function_24",service_4,0.005
2025-06-03 11:34:31:014,service_4,package_3.package_10.interface_18.function_25,infrastructure,57d5d46a-130d-4bbc-bff5-a6251400608b,04272fdb-94f7-4a60-9314-058eb83b4b4f,"-> Client, 2970299:service_8:3, function_25 (MoveCorrection:,MoveType:Absolute,Parameterfunction_1:,Position:0.004,Velocity:0)",service_8,0.004
2025-06-03 11:34:31:019,service_3,package_1.package_7.package_8.package_9.interface_17.function_26,infrastructure,57d5d46a-130d-4bbc-bff5-a6251400608b,04272fdb-94f7-4a60-9314-058eb83b4b4f,"-> Client, 2970299:service_4:76, function_26 60",service_4,0.0
2025-06-03 11:34:31:021,service_4,package_3.package_10.interface_18.function_26,infrastructure,57d5d46a-130d-4bbc-bff5-a6251400608b,04272fdb-94f7-4a60-9314-058eb83b4b4f,"-> Client, 2970299:service_8:3, function_26 60",service_8,0.11
2025-06-03 11:34:31:139,service_21,package_3.package_4.interface_20.function_34,infrastructure,57d5d46a-130d-4bbc-bff5-a6251400608b,04272fdb-94f7-4a60-9314-058eb83b4b4f,"-> Client, 2970299:service_3:8, function_34",service_3,0.0
2025-06-03 11:34:31:141,service_3,package_1.package_2.interface_1.function_1,infrastructure,57d5d46a-130d-4bbc-bff5-a6251400608b,04272fdb-94f7-4a60-9314-058eb83b4b4f,"-> Client, 2970299:service_18:223, function_1 1",service_18,0.005
2025-06-03 11:34:31:142,service_18,package_3.package_10.interface_13.function_58,infrastructure,57d5d46a-130d-4bbc-bff5-a6251400608b,04272fdb-94f7-4a60-9314-058eb83b4b4f,"-> Client, 2970299:service_8:2, function_58",service_8,0.004
2025-06-03 11:34:31:151,service_21,package_3.package_4.interface_15.function_23,infrastructure,57d5d46a-130d-4bbc-bff5-a6251400608b,04272fdb-94f7-4a60-9314-058eb83b4b4f,"-> Client, 2970299:service_3:4, function_23 CartridgeDetectionEnd",service_3,0.202
2025-06-03 11:34:31:351,service_3,package_1.package_7.package_8.package_9.interface_16.function_3,infrastructure,57d5d46a-130d-4bbc-bff5-a6251400608b,04272fdb-94f7-4a60-9314-058eb83b4b4f,"-> Client, 2970299:service_4:41, function_3 X, 0.003",service_4,0.002
2025-06-03 11:34:31:356,service_3,package_1.package_7.package_8.package_9.interface_17.function_24,infrastructure,57d5d46a-130d-4bbc-bff5-a6251400608b,04272fdb-94f7-4a60-9314-058eb83b4b4f,"-> Client, 2970299:service_4:77, function_24",service_4,0.005
2025-06-03 11:34:31:358,service_4,package_3.package_10.interface_18.function_25,infrastructure,57d5d46a-130d-4bbc-bff5-a6251400608b,04272fdb-94f7-4a60-9314-058eb83b4b4f,"-> Client, 2970299:service_8:3, function_25 (MoveCorrection:,MoveType:Absolute,Parameterfunction_1:,Position:0.003,Velocity:0)",service_8,0.003
2025-06-03 11:34:31:363,service_3,package_1.package_7.package_8.package_9.interface_17.function_26,infrastructure,57d5d46a-130d-4bbc-bff5-a6251400608b,04272fdb-94f7-4a60-9314-058eb83b4b4f,"-> Client, 2970299:service_4:77, function_26 60",service_4,0.122
2025-06-03 11:34:31:364,service_4,package_3.package_10.interface_18.function_26,infrastructure,57d5d46a-130d-4bbc-bff5-a6251400608b,04272fdb-94f7-4a60-9314-058eb83b4b4f,"-> Client, 2970299:service_8:3, function_26 60",service_8,0.121
2025-06-03 11:34:31:492,service_21,package_3.package_4.interface_20.function_35,infrastructure,57d5d46a-130d-4bbc-bff5-a6251400608b,04272fdb-94f7-4a60-9314-058eb83b4b4f,"-> Client, 2970299:service_3:8, function_35",service_3,0.006
2025-06-03 11:34:31:493,service_3,package_1.package_2.interface_1.function_1,infrastructure,57d5d46a-130d-4bbc-bff5-a6251400608b,04272fdb-94f7-4a60-9314-058eb83b4b4f,"-> Client, 2970299:service_18:223, function_1 2",service_18,0.005
2025-06-03 11:34:31:495,service_18,package_3.package_10.interface_13.function_31,infrastructure,57d5d46a-130d-4bbc-bff5-a6251400608b,04272fdb-94f7-4a60-9314-058eb83b4b4f,"-> Client, 2970299:service_8:2, function_31",service_8,0.003
2025-06-03 11:34:31:510,service_21,package_3.interface_21.function_53,infrastructure,57d5d46a-130d-4bbc-bff5-a6251400608b,04272fdb-94f7-4a60-9314-058eb83b4b4f,"-> Client, 2970299:service_10:1, function_53 (CassetteSlot:Slot2,Detail_objectId:2970299:service_10:60,State:NotPresent)",service_10,0.002
2025-06-03 11:34:31:513,service_21,package_3.package_4.interface_15.function_23,infrastructure,57d5d46a-130d-4bbc-bff5-a6251400608b,04272fdb-94f7-4a60-9314-058eb83b4b4f,"-> Client, 2970299:service_3:4, function_23 Docker",service_3,0.19
2025-06-03 11:34:31:701,service_3,package_1.package_7.package_8.package_9.interface_16.function_3,infrastructure,57d5d46a-130d-4bbc-bff5-a6251400608b,04272fdb-94f7-4a60-9314-058eb83b4b4f,"-> Client, 2970299:service_4:41, function_3 X, 0.018",service_4,0.002
2025-06-03 11:34:31:705,service_3,package_1.package_7.package_8.package_9.interface_17.function_24,infrastructure,57d5d46a-130d-4bbc-bff5-a6251400608b,04272fdb-94f7-4a60-9314-058eb83b4b4f,"-> Client, 2970299:service_4:78, function_24",service_4,0.003
2025-06-03 11:34:31:706,service_4,package_3.package_10.interface_18.function_25,infrastructure,57d5d46a-130d-4bbc-bff5-a6251400608b,04272fdb-94f7-4a60-9314-058eb83b4b4f,"-> Client, 2970299:service_8:3, function_25 (MoveCorrection:,MoveType:Absolute,Parameterfunction_1:,Position:0.018,Velocity:0)",service_8,0.002
2025-06-03 11:34:31:709,service_3,package_1.package_7.package_8.package_9.interface_17.function_26,infrastructure,57d5d46a-130d-4bbc-bff5-a6251400608b,04272fdb-94f7-4a60-9314-058eb83b4b4f,"-> Client, 2970299:service_4:78, function_26 60",service_4,0.126
2025-06-03 11:34:31:709,service_4,package_3.package_10.interface_18.function_26,infrastructure,57d5d46a-130d-4bbc-bff5-a6251400608b,04272fdb-94f7-4a60-9314-058eb83b4b4f,"-> Client, 2970299:service_8:3, function_26 60",service_8,0.126
2025-06-03 11:34:31:843,service_21,package_3.package_4.interface_19.function_51,infrastructure,57d5d46a-130d-4bbc-bff5-a6251400608b,04272fdb-94f7-4a60-9314-058eb83b4b4f,"-> Client, 2970299:service_3:6, function_51",service_3,0.006
2025-06-03 11:34:31:844,service_3,package_1.package_2.interface_1.function_1,infrastructure,57d5d46a-130d-4bbc-bff5-a6251400608b,04272fdb-94f7-4a60-9314-058eb83b4b4f,"-> Client, 2970299:service_18:224, function_1 1",service_18,0.005
2025-06-03 11:34:31:846,service_18,package_3.package_10.interface_13.function_52,infrastructure,57d5d46a-130d-4bbc-bff5-a6251400608b,04272fdb-94f7-4a60-9314-058eb83b4b4f,"-> Client, 2970299:service_8:2, function_52",service_8,0.003
2025-06-03 11:34:31:854,service_21,package_3.interface_21.function_53,infrastructure,-,-,"-> Client, 2970299:service_10:1, function_53 (CassetteSlot:Slot2,Detail_objectId:2970299:service_10:60,State:Unknown)",service_10,0.003
2025-06-03 11:34:31:866,service_21,package_3.package_4.interface_15.function_23,infrastructure,57d5d46a-130d-4bbc-bff5-a6251400608b,04272fdb-94f7-4a60-9314-058eb83b4b4f,"-> Client, 2970299:service_3:4, function_23 CartridgeDetectionBegin",service_3,0.0
2025-06-03 11:34:31:867,service_21,package_3.interface_21.function_53,infrastructure,-,-,"-> Client, 2970299:service_10:1, function_53 (CassetteSlot:Slot2,Detail_objectId:2970299:service_10:60,State:Unknown)",service_10,0.003
2025-06-03 11:34:32:062,service_3,package_1.package_7.package_8.package_9.interface_16.function_3,infrastructure,57d5d46a-130d-4bbc-bff5-a6251400608b,04272fdb-94f7-4a60-9314-058eb83b4b4f,"-> Client, 2970299:service_4:41, function_3 X, 0.004",service_4,0.002
2025-06-03 11:34:32:067,service_3,package_1.package_7.package_8.package_9.interface_17.function_24,infrastructure,57d5d46a-130d-4bbc-bff5-a6251400608b,04272fdb-94f7-4a60-9314-058eb83b4b4f,"-> Client, 2970299:service_4:79, function_24",service_4,0.005
2025-06-03 11:34:32:068,service_4,package_3.package_10.interface_18.function_25,infrastructure,57d5d46a-130d-4bbc-bff5-a6251400608b,04272fdb-94f7-4a60-9314-058eb83b4b4f,"-> Client, 2970299:service_8:3, function_25 (MoveCorrection:,MoveType:Absolute,Parameterfunction_1:,Position:0.004,Velocity:0)",service_8,0.004
2025-06-03 11:34:32:074,service_3,package_1.package_7.package_8.package_9.interface_17.function_26,infrastructure,57d5d46a-130d-4bbc-bff5-a6251400608b,04272fdb-94f7-4a60-9314-058eb83b4b4f,"-> Client, 2970299:service_4:79, function_26 60",service_4,0.0
2025-06-03 11:34:32:075,service_4,package_3.package_10.interface_18.function_26,infrastructure,57d5d46a-130d-4bbc-bff5-a6251400608b,04272fdb-94f7-4a60-9314-058eb83b4b4f,"-> Client, 2970299:service_8:3, function_26 60",service_8,0.112
2025-06-03 11:34:32:195,service_21,package_3.package_4.interface_19.function_27,infrastructure,57d5d46a-130d-4bbc-bff5-a6251400608b,04272fdb-94f7-4a60-9314-058eb83b4b4f,"-> Client, 2970299:service_3:6, function_27",service_3,0.006
2025-06-03 11:34:32:196,service_3,package_1.package_2.interface_1.function_1,infrastructure,57d5d46a-130d-4bbc-bff5-a6251400608b,04272fdb-94f7-4a60-9314-058eb83b4b4f,"-> Client, 2970299:service_18:224, function_1 2",service_18,0.005
2025-06-03 11:34:32:197,service_18,package_3.package_10.interface_13.function_29,infrastructure,57d5d46a-130d-4bbc-bff5-a6251400608b,04272fdb-94f7-4a60-9314-058eb83b4b4f,"-> Client, 2970299:service_8:2, function_29",service_8,0.004
2025-06-03 11:34:32:206,service_21,package_3.interface_21.function_53,infrastructure,-,-,"-> Client, 2970299:service_10:1, function_53 (CassetteSlot:Slot2,Detail_objectId:2970299:service_10:60,State:Unknown)",service_10,0.003
2025-06-03 11:34:32:222,service_21,package_3.package_4.interface_15.function_23,infrastructure,57d5d46a-130d-4bbc-bff5-a6251400608b,04272fdb-94f7-4a60-9314-058eb83b4b4f,"-> Client, 2970299:service_3:4, function_23 CartridgeDetectionBegin",service_3,0.198
2025-06-03 11:34:32:418,service_3,package_1.package_7.package_8.package_9.interface_16.function_3,infrastructure,57d5d46a-130d-4bbc-bff5-a6251400608b,04272fdb-94f7-4a60-9314-058eb83b4b4f,"-> Client, 2970299:service_4:41, function_3 X, 0.004",service_4,0.002
2025-06-03 11:34:32:422,service_3,package_1.package_7.package_8.package_9.interface_17.function_24,infrastructure,57d5d46a-130d-4bbc-bff5-a6251400608b,04272fdb-94f7-4a60-9314-058eb83b4b4f,"-> Client, 2970299:service_4:80, function_24",service_4,0.004
2025-06-03 11:34:32:423,service_4,package_3.package_10.interface_18.function_25,infrastructure,57d5d46a-130d-4bbc-bff5-a6251400608b,04272fdb-94f7-4a60-9314-058eb83b4b4f,"-> Client, 2970299:service_8:3, function_25 (MoveCorrection:,MoveType:Absolute,Parameterfunction_1:,Position:0.004,Velocity:0)",service_8,0.003
2025-06-03 11:34:32:428,service_3,package_1.package_7.package_8.package_9.interface_17.function_26,infrastructure,57d5d46a-130d-4bbc-bff5-a6251400608b,04272fdb-94f7-4a60-9314-058eb83b4b4f,"-> Client, 2970299:service_4:80, function_26 60",service_4,0.124
2025-06-03 11:34:32:429,service_4,package_3.package_10.interface_18.function_26,infrastructure,57d5d46a-130d-4bbc-bff5-a6251400608b,04272fdb-94f7-4a60-9314-058eb83b4b4f,"-> Client, 2970299:service_8:3, function_26 60",service_8,0.123
2025-06-03 11:34:32:558,service_21,package_3.package_4.interface_20.function_34,infrastructure,57d5d46a-130d-4bbc-bff5-a6251400608b,04272fdb-94f7-4a60-9314-058eb83b4b4f,"-> Client, 2970299:service_3:8, function_34",service_3,0.006
2025-06-03 11:34:32:559,service_3,package_1.package_2.interface_1.function_1,infrastructure,57d5d46a-130d-4bbc-bff5-a6251400608b,04272fdb-94f7-4a60-9314-058eb83b4b4f,"-> Client, 2970299:service_18:223, function_1 1",service_18,0.005
2025-06-03 11:34:32:561,service_18,package_3.package_10.interface_13.function_58,infrastructure,57d5d46a-130d-4bbc-bff5-a6251400608b,04272fdb-94f7-4a60-9314-058eb83b4b4f,"-> Client, 2970299:service_8:2, function_58",service_8,0.003
2025-06-03 11:34:32:569,service_21,package_3.package_4.interface_15.function_23,infrastructure,57d5d46a-130d-4bbc-bff5-a6251400608b,04272fdb-94f7-4a60-9314-058eb83b4b4f,"-> Client, 2970299:service_3:4, function_23 CartridgeDetectionEnd",service_3,0.0
2025-06-03 11:34:32:771,service_3,package_1.package_7.package_8.package_9.interface_16.function_3,infrastructure,57d5d46a-130d-4bbc-bff5-a6251400608b,04272fdb-94f7-4a60-9314-058eb83b4b4f,"-> Client, 2970299:service_4:41, function_3 X, 0.003",service_4,0.003
2025-06-03 11:34:32:776,service_3,package_1.package_7.package_8.package_9.interface_17.function_24,infrastructure,57d5d46a-130d-4bbc-bff5-a6251400608b,04272fdb-94f7-4a60-9314-058eb83b4b4f,"-> Client, 2970299:service_4:81, function_24",service_4,0.004
2025-06-03 11:34:32:777,service_4,package_3.package_10.interface_18.function_25,infrastructure,57d5d46a-130d-4bbc-bff5-a6251400608b,04272fdb-94f7-4a60-9314-058eb83b4b4f,"-> Client, 2970299:service_8:3, function_25 (MoveCorrection:,MoveType:Absolute,Parameterfunction_1:,Position:0.003,Velocity:0)",service_8,0.003
2025-06-03 11:34:32:781,service_3,package_1.package_7.package_8.package_9.interface_17.function_26,infrastructure,57d5d46a-130d-4bbc-bff5-a6251400608b,04272fdb-94f7-4a60-9314-058eb83b4b4f,"-> Client, 2970299:service_4:81, function_26 60",service_4,0.124
2025-06-03 11:34:32:783,service_4,package_3.package_10.interface_18.function_26,infrastructure,57d5d46a-130d-4bbc-bff5-a6251400608b,04272fdb-94f7-4a60-9314-058eb83b4b4f,"-> Client, 2970299:service_8:3, function_26 60",service_8,0.122
2025-06-03 11:34:32:911,service_21,package_3.package_4.interface_20.function_35,infrastructure,57d5d46a-130d-4bbc-bff5-a6251400608b,04272fdb-94f7-4a60-9314-058eb83b4b4f,"-> Client, 2970299:service_3:8, function_35",service_3,0.0
2025-06-03 11:34:32:912,service_3,package_1.package_2.interface_1.function_1,infrastructure,57d5d46a-130d-4bbc-bff5-a6251400608b,04272fdb-94f7-4a60-9314-058eb83b4b4f,"-> Client, 2970299:service_18:223, function_1 2",service_18,0.005
2025-06-03 11:34:32:913,service_18,package_3.package_10.interface_13.function_31,infrastructure,57d5d46a-130d-4bbc-bff5-a6251400608b,04272fdb-94f7-4a60-9314-058eb83b4b4f,"-> Client, 2970299:service_8:2, function_31",service_8,0.004
2025-06-03 11:34:32:926,service_21,package_3.interface_21.function_53,infrastructure,57d5d46a-130d-4bbc-bff5-a6251400608b,04272fdb-94f7-4a60-9314-058eb83b4b4f,"-> Client, 2970299:service_10:1, function_53 (CassetteSlot:Slot2,Detail_objectId:2970299:service_10:60,State:NotPresent)",service_10,0.003
2025-06-03 11:34:32:929,service_21,package_3.package_4.interface_15.function_23,infrastructure,57d5d46a-130d-4bbc-bff5-a6251400608b,04272fdb-94f7-4a60-9314-058eb83b4b4f,"-> Client, 2970299:service_3:4, function_23 Park",service_3,0.338
2025-06-03 11:34:33:265,service_3,package_1.package_7.package_8.package_9.interface_16.function_3,infrastructure,57d5d46a-130d-4bbc-bff5-a6251400608b,04272fdb-94f7-4a60-9314-058eb83b4b4f,"-> Client, 2970299:service_4:41, function_3 X, 0",service_4,0.002
2025-06-03 11:34:33:270,service_3,package_1.package_7.package_8.package_9.interface_17.function_24,infrastructure,57d5d46a-130d-4bbc-bff5-a6251400608b,04272fdb-94f7-4a60-9314-058eb83b4b4f,"-> Client, 2970299:service_4:82, function_24",service_4,0.004
2025-06-03 11:34:33:272,service_4,package_3.package_10.interface_18.function_25,infrastructure,57d5d46a-130d-4bbc-bff5-a6251400608b,04272fdb-94f7-4a60-9314-058eb83b4b4f,"-> Client, 2970299:service_8:3, function_25 (MoveCorrection:,MoveType:Absolute,Parameterfunction_1:,Position:0,Velocity:0)",service_8,0.002
2025-06-03 11:34:33:275,service_3,package_1.package_7.package_8.package_9.interface_17.function_26,infrastructure,57d5d46a-130d-4bbc-bff5-a6251400608b,04272fdb-94f7-4a60-9314-058eb83b4b4f,"-> Client, 2970299:service_4:82, function_26 60",service_4,0.0
2025-06-03 11:34:33:276,service_4,package_3.package_10.interface_18.function_26,infrastructure,57d5d46a-130d-4bbc-bff5-a6251400608b,04272fdb-94f7-4a60-9314-058eb83b4b4f,"-> Client, 2970299:service_8:3, function_26 60",service_8,0.123
2025-06-03 11:34:33:411,service_21,package_3.interface_21.function_62,infrastructure,57d5d46a-130d-4bbc-bff5-a6251400608b,04272fdb-94f7-4a60-9314-058eb83b4b4f,"-> Client, 2970299:service_10:1, function_62 (CassetteSlot:Slot2,Detail_objectId:2970299:service_10:60,State:NotPresent)",service_10,0.006
2025-06-03 11:34:33:417,service_21,package_3.interface_21.function_59,infrastructure,57d5d46a-130d-4bbc-bff5-a6251400608b,04272fdb-94f7-4a60-9314-058eb83b4b4f,"-> Client, 2970299:service_10:1, function_59",service_10,0.0
2025-06-03 11:34:33:421,service_21,package_3.interface_21.function_53,infrastructure,57d5d46a-130d-4bbc-bff5-a6251400608b,04272fdb-94f7-4a60-9314-058eb83b4b4f,"-> Client, 2970299:service_10:1, function_53 (CassetteSlot:Unknown,Detail_objectId:2970299:service_10:89,State:NotPresent)",service_10,0.004
2025-06-03 11:34:33:428,service_21,package_3.interface_21.function_62,infrastructure,57d5d46a-130d-4bbc-bff5-a6251400608b,04272fdb-94f7-4a60-9314-058eb83b4b4f,"-> Client, 2970299:service_10:1, function_62 (CassetteSlot:Slot2,Detail_objectId:2970299:service_10:60,State:NotPresent)",service_10,0.003
2025-06-03 11:34:33:516,service_21,package_3.package_4.interface_10.function_23,infrastructure,57d5d46a-130d-4bbc-bff5-a6251400608b,04272fdb-94f7-4a60-9314-058eb83b4b4f,"-> Client, 2970299:service_3:5, function_23 Slot2",service_3,0.006
2025-06-03 11:34:33:518,service_21,package_3.interface_21.function_32,infrastructure,-,-,"-> Client, 2970299:service_10:1, function_32 Unknown",service_10,0.004
2025-06-03 11:34:33:621,service_3,package_1.package_7.package_8.package_9.interface_16.function_3,infrastructure,57d5d46a-130d-4bbc-bff5-a6251400608b,04272fdb-94f7-4a60-9314-058eb83b4b4f,"-> Client, 2970299:service_4:34, function_3 Z, 0.008999999999999994",service_4,0.001
2025-06-03 11:34:33:624,service_4,package_3.package_10.interface_18.function_25,infrastructure,57d5d46a-130d-4bbc-bff5-a6251400608b,04272fdb-94f7-4a60-9314-058eb83b4b4f,"-> Client, 2970299:service_8:4, function_25 (MoveCorrection:,MoveType:Absolute,Parameterfunction_1:,Position:0.009,Velocity:0)",service_8,0.003
2025-06-03 11:34:33:624,service_3,package_1.package_7.package_8.package_9.interface_17.function_24,infrastructure,57d5d46a-130d-4bbc-bff5-a6251400608b,04272fdb-94f7-4a60-9314-058eb83b4b4f,"-> Client, 2970299:service_4:83, function_24",service_4,0.003
2025-06-03 11:34:33:627,service_3,package_1.package_7.package_8.package_9.interface_17.function_26,infrastructure,57d5d46a-130d-4bbc-bff5-a6251400608b,04272fdb-94f7-4a60-9314-058eb83b4b4f,"-> Client, 2970299:service_4:83, function_26 60",service_4,0.0
2025-06-03 11:34:33:628,service_4,package_3.package_10.interface_18.function_26,infrastructure,57d5d46a-130d-4bbc-bff5-a6251400608b,04272fdb-94f7-4a60-9314-058eb83b4b4f,"-> Client, 2970299:service_8:4, function_26 60",service_8,0.121
2025-06-03 11:34:33:871,service_21,package_3.package_4.interface_20.function_34,infrastructure,57d5d46a-130d-4bbc-bff5-a6251400608b,04272fdb-94f7-4a60-9314-058eb83b4b4f,"-> Client, 2970299:service_3:9, function_34",service_3,0.003
2025-06-03 11:34:33:874,service_21,package_3.package_4.interface_20.function_35,infrastructure,57d5d46a-130d-4bbc-bff5-a6251400608b,04272fdb-94f7-4a60-9314-058eb83b4b4f,"-> Client, 2970299:service_3:9, function_35",service_3,0.003
2025-06-03 11:34:33:882,service_21,package_3.interface_21.function_32,infrastructure,57d5d46a-130d-4bbc-bff5-a6251400608b,04272fdb-94f7-4a60-9314-058eb83b4b4f,"-> Client, 2970299:service_10:1, function_32 Present",service_10,0.004
2025-06-03 11:34:33:887,service_21,package_3.interface_21.function_43,infrastructure,57d5d46a-130d-4bbc-bff5-a6251400608b,04272fdb-94f7-4a60-9314-058eb83b4b4f,"-> Client, 2970299:service_10:1, function_43 Unknown",service_10,0.003
2025-06-03 11:34:33:890,service_21,package_3.package_4.interface_22.function_44,infrastructure,57d5d46a-130d-4bbc-bff5-a6251400608b,04272fdb-94f7-4a60-9314-058eb83b4b4f,"-> Client, 2970299:service_3:2, function_44",service_3,0.0
2025-06-03 11:34:33:892,service_3,package_1.package_2.interface_1.function_1,infrastructure,57d5d46a-130d-4bbc-bff5-a6251400608b,04272fdb-94f7-4a60-9314-058eb83b4b4f,"-> Client, 2970299:service_18:226, function_1 1",service_18,0.005
2025-06-03 11:34:33:893,service_18,package_3.package_10.interface_13.function_44,infrastructure,57d5d46a-130d-4bbc-bff5-a6251400608b,04272fdb-94f7-4a60-9314-058eb83b4b4f,"-> Client, 2970299:service_8:2, function_44",service_8,0.004
2025-06-03 11:34:33:901,service_21,package_3.interface_21.function_43,infrastructure,-,-,"-> Client, 2970299:service_10:1, function_43 Unknown",service_10,0.003
2025-06-03 11:34:33:905,service_21,package_3.interface_21.function_43,infrastructure,-,-,"-> Client, 2970299:service_10:1, function_43 Unknown",service_10,0.002
2025-06-03 11:34:33:920,service_21,package_3.interface_21.function_43,infrastructure,-,-,"-> Client, 2970299:service_10:1, function_43 Unknown",service_10,0.002
2025-06-03 11:34:33:923,service_21,package_3.package_4.interface_10.function_23,infrastructure,57d5d46a-130d-4bbc-bff5-a6251400608b,04272fdb-94f7-4a60-9314-058eb83b4b4f,"-> Client, 2970299:service_3:5, function_23 Slot3",service_3,0.001
2025-06-03 11:34:33:925,service_21,package_3.interface_21.function_32,infrastructure,-,-,"-> Client, 2970299:service_10:1, function_32 Unknown",service_10,0.003
2025-06-03 11:34:34:023,service_3,package_1.package_7.package_8.package_9.interface_16.function_3,infrastructure,57d5d46a-130d-4bbc-bff5-a6251400608b,04272fdb-94f7-4a60-9314-058eb83b4b4f,"-> Client, 2970299:service_4:34, function_3 Z, 0.012499999999999997",service_4,0.002
2025-06-03 11:34:34:028,service_3,package_1.package_7.package_8.package_9.interface_17.function_24,infrastructure,57d5d46a-130d-4bbc-bff5-a6251400608b,04272fdb-94f7-4a60-9314-058eb83b4b4f,"-> Client, 2970299:service_4:84, function_24",service_4,0.004
2025-06-03 11:34:34:029,service_4,package_3.package_10.interface_18.function_25,infrastructure,57d5d46a-130d-4bbc-bff5-a6251400608b,04272fdb-94f7-4a60-9314-058eb83b4b4f,"-> Client, 2970299:service_8:4, function_25 (MoveCorrection:,MoveType:Absolute,Parameterfunction_1:,Position:0.0125,Velocity:0)",service_8,0.003
2025-06-03 11:34:34:033,service_3,package_1.package_7.package_8.package_9.interface_17.function_26,infrastructure,57d5d46a-130d-4bbc-bff5-a6251400608b,04272fdb-94f7-4a60-9314-058eb83b4b4f,"-> Client, 2970299:service_4:84, function_26 60",service_4,0.111
2025-06-03 11:34:34:034,service_4,package_3.package_10.interface_18.function_26,infrastructure,57d5d46a-130d-4bbc-bff5-a6251400608b,04272fdb-94f7-4a60-9314-058eb83b4b4f,"-> Client, 2970299:service_8:4, function_26 60",service_8,0.11
2025-06-03 11:34:34:152,service_21,package_3.package_4.interface_22.function_33,infrastructure,57d5d46a-130d-4bbc-bff5-a6251400608b,04272fdb-94f7-4a60-9314-058eb83b4b4f,"-> Client, 2970299:service_3:2, function_33",service_3,0.007
2025-06-03 11:34:34:154,service_3,package_1.package_2.interface_1.function_1,infrastructure,57d5d46a-130d-4bbc-bff5-a6251400608b,04272fdb-94f7-4a60-9314-058eb83b4b4f,"-> Client, 2970299:service_18:226, function_1 2",service_18,0.005
2025-06-03 11:34:34:155,service_18,package_3.package_10.interface_13.function_33,infrastructure,57d5d46a-130d-4bbc-bff5-a6251400608b,04272fdb-94f7-4a60-9314-058eb83b4b4f,"-> Client, 2970299:service_8:2, function_33",service_8,0.004
2025-06-03 11:34:34:198,service_21,package_3.interface_21.function_43,infrastructure,57d5d46a-130d-4bbc-bff5-a6251400608b,04272fdb-94f7-4a60-9314-058eb83b4b4f,"-> Client, 2970299:service_10:1, function_43 Slot3",service_10,0.002
2025-06-03 11:34:34:200,service_21,package_3.package_4.interface_10.function_23,infrastructure,57d5d46a-130d-4bbc-bff5-a6251400608b,04272fdb-94f7-4a60-9314-058eb83b4b4f,"-> Client, 2970299:service_3:5, function_23 Park",service_3,0.0
2025-06-03 11:34:34:202,service_21,package_3.interface_21.function_32,infrastructure,-,-,"-> Client, 2970299:service_10:1, function_32 Unknown",service_10,0.003
2025-06-03 11:34:34:300,service_3,package_1.package_7.package_8.package_9.interface_16.function_3,infrastructure,57d5d46a-130d-4bbc-bff5-a6251400608b,04272fdb-94f7-4a60-9314-058eb83b4b4f,"-> Client, 2970299:service_4:34, function_3 Z, 0",service_4,0.002
2025-06-03 11:34:34:305,service_3,package_1.package_7.package_8.package_9.interface_17.function_24,infrastructure,57d5d46a-130d-4bbc-bff5-a6251400608b,04272fdb-94f7-4a60-9314-058eb83b4b4f,"-> Client, 2970299:service_4:85, function_24",service_4,0.004
2025-06-03 11:34:34:306,service_4,package_3.package_10.interface_18.function_25,infrastructure,57d5d46a-130d-4bbc-bff5-a6251400608b,04272fdb-94f7-4a60-9314-058eb83b4b4f,"-> Client, 2970299:service_8:4, function_25 (MoveCorrection:,MoveType:Absolute,Parameterfunction_1:,Position:0,Velocity:0)",service_8,0.003
2025-06-03 11:34:34:311,service_3,package_1.package_7.package_8.package_9.interface_17.function_26,infrastructure,57d5d46a-130d-4bbc-bff5-a6251400608b,04272fdb-94f7-4a60-9314-058eb83b4b4f,"-> Client, 2970299:service_4:85, function_26 60",service_4,0.113
2025-06-03 11:34:34:313,service_4,package_3.package_10.interface_18.function_26,infrastructure,57d5d46a-130d-4bbc-bff5-a6251400608b,04272fdb-94f7-4a60-9314-058eb83b4b4f,"-> Client, 2970299:service_8:4, function_26 60",service_8,0.111
2025-06-03 11:34:34:576,service_21,package_3.package_4.interface_20.function_34,infrastructure,57d5d46a-130d-4bbc-bff5-a6251400608b,04272fdb-94f7-4a60-9314-058eb83b4b4f,"-> Client, 2970299:service_3:9, function_34",service_3,0.002
2025-06-03 11:34:34:579,service_21,package_3.package_4.interface_20.function_35,infrastructure,57d5d46a-130d-4bbc-bff5-a6251400608b,04272fdb-94f7-4a60-9314-058eb83b4b4f,"-> Client, 2970299:service_3:9, function_35",service_3,0.001
2025-06-03 11:34:34:584,service_21,package_3.interface_21.function_32,infrastructure,57d5d46a-130d-4bbc-bff5-a6251400608b,04272fdb-94f7-4a60-9314-058eb83b4b4f,"-> Client, 2970299:service_10:1, function_32 NotPresent",service_10,0.004
2025-06-03 11:34:34:588,service_21,package_3.package_4.interface_19.function_51,infrastructure,57d5d46a-130d-4bbc-bff5-a6251400608b,04272fdb-94f7-4a60-9314-058eb83b4b4f,"-> Client, 2970299:service_3:6, function_51",service_3,0.006
2025-06-03 11:34:34:590,service_3,package_1.package_2.interface_1.function_1,infrastructure,57d5d46a-130d-4bbc-bff5-a6251400608b,04272fdb-94f7-4a60-9314-058eb83b4b4f,"-> Client, 2970299:service_18:224, function_1 1",service_18,0.004
2025-06-03 11:34:34:591,service_18,package_3.package_10.interface_13.function_52,infrastructure,57d5d46a-130d-4bbc-bff5-a6251400608b,04272fdb-94f7-4a60-9314-058eb83b4b4f,"-> Client, 2970299:service_8:2, function_52",service_8,0.003
2025-06-03 11:34:34:598,service_21,package_3.interface_21.function_53,infrastructure,-,-,"-> Client, 2970299:service_10:1, function_53 (CassetteSlot:Unknown,Detail_objectId:2970299:service_10:90,State:Unknown)",service_10,0.003
2025-06-03 11:34:34:609,service_21,package_3.package_4.interface_15.function_23,infrastructure,57d5d46a-130d-4bbc-bff5-a6251400608b,04272fdb-94f7-4a60-9314-058eb83b4b4f,"-> Client, 2970299:service_3:4, function_23 Docker",service_3,0.003
2025-06-03 11:34:34:610,service_21,package_3.interface_21.function_53,infrastructure,-,-,"-> Client, 2970299:service_10:1, function_53 (CassetteSlot:Unknown,Detail_objectId:2970299:service_10:90,State:Unknown)",service_10,0.002
2025-06-03 11:34:34:799,service_3,package_1.package_7.package_8.package_9.interface_16.function_3,infrastructure,57d5d46a-130d-4bbc-bff5-a6251400608b,04272fdb-94f7-4a60-9314-058eb83b4b4f,"-> Client, 2970299:service_4:41, function_3 X, 0.018",service_4,0.002
2025-06-03 11:34:34:804,service_3,package_1.package_7.package_8.package_9.interface_17.function_24,infrastructure,57d5d46a-130d-4bbc-bff5-a6251400608b,04272fdb-94f7-4a60-9314-058eb83b4b4f,"-> Client, 2970299:service_4:86, function_24",service_4,0.003
2025-06-03 11:34:34:805,service_4,package_3.package_10.interface_18.function_25,infrastructure,57d5d46a-130d-4bbc-bff5-a6251400608b,04272fdb-94f7-4a60-9314-058eb83b4b4f,"-> Client, 2970299:service_8:3, function_25 (MoveCorrection:,MoveType:Absolute,Parameterfunction_1:,Position:0.018,Velocity:0)",service_8,0.002
2025-06-03 11:34:34:809,service_3,package_1.package_7.package_8.package_9.interface_17.function_26,infrastructure,57d5d46a-130d-4bbc-bff5-a6251400608b,04272fdb-94f7-4a60-9314-058eb83b4b4f,"-> Client, 2970299:service_4:86, function_26 60",service_4,0.123
2025-06-03 11:34:34:810,service_4,package_3.package_10.interface_18.function_26,infrastructure,57d5d46a-130d-4bbc-bff5-a6251400608b,04272fdb-94f7-4a60-9314-058eb83b4b4f,"-> Client, 2970299:service_8:3, function_26 60",service_8,0.122
2025-06-03 11:34:34:939,service_21,package_3.package_4.interface_19.function_27,infrastructure,57d5d46a-130d-4bbc-bff5-a6251400608b,04272fdb-94f7-4a60-9314-058eb83b4b4f,"-> Client, 2970299:service_3:6, function_27",service_3,0.006
2025-06-03 11:34:34:940,service_3,package_1.package_2.interface_1.function_1,infrastructure,57d5d46a-130d-4bbc-bff5-a6251400608b,04272fdb-94f7-4a60-9314-058eb83b4b4f,"-> Client, 2970299:service_18:224, function_1 2",service_18,0.005
2025-06-03 11:34:34:942,service_18,package_3.package_10.interface_13.function_29,infrastructure,57d5d46a-130d-4bbc-bff5-a6251400608b,04272fdb-94f7-4a60-9314-058eb83b4b4f,"-> Client, 2970299:service_8:2, function_29",service_8,0.003
2025-06-03 11:34:34:948,service_21,package_3.interface_21.function_53,infrastructure,-,-,"-> Client, 2970299:service_10:1, function_53 (CassetteSlot:Unknown,Detail_objectId:2970299:service_10:90,State:Unknown)",service_10,0.003
2025-06-03 11:34:34:967,service_21,package_3.package_4.interface_15.function_23,infrastructure,57d5d46a-130d-4bbc-bff5-a6251400608b,04272fdb-94f7-4a60-9314-058eb83b4b4f,"-> Client, 2970299:service_3:4, function_23 GrabAndDrag",service_3,0.195
2025-06-03 11:34:35:159,service_3,package_1.package_7.package_8.package_9.interface_16.function_3,infrastructure,57d5d46a-130d-4bbc-bff5-a6251400608b,04272fdb-94f7-4a60-9314-058eb83b4b4f,"-> Client, 2970299:service_4:41, function_3 X, 0.0162",service_4,0.003
2025-06-03 11:34:35:165,service_3,package_1.package_7.package_8.package_9.interface_17.function_24,infrastructure,57d5d46a-130d-4bbc-bff5-a6251400608b,04272fdb-94f7-4a60-9314-058eb83b4b4f,"-> Client, 2970299:service_4:87, function_24",service_4,0.006
2025-06-03 11:34:35:167,service_4,package_3.package_10.interface_18.function_25,infrastructure,57d5d46a-130d-4bbc-bff5-a6251400608b,04272fdb-94f7-4a60-9314-058eb83b4b4f,"-> Client, 2970299:service_8:3, function_25 (MoveCorrection:,MoveType:Absolute,Parameterfunction_1:,Position:0.0162,Velocity:0)",service_8,0.004
2025-06-03 11:34:35:172,service_3,package_1.package_7.package_8.package_9.interface_17.function_26,infrastructure,57d5d46a-130d-4bbc-bff5-a6251400608b,04272fdb-94f7-4a60-9314-058eb83b4b4f,"-> Client, 2970299:service_4:87, function_26 60",service_4,0.0
2025-06-03 11:34:35:173,service_4,package_3.package_10.interface_18.function_26,infrastructure,57d5d46a-130d-4bbc-bff5-a6251400608b,04272fdb-94f7-4a60-9314-058eb83b4b4f,"-> Client, 2970299:service_8:3, function_26 60",service_8,0.115
2025-06-03 11:34:35:295,service_21,package_3.package_4.interface_19.function_51,infrastructure,57d5d46a-130d-4bbc-bff5-a6251400608b,04272fdb-94f7-4a60-9314-058eb83b4b4f,"-> Client, 2970299:service_3:6, function_51",service_3,0.005
2025-06-03 11:34:35:296,service_3,package_1.package_2.interface_1.function_1,infrastructure,57d5d46a-130d-4bbc-bff5-a6251400608b,04272fdb-94f7-4a60-9314-058eb83b4b4f,"-> Client, 2970299:service_18:224, function_1 1",service_18,0.004
2025-06-03 11:34:35:297,service_18,package_3.package_10.interface_13.function_52,infrastructure,57d5d46a-130d-4bbc-bff5-a6251400608b,04272fdb-94f7-4a60-9314-058eb83b4b4f,"-> Client, 2970299:service_8:2, function_52",service_8,0.003
2025-06-03 11:34:35:305,service_21,package_3.interface_21.function_53,infrastructure,-,-,"-> Client, 2970299:service_10:1, function_53 (CassetteSlot:Unknown,Detail_objectId:2970299:service_10:90,State:Unknown)",service_10,0.002
2025-06-03 11:34:35:321,service_21,package_3.package_4.interface_15.function_23,infrastructure,57d5d46a-130d-4bbc-bff5-a6251400608b,04272fdb-94f7-4a60-9314-058eb83b4b4f,"-> Client, 2970299:service_3:4, function_23 Docker",service_3,0.002
2025-06-03 11:34:35:321,service_21,package_3.interface_21.function_53,infrastructure,-,-,"-> Client, 2970299:service_10:1, function_53 (CassetteSlot:Unknown,Detail_objectId:2970299:service_10:90,State:Unknown)",service_10,0.002
2025-06-03 11:34:35:519,service_3,package_1.package_7.package_8.package_9.interface_16.function_3,infrastructure,57d5d46a-130d-4bbc-bff5-a6251400608b,04272fdb-94f7-4a60-9314-058eb83b4b4f,"-> Client, 2970299:service_4:41, function_3 X, 0.018",service_4,0.004
2025-06-03 11:34:35:525,service_3,package_1.package_7.package_8.package_9.interface_17.function_24,infrastructure,57d5d46a-130d-4bbc-bff5-a6251400608b,04272fdb-94f7-4a60-9314-058eb83b4b4f,"-> Client, 2970299:service_4:88, function_24",service_4,0.004
2025-06-03 11:34:35:526,service_4,package_3.package_10.interface_18.function_25,infrastructure,57d5d46a-130d-4bbc-bff5-a6251400608b,04272fdb-94f7-4a60-9314-058eb83b4b4f,"-> Client, 2970299:service_8:3, function_25 (MoveCorrection:,MoveType:Absolute,Parameterfunction_1:,Position:0.018,Velocity:0)",service_8,0.003
2025-06-03 11:34:35:530,service_4,package_3.package_10.interface_18.function_26,infrastructure,57d5d46a-130d-4bbc-bff5-a6251400608b,04272fdb-94f7-4a60-9314-058eb83b4b4f,"-> Client, 2970299:service_8:3, function_26 60",service_8,0.0
2025-06-03 11:34:35:530,service_3,package_1.package_7.package_8.package_9.interface_17.function_26,infrastructure,57d5d46a-130d-4bbc-bff5-a6251400608b,04272fdb-94f7-4a60-9314-058eb83b4b4f,"-> Client, 2970299:service_4:88, function_26 60",service_4,0.114
2025-06-03 11:34:35:648,service_21,package_3.package_4.interface_19.function_27,infrastructure,57d5d46a-130d-4bbc-bff5-a6251400608b,04272fdb-94f7-4a60-9314-058eb83b4b4f,"-> Client, 2970299:service_3:6, function_27",service_3,0.0
2025-06-03 11:34:35:649,service_3,package_1.package_2.interface_1.function_1,infrastructure,57d5d46a-130d-4bbc-bff5-a6251400608b,04272fdb-94f7-4a60-9314-058eb83b4b4f,"-> Client, 2970299:service_18:224, function_1 2",service_18,0.004
2025-06-03 11:34:35:650,service_18,package_3.package_10.interface_13.function_29,infrastructure,57d5d46a-130d-4bbc-bff5-a6251400608b,04272fdb-94f7-4a60-9314-058eb83b4b4f,"-> Client, 2970299:service_8:2, function_29",service_8,0.003
2025-06-03 11:34:35:655,service_21,package_3.interface_21.function_53,infrastructure,-,-,"-> Client, 2970299:service_10:1, function_53 (CassetteSlot:Unknown,Detail_objectId:2970299:service_10:90,State:Unknown)",service_10,0.002
2025-06-03 11:34:35:676,service_21,package_3.interface_21.function_59,infrastructure,57d5d46a-130d-4bbc-bff5-a6251400608b,04272fdb-94f7-4a60-9314-058eb83b4b4f,"-> Client, 2970299:service_10:1, function_59",service_10,0.003
2025-06-03 11:34:35:679,service_21,package_3.interface_21.function_62,infrastructure,57d5d46a-130d-4bbc-bff5-a6251400608b,04272fdb-94f7-4a60-9314-058eb83b4b4f,"-> Client, 2970299:service_10:1, function_62 (CassetteSlot:Slot3,Detail_objectId:2970299:service_10:91,State:NotPresent)",service_10,0.004
2025-06-03 11:34:35:686,service_21,package_3.interface_21.function_53,infrastructure,57d5d46a-130d-4bbc-bff5-a6251400608b,04272fdb-94f7-4a60-9314-058eb83b4b4f,"-> Client, 2970299:service_10:1, function_53 (CassetteSlot:Slot3,Detail_objectId:2970299:service_10:61,State:Unknown)",service_10,0.003
2025-06-03 11:34:35:693,service_21,package_3.package_4.interface_15.function_23,infrastructure,57d5d46a-130d-4bbc-bff5-a6251400608b,04272fdb-94f7-4a60-9314-058eb83b4b4f,"-> Client, 2970299:service_3:4, function_23 CartridgeDetectionBegin",service_3,0.187
2025-06-03 11:34:35:879,service_3,package_1.package_7.package_8.package_9.interface_16.function_3,infrastructure,57d5d46a-130d-4bbc-bff5-a6251400608b,04272fdb-94f7-4a60-9314-058eb83b4b4f,"-> Client, 2970299:service_4:41, function_3 X, 0.004",service_4,0.001
2025-06-03 11:34:35:881,service_3,package_1.package_7.package_8.package_9.interface_17.function_24,infrastructure,57d5d46a-130d-4bbc-bff5-a6251400608b,04272fdb-94f7-4a60-9314-058eb83b4b4f,"-> Client, 2970299:service_4:89, function_24",service_4,0.003
2025-06-03 11:34:35:881,service_4,package_3.package_10.interface_18.function_25,infrastructure,57d5d46a-130d-4bbc-bff5-a6251400608b,04272fdb-94f7-4a60-9314-058eb83b4b4f,"-> Client, 2970299:service_8:3, function_25 (MoveCorrection:,MoveType:Absolute,Parameterfunction_1:,Position:0.004,Velocity:0)",service_8,0.003
2025-06-03 11:34:35:885,service_3,package_1.package_7.package_8.package_9.interface_17.function_26,infrastructure,57d5d46a-130d-4bbc-bff5-a6251400608b,04272fdb-94f7-4a60-9314-058eb83b4b4f,"-> Client, 2970299:service_4:89, function_26 60",service_4,0.114
2025-06-03 11:34:35:886,service_4,package_3.package_10.interface_18.function_26,infrastructure,57d5d46a-130d-4bbc-bff5-a6251400608b,04272fdb-94f7-4a60-9314-058eb83b4b4f,"-> Client, 2970299:service_8:3, function_26 60",service_8,0.113
2025-06-03 11:34:36:006,service_21,package_3.package_4.interface_20.function_34,infrastructure,57d5d46a-130d-4bbc-bff5-a6251400608b,04272fdb-94f7-4a60-9314-058eb83b4b4f,"-> Client, 2970299:service_3:8, function_34",service_3,0.0
2025-06-03 11:34:36:007,service_3,package_1.package_2.interface_1.function_1,infrastructure,57d5d46a-130d-4bbc-bff5-a6251400608b,04272fdb-94f7-4a60-9314-058eb83b4b4f,"-> Client, 2970299:service_18:223, function_1 1",service_18,0.006
2025-06-03 11:34:36:009,service_18,package_3.package_10.interface_13.function_58,infrastructure,57d5d46a-130d-4bbc-bff5-a6251400608b,04272fdb-94f7-4a60-9314-058eb83b4b4f,"-> Client, 2970299:service_8:2, function_58",service_8,0.004
2025-06-03 11:34:36:018,service_21,package_3.package_4.interface_15.function_23,infrastructure,57d5d46a-130d-4bbc-bff5-a6251400608b,04272fdb-94f7-4a60-9314-058eb83b4b4f,"-> Client, 2970299:service_3:4, function_23 CartridgeDetectionEnd",service_3,0.212
2025-06-03 11:34:36:229,service_3,package_1.package_7.package_8.package_9.interface_16.function_3,infrastructure,57d5d46a-130d-4bbc-bff5-a6251400608b,04272fdb-94f7-4a60-9314-058eb83b4b4f,"-> Client, 2970299:service_4:41, function_3 X, 0.003",service_4,0.001
2025-06-03 11:34:36:233,service_3,package_1.package_7.package_8.package_9.interface_17.function_24,infrastructure,57d5d46a-130d-4bbc-bff5-a6251400608b,04272fdb-94f7-4a60-9314-058eb83b4b4f,"-> Client, 2970299:service_4:90, function_24",service_4,0.004
2025-06-03 11:34:36:234,service_4,package_3.package_10.interface_18.function_25,infrastructure,57d5d46a-130d-4bbc-bff5-a6251400608b,04272fdb-94f7-4a60-9314-058eb83b4b4f,"-> Client, 2970299:service_8:3, function_25 (MoveCorrection:,MoveType:Absolute,Parameterfunction_1:,Position:0.003,Velocity:0)",service_8,0.003
2025-06-03 11:34:36:238,service_3,package_1.package_7.package_8.package_9.interface_17.function_26,infrastructure,57d5d46a-130d-4bbc-bff5-a6251400608b,04272fdb-94f7-4a60-9314-058eb83b4b4f,"-> Client, 2970299:service_4:90, function_26 60",service_4,0.0
2025-06-03 11:34:36:239,service_4,package_3.package_10.interface_18.function_26,infrastructure,57d5d46a-130d-4bbc-bff5-a6251400608b,04272fdb-94f7-4a60-9314-058eb83b4b4f,"-> Client, 2970299:service_8:3, function_26 60",service_8,0.101
2025-06-03 11:34:36:337,service_12,package_1.package_2.interface_1.function_1,infrastructure,-,-,"-> Client, 2970299:service_18:114, function_1 3",service_18,0.003
2025-06-03 11:34:36:337,service_17,package_1.package_2.interface_1.function_1,infrastructure,-,-,"-> Client, 2970299:service_19:34, function_1 3",service_19,0.003
2025-06-03 11:34:36:364,service_21,package_3.package_4.interface_20.function_35,infrastructure,57d5d46a-130d-4bbc-bff5-a6251400608b,04272fdb-94f7-4a60-9314-058eb83b4b4f,"-> Client, 2970299:service_3:8, function_35",service_3,0.008
2025-06-03 11:34:36:365,service_3,package_1.package_2.interface_1.function_1,infrastructure,57d5d46a-130d-4bbc-bff5-a6251400608b,04272fdb-94f7-4a60-9314-058eb83b4b4f,"-> Client, 2970299:service_18:223, function_1 2",service_18,0.007
2025-06-03 11:34:36:367,service_18,package_3.package_10.interface_13.function_31,infrastructure,57d5d46a-130d-4bbc-bff5-a6251400608b,04272fdb-94f7-4a60-9314-058eb83b4b4f,"-> Client, 2970299:service_8:2, function_31",service_8,0.005
2025-06-03 11:34:36:383,service_21,package_3.interface_21.function_53,infrastructure,57d5d46a-130d-4bbc-bff5-a6251400608b,04272fdb-94f7-4a60-9314-058eb83b4b4f,"-> Client, 2970299:service_10:1, function_53 (CassetteSlot:Slot3,Detail_objectId:2970299:service_10:61,State:Present)",service_10,0.004
2025-06-03 11:34:36:390,service_21,package_3.package_4.interface_15.function_23,infrastructure,57d5d46a-130d-4bbc-bff5-a6251400608b,04272fdb-94f7-4a60-9314-058eb83b4b4f,"-> Client, 2970299:service_3:4, function_23 Docker",service_3,0.2
2025-06-03 11:34:36:587,service_3,package_1.package_7.package_8.package_9.interface_16.function_3,infrastructure,57d5d46a-130d-4bbc-bff5-a6251400608b,04272fdb-94f7-4a60-9314-058eb83b4b4f,"-> Client, 2970299:service_4:41, function_3 X, 0.018",service_4,0.003
2025-06-03 11:34:36:593,service_3,package_1.package_7.package_8.package_9.interface_17.function_24,infrastructure,57d5d46a-130d-4bbc-bff5-a6251400608b,04272fdb-94f7-4a60-9314-058eb83b4b4f,"-> Client, 2970299:service_4:91, function_24",service_4,0.005
2025-06-03 11:34:36:594,service_4,package_3.package_10.interface_18.function_25,infrastructure,57d5d46a-130d-4bbc-bff5-a6251400608b,04272fdb-94f7-4a60-9314-058eb83b4b4f,"-> Client, 2970299:service_8:3, function_25 (MoveCorrection:,MoveType:Absolute,Parameterfunction_1:,Position:0.018,Velocity:0)",service_8,0.004
2025-06-03 11:34:36:600,service_3,package_1.package_7.package_8.package_9.interface_17.function_26,infrastructure,57d5d46a-130d-4bbc-bff5-a6251400608b,04272fdb-94f7-4a60-9314-058eb83b4b4f,"-> Client, 2970299:service_4:91, function_26 60",service_4,0.124
2025-06-03 11:34:36:601,service_4,package_3.package_10.interface_18.function_26,infrastructure,57d5d46a-130d-4bbc-bff5-a6251400608b,04272fdb-94f7-4a60-9314-058eb83b4b4f,"-> Client, 2970299:service_8:3, function_26 60",service_8,0.123
2025-06-03 11:34:36:730,service_21,package_3.package_4.interface_19.function_51,infrastructure,57d5d46a-130d-4bbc-bff5-a6251400608b,04272fdb-94f7-4a60-9314-058eb83b4b4f,"-> Client, 2970299:service_3:6, function_51",service_3,0.006
2025-06-03 11:34:36:731,service_3,package_1.package_2.interface_1.function_1,infrastructure,57d5d46a-130d-4bbc-bff5-a6251400608b,04272fdb-94f7-4a60-9314-058eb83b4b4f,"-> Client, 2970299:service_18:224, function_1 1",service_18,0.005
2025-06-03 11:34:36:732,service_18,package_3.package_10.interface_13.function_52,infrastructure,57d5d46a-130d-4bbc-bff5-a6251400608b,04272fdb-94f7-4a60-9314-058eb83b4b4f,"-> Client, 2970299:service_8:2, function_52",service_8,0.004
2025-06-03 11:34:36:740,service_21,package_3.interface_21.function_53,infrastructure,-,-,"-> Client, 2970299:service_10:1, function_53 (CassetteSlot:Slot3,Detail_objectId:2970299:service_10:61,State:Unknown)",service_10,0.002
2025-06-03 11:34:36:758,service_21,package_3.package_4.interface_15.function_23,infrastructure,57d5d46a-130d-4bbc-bff5-a6251400608b,04272fdb-94f7-4a60-9314-058eb83b4b4f,"-> Client, 2970299:service_3:4, function_23 CartridgeDetectionBegin",service_3,0.003
2025-06-03 11:34:36:759,service_21,package_3.interface_21.function_53,infrastructure,-,-,"-> Client, 2970299:service_10:1, function_53 (CassetteSlot:Slot3,Detail_objectId:2970299:service_10:61,State:Unknown)",service_10,0.002
2025-06-03 11:34:36:958,service_3,package_1.package_7.package_8.package_9.interface_16.function_3,infrastructure,57d5d46a-130d-4bbc-bff5-a6251400608b,04272fdb-94f7-4a60-9314-058eb83b4b4f,"-> Client, 2970299:service_4:41, function_3 X, 0.004",service_4,0.002
2025-06-03 11:34:36:962,service_3,package_1.package_7.package_8.package_9.interface_17.function_24,infrastructure,57d5d46a-130d-4bbc-bff5-a6251400608b,04272fdb-94f7-4a60-9314-058eb83b4b4f,"-> Client, 2970299:service_4:92, function_24",service_4,0.005
2025-06-03 11:34:36:964,service_4,package_3.package_10.interface_18.function_25,infrastructure,57d5d46a-130d-4bbc-bff5-a6251400608b,04272fdb-94f7-4a60-9314-058eb83b4b4f,"-> Client, 2970299:service_8:3, function_25 (MoveCorrection:,MoveType:Absolute,Parameterfunction_1:,Position:0.004,Velocity:0)",service_8,0.003
2025-06-03 11:34:36:968,service_3,package_1.package_7.package_8.package_9.interface_17.function_26,infrastructure,57d5d46a-130d-4bbc-bff5-a6251400608b,04272fdb-94f7-4a60-9314-058eb83b4b4f,"-> Client, 2970299:service_4:92, function_26 60",service_4,0.124
2025-06-03 11:34:36:970,service_4,package_3.package_10.interface_18.function_26,infrastructure,57d5d46a-130d-4bbc-bff5-a6251400608b,04272fdb-94f7-4a60-9314-058eb83b4b4f,"-> Client, 2970299:service_8:3, function_26 60",service_8,0.122
2025-06-03 11:34:37:098,service_21,package_3.package_4.interface_19.function_27,infrastructure,57d5d46a-130d-4bbc-bff5-a6251400608b,04272fdb-94f7-4a60-9314-058eb83b4b4f,"-> Client, 2970299:service_3:6, function_27",service_3,0.006
2025-06-03 11:34:37:100,service_3,package_1.package_2.interface_1.function_1,infrastructure,57d5d46a-130d-4bbc-bff5-a6251400608b,04272fdb-94f7-4a60-9314-058eb83b4b4f,"-> Client, 2970299:service_18:224, function_1 2",service_18,0.004
2025-06-03 11:34:37:101,service_18,package_3.package_10.interface_13.function_29,infrastructure,57d5d46a-130d-4bbc-bff5-a6251400608b,04272fdb-94f7-4a60-9314-058eb83b4b4f,"-> Client, 2970299:service_8:2, function_29",service_8,0.003
2025-06-03 11:34:37:109,service_21,package_3.interface_21.function_53,infrastructure,-,-,"-> Client, 2970299:service_10:1, function_53 (CassetteSlot:Slot3,Detail_objectId:2970299:service_10:61,State:Unknown)",service_10,0.002
2025-06-03 11:34:37:127,service_21,package_3.package_4.interface_15.function_23,infrastructure,57d5d46a-130d-4bbc-bff5-a6251400608b,04272fdb-94f7-4a60-9314-058eb83b4b4f,"-> Client, 2970299:service_3:4, function_23 CartridgeDetectionBegin",service_3,0.194
2025-06-03 11:34:37:319,service_3,package_1.package_7.package_8.package_9.interface_16.function_3,infrastructure,57d5d46a-130d-4bbc-bff5-a6251400608b,04272fdb-94f7-4a60-9314-058eb83b4b4f,"-> Client, 2970299:service_4:41, function_3 X, 0.004",service_4,0.002
2025-06-03 11:34:37:322,service_3,package_1.package_7.package_8.package_9.interface_17.function_24,infrastructure,57d5d46a-130d-4bbc-bff5-a6251400608b,04272fdb-94f7-4a60-9314-058eb83b4b4f,"-> Client, 2970299:service_4:93, function_24",service_4,0.003
2025-06-03 11:34:37:323,service_4,package_3.package_10.interface_18.function_25,infrastructure,57d5d46a-130d-4bbc-bff5-a6251400608b,04272fdb-94f7-4a60-9314-058eb83b4b4f,"-> Client, 2970299:service_8:3, function_25 (MoveCorrection:,MoveType:Absolute,Parameterfunction_1:,Position:0.004,Velocity:0)",service_8,0.002
2025-06-03 11:34:37:326,service_3,package_1.package_7.package_8.package_9.interface_17.function_26,infrastructure,57d5d46a-130d-4bbc-bff5-a6251400608b,04272fdb-94f7-4a60-9314-058eb83b4b4f,"-> Client, 2970299:service_4:93, function_26 60",service_4,0.121
2025-06-03 11:34:37:327,service_4,package_3.package_10.interface_18.function_26,infrastructure,57d5d46a-130d-4bbc-bff5-a6251400608b,04272fdb-94f7-4a60-9314-058eb83b4b4f,"-> Client, 2970299:service_8:3, function_26 60",service_8,0.12
2025-06-03 11:34:37:454,service_21,package_3.package_4.interface_20.function_34,infrastructure,57d5d46a-130d-4bbc-bff5-a6251400608b,04272fdb-94f7-4a60-9314-058eb83b4b4f,"-> Client, 2970299:service_3:8, function_34",service_3,0.008
2025-06-03 11:34:37:455,service_3,package_1.package_2.interface_1.function_1,infrastructure,57d5d46a-130d-4bbc-bff5-a6251400608b,04272fdb-94f7-4a60-9314-058eb83b4b4f,"-> Client, 2970299:service_18:223, function_1 1",service_18,0.007
2025-06-03 11:34:37:457,service_18,package_3.package_10.interface_13.function_58,infrastructure,57d5d46a-130d-4bbc-bff5-a6251400608b,04272fdb-94f7-4a60-9314-058eb83b4b4f,"-> Client, 2970299:service_8:2, function_58",service_8,0.005
2025-06-03 11:34:37:466,service_21,package_3.package_4.interface_15.function_23,infrastructure,57d5d46a-130d-4bbc-bff5-a6251400608b,04272fdb-94f7-4a60-9314-058eb83b4b4f,"-> Client, 2970299:service_3:4, function_23 CartridgeDetectionEnd",service_3,0.224
2025-06-03 11:34:37:688,service_3,package_1.package_7.package_8.package_9.interface_16.function_3,infrastructure,57d5d46a-130d-4bbc-bff5-a6251400608b,04272fdb-94f7-4a60-9314-058eb83b4b4f,"-> Client, 2970299:service_4:41, function_3 X, 0.003",service_4,0.002
2025-06-03 11:34:37:692,service_3,package_1.package_7.package_8.package_9.interface_17.function_24,infrastructure,57d5d46a-130d-4bbc-bff5-a6251400608b,04272fdb-94f7-4a60-9314-058eb83b4b4f,"-> Client, 2970299:service_4:94, function_24",service_4,0.004
2025-06-03 11:34:37:693,service_4,package_3.package_10.interface_18.function_25,infrastructure,57d5d46a-130d-4bbc-bff5-a6251400608b,04272fdb-94f7-4a60-9314-058eb83b4b4f,"-> Client, 2970299:service_8:3, function_25 (MoveCorrection:,MoveType:Absolute,Parameterfunction_1:,Position:0.003,Velocity:0)",service_8,0.003
2025-06-03 11:34:37:698,service_3,package_1.package_7.package_8.package_9.interface_17.function_26,infrastructure,57d5d46a-130d-4bbc-bff5-a6251400608b,04272fdb-94f7-4a60-9314-058eb83b4b4f,"-> Client, 2970299:service_4:94, function_26 60",service_4,0.117
2025-06-03 11:34:37:699,service_4,package_3.package_10.interface_18.function_26,infrastructure,57d5d46a-130d-4bbc-bff5-a6251400608b,04272fdb-94f7-4a60-9314-058eb83b4b4f,"-> Client, 2970299:service_8:3, function_26 60",service_8,0.116
2025-06-03 11:34:37:821,service_21,package_3.package_4.interface_20.function_35,infrastructure,57d5d46a-130d-4bbc-bff5-a6251400608b,04272fdb-94f7-4a60-9314-058eb83b4b4f,"-> Client, 2970299:service_3:8, function_35",service_3,0.0
2025-06-03 11:34:37:822,service_3,package_1.package_2.interface_1.function_1,infrastructure,57d5d46a-130d-4bbc-bff5-a6251400608b,04272fdb-94f7-4a60-9314-058eb83b4b4f,"-> Client, 2970299:service_18:223, function_1 2",service_18,0.005
2025-06-03 11:34:37:824,service_18,package_3.package_10.interface_13.function_31,infrastructure,57d5d46a-130d-4bbc-bff5-a6251400608b,04272fdb-94f7-4a60-9314-058eb83b4b4f,"-> Client, 2970299:service_8:2, function_31",service_8,0.003
2025-06-03 11:34:37:836,service_21,package_3.interface_21.function_53,infrastructure,57d5d46a-130d-4bbc-bff5-a6251400608b,04272fdb-94f7-4a60-9314-058eb83b4b4f,"-> Client, 2970299:service_10:1, function_53 (CassetteSlot:Slot3,Detail_objectId:2970299:service_10:61,State:NotPresent)",service_10,0.003
2025-06-03 11:34:37:840,service_21,package_3.package_4.interface_15.function_23,infrastructure,57d5d46a-130d-4bbc-bff5-a6251400608b,04272fdb-94f7-4a60-9314-058eb83b4b4f,"-> Client, 2970299:service_3:4, function_23 Park",service_3,0.235
2025-06-03 11:34:38:072,service_3,package_1.package_7.package_8.package_9.interface_16.function_3,infrastructure,57d5d46a-130d-4bbc-bff5-a6251400608b,04272fdb-94f7-4a60-9314-058eb83b4b4f,"-> Client, 2970299:service_4:41, function_3 X, 0",service_4,0.003
2025-06-03 11:34:38:078,service_3,package_1.package_7.package_8.package_9.interface_17.function_24,infrastructure,57d5d46a-130d-4bbc-bff5-a6251400608b,04272fdb-94f7-4a60-9314-058eb83b4b4f,"-> Client, 2970299:service_4:95, function_24",service_4,0.004
2025-06-03 11:34:38:079,service_4,package_3.package_10.interface_18.function_25,infrastructure,57d5d46a-130d-4bbc-bff5-a6251400608b,04272fdb-94f7-4a60-9314-058eb83b4b4f,"-> Client, 2970299:service_8:3, function_25 (MoveCorrection:,MoveType:Absolute,Parameterfunction_1:,Position:0,Velocity:0)",service_8,0.003
2025-06-03 11:34:38:084,service_3,package_1.package_7.package_8.package_9.interface_17.function_26,infrastructure,57d5d46a-130d-4bbc-bff5-a6251400608b,04272fdb-94f7-4a60-9314-058eb83b4b4f,"-> Client, 2970299:service_4:95, function_26 60",service_4,0.117
2025-06-03 11:34:38:085,service_4,package_3.package_10.interface_18.function_26,infrastructure,57d5d46a-130d-4bbc-bff5-a6251400608b,04272fdb-94f7-4a60-9314-058eb83b4b4f,"-> Client, 2970299:service_8:3, function_26 60",service_8,0.116
2025-06-03 11:34:38:211,service_21,package_3.interface_21.function_62,infrastructure,57d5d46a-130d-4bbc-bff5-a6251400608b,04272fdb-94f7-4a60-9314-058eb83b4b4f,"-> Client, 2970299:service_10:1, function_62 (CassetteSlot:Slot3,Detail_objectId:2970299:service_10:61,State:Present)",service_10,0.004
2025-06-03 11:34:38:215,service_21,package_3.interface_21.function_59,infrastructure,57d5d46a-130d-4bbc-bff5-a6251400608b,04272fdb-94f7-4a60-9314-058eb83b4b4f,"-> Client, 2970299:service_10:1, function_59",service_10,0.003
2025-06-03 11:34:38:219,service_21,package_3.interface_21.function_53,infrastructure,57d5d46a-130d-4bbc-bff5-a6251400608b,04272fdb-94f7-4a60-9314-058eb83b4b4f,"-> Client, 2970299:service_10:1, function_53 (CassetteSlot:Unknown,Detail_objectId:2970299:service_10:92,State:NotPresent)",service_10,0.003
2025-06-03 11:34:38:225,service_21,package_3.interface_21.function_62,infrastructure,57d5d46a-130d-4bbc-bff5-a6251400608b,04272fdb-94f7-4a60-9314-058eb83b4b4f,"-> Client, 2970299:service_10:1, function_62 (CassetteSlot:Slot3,Detail_objectId:2970299:service_10:61,State:Present)",service_10,0.003
2025-06-03 11:34:38:286,service_21,package_3.package_4.interface_10.function_23,infrastructure,57d5d46a-130d-4bbc-bff5-a6251400608b,04272fdb-94f7-4a60-9314-058eb83b4b4f,"-> Client, 2970299:service_3:5, function_23 Slot3",service_3,0.005
2025-06-03 11:34:38:288,service_21,package_3.interface_21.function_32,infrastructure,-,-,"-> Client, 2970299:service_10:1, function_32 Unknown",service_10,0.003
2025-06-03 11:34:38:391,service_3,package_1.package_7.package_8.package_9.interface_16.function_3,infrastructure,57d5d46a-130d-4bbc-bff5-a6251400608b,04272fdb-94f7-4a60-9314-058eb83b4b4f,"-> Client, 2970299:service_4:34, function_3 Z, 0.012499999999999997",service_4,0.003
2025-06-03 11:34:38:396,service_3,package_1.package_7.package_8.package_9.interface_17.function_24,infrastructure,57d5d46a-130d-4bbc-bff5-a6251400608b,04272fdb-94f7-4a60-9314-058eb83b4b4f,"-> Client, 2970299:service_4:96, function_24",service_4,0.005
2025-06-03 11:34:38:397,service_4,package_3.package_10.interface_18.function_25,infrastructure,57d5d46a-130d-4bbc-bff5-a6251400608b,04272fdb-94f7-4a60-9314-058eb83b4b4f,"-> Client, 2970299:service_8:4, function_25 (MoveCorrection:,MoveType:Absolute,Parameterfunction_1:,Position:0.0125,Velocity:0)",service_8,0.004
2025-06-03 11:34:38:402,service_3,package_1.package_7.package_8.package_9.interface_17.function_26,infrastructure,57d5d46a-130d-4bbc-bff5-a6251400608b,04272fdb-94f7-4a60-9314-058eb83b4b4f,"-> Client, 2970299:service_4:96, function_26 60",service_4,0.119
2025-06-03 11:34:38:403,service_4,package_3.package_10.interface_18.function_26,infrastructure,57d5d46a-130d-4bbc-bff5-a6251400608b,04272fdb-94f7-4a60-9314-058eb83b4b4f,"-> Client, 2970299:service_8:4, function_26 60",service_8,0.118
2025-06-03 11:34:38:639,service_21,package_3.package_4.interface_20.function_34,infrastructure,57d5d46a-130d-4bbc-bff5-a6251400608b,04272fdb-94f7-4a60-9314-058eb83b4b4f,"-> Client, 2970299:service_3:9, function_34",service_3,0.002
2025-06-03 11:34:38:641,service_21,package_3.package_4.interface_20.function_35,infrastructure,57d5d46a-130d-4bbc-bff5-a6251400608b,04272fdb-94f7-4a60-9314-058eb83b4b4f,"-> Client, 2970299:service_3:9, function_35",service_3,0.0
2025-06-03 11:34:38:646,service_21,package_3.interface_21.function_32,infrastructure,57d5d46a-130d-4bbc-bff5-a6251400608b,04272fdb-94f7-4a60-9314-058eb83b4b4f,"-> Client, 2970299:service_10:1, function_32 Present",service_10,0.002
2025-06-03 11:34:38:649,service_21,package_3.interface_21.function_43,infrastructure,57d5d46a-130d-4bbc-bff5-a6251400608b,04272fdb-94f7-4a60-9314-058eb83b4b4f,"-> Client, 2970299:service_10:1, function_43 Unknown",service_10,0.003
2025-06-03 11:34:38:652,service_21,package_3.package_4.interface_22.function_44,infrastructure,57d5d46a-130d-4bbc-bff5-a6251400608b,04272fdb-94f7-4a60-9314-058eb83b4b4f,"-> Client, 2970299:service_3:2, function_44",service_3,0.0
2025-06-03 11:34:38:653,service_3,package_1.package_2.interface_1.function_1,infrastructure,57d5d46a-130d-4bbc-bff5-a6251400608b,04272fdb-94f7-4a60-9314-058eb83b4b4f,"-> Client, 2970299:service_18:226, function_1 1",service_18,0.006
2025-06-03 11:34:38:655,service_18,package_3.package_10.interface_13.function_44,infrastructure,57d5d46a-130d-4bbc-bff5-a6251400608b,04272fdb-94f7-4a60-9314-058eb83b4b4f,"-> Client, 2970299:service_8:2, function_44",service_8,0.004
2025-06-03 11:34:38:661,service_21,package_3.interface_21.function_43,infrastructure,-,-,"-> Client, 2970299:service_10:1, function_43 Unknown",service_10,0.003
2025-06-03 11:34:38:665,service_21,package_3.interface_21.function_43,infrastructure,-,-,"-> Client, 2970299:service_10:1, function_43 Unknown",service_10,0.003
2025-06-03 11:34:38:678,service_21,package_3.interface_21.function_43,infrastructure,-,-,"-> Client, 2970299:service_10:1, function_43 Unknown",service_10,0.001
2025-06-03 11:34:38:679,service_21,package_3.package_4.interface_10.function_23,infrastructure,57d5d46a-130d-4bbc-bff5-a6251400608b,04272fdb-94f7-4a60-9314-058eb83b4b4f,"-> Client, 2970299:service_3:5, function_23 Slot4",service_3,0.0
2025-06-03 11:34:38:682,service_21,package_3.interface_21.function_32,infrastructure,-,-,"-> Client, 2970299:service_10:1, function_32 Unknown",service_10,0.004
2025-06-03 11:34:38:780,service_3,package_1.package_7.package_8.package_9.interface_16.function_3,infrastructure,57d5d46a-130d-4bbc-bff5-a6251400608b,04272fdb-94f7-4a60-9314-058eb83b4b4f,"-> Client, 2970299:service_4:34, function_3 Z, 0.015999999999999997",service_4,0.002
2025-06-03 11:34:38:785,service_3,package_1.package_7.package_8.package_9.interface_17.function_24,infrastructure,57d5d46a-130d-4bbc-bff5-a6251400608b,04272fdb-94f7-4a60-9314-058eb83b4b4f,"-> Client, 2970299:service_4:97, function_24",service_4,0.005
2025-06-03 11:34:38:787,service_4,package_3.package_10.interface_18.function_25,infrastructure,57d5d46a-130d-4bbc-bff5-a6251400608b,04272fdb-94f7-4a60-9314-058eb83b4b4f,"-> Client, 2970299:service_8:4, function_25 (MoveCorrection:,MoveType:Absolute,Parameterfunction_1:,Position:0.016,Velocity:0)",service_8,0.003
2025-06-03 11:34:38:791,service_3,package_1.package_7.package_8.package_9.interface_17.function_26,infrastructure,57d5d46a-130d-4bbc-bff5-a6251400608b,04272fdb-94f7-4a60-9314-058eb83b4b4f,"-> Client, 2970299:service_4:97, function_26 60",service_4,0.116
2025-06-03 11:34:38:792,service_4,package_3.package_10.interface_18.function_26,infrastructure,57d5d46a-130d-4bbc-bff5-a6251400608b,04272fdb-94f7-4a60-9314-058eb83b4b4f,"-> Client, 2970299:service_8:4, function_26 60",service_8,0.115
2025-06-03 11:34:38:914,service_21,package_3.package_4.interface_22.function_33,infrastructure,57d5d46a-130d-4bbc-bff5-a6251400608b,04272fdb-94f7-4a60-9314-058eb83b4b4f,"-> Client, 2970299:service_3:2, function_33",service_3,0.006
2025-06-03 11:34:38:916,service_3,package_1.package_2.interface_1.function_1,infrastructure,57d5d46a-130d-4bbc-bff5-a6251400608b,04272fdb-94f7-4a60-9314-058eb83b4b4f,"-> Client, 2970299:service_18:226, function_1 2",service_18,0.004
2025-06-03 11:34:38:917,service_18,package_3.package_10.interface_13.function_33,infrastructure,57d5d46a-130d-4bbc-bff5-a6251400608b,04272fdb-94f7-4a60-9314-058eb83b4b4f,"-> Client, 2970299:service_8:2, function_33",service_8,0.003
2025-06-03 11:34:38:963,service_21,package_3.interface_21.function_43,infrastructure,57d5d46a-130d-4bbc-bff5-a6251400608b,04272fdb-94f7-4a60-9314-058eb83b4b4f,"-> Client, 2970299:service_10:1, function_43 Slot4",service_10,0.002
2025-06-03 11:34:38:966,service_21,package_3.package_4.interface_10.function_23,infrastructure,57d5d46a-130d-4bbc-bff5-a6251400608b,04272fdb-94f7-4a60-9314-058eb83b4b4f,"-> Client, 2970299:service_3:5, function_23 Park",service_3,0.005
2025-06-03 11:34:38:968,service_21,package_3.interface_21.function_32,infrastructure,-,-,"-> Client, 2970299:service_10:1, function_32 Unknown",service_10,0.003
2025-06-03 11:34:39:068,service_3,package_1.package_7.package_8.package_9.interface_16.function_3,infrastructure,57d5d46a-130d-4bbc-bff5-a6251400608b,04272fdb-94f7-4a60-9314-058eb83b4b4f,"-> Client, 2970299:service_4:34, function_3 Z, 0",service_4,0.003
2025-06-03 11:34:39:074,service_3,package_1.package_7.package_8.package_9.interface_17.function_24,infrastructure,57d5d46a-130d-4bbc-bff5-a6251400608b,04272fdb-94f7-4a60-9314-058eb83b4b4f,"-> Client, 2970299:service_4:98, function_24",service_4,0.004
2025-06-03 11:34:39:075,service_4,package_3.package_10.interface_18.function_25,infrastructure,57d5d46a-130d-4bbc-bff5-a6251400608b,04272fdb-94f7-4a60-9314-058eb83b4b4f,"-> Client, 2970299:service_8:4, function_25 (MoveCorrection:,MoveType:Absolute,Parameterfunction_1:,Position:0,Velocity:0)",service_8,0.003
2025-06-03 11:34:39:080,service_3,package_1.package_7.package_8.package_9.interface_17.function_26,infrastructure,57d5d46a-130d-4bbc-bff5-a6251400608b,04272fdb-94f7-4a60-9314-058eb83b4b4f,"-> Client, 2970299:service_4:98, function_26 60",service_4,0.118
2025-06-03 11:34:39:081,service_4,package_3.package_10.interface_18.function_26,infrastructure,57d5d46a-130d-4bbc-bff5-a6251400608b,04272fdb-94f7-4a60-9314-058eb83b4b4f,"-> Client, 2970299:service_8:4, function_26 60",service_8,0.117
2025-06-03 11:34:39:312,service_21,package_3.package_4.interface_20.function_34,infrastructure,57d5d46a-130d-4bbc-bff5-a6251400608b,04272fdb-94f7-4a60-9314-058eb83b4b4f,"-> Client, 2970299:service_3:9, function_34",service_3,0.002
2025-06-03 11:34:39:314,service_21,package_3.package_4.interface_20.function_35,infrastructure,57d5d46a-130d-4bbc-bff5-a6251400608b,04272fdb-94f7-4a60-9314-058eb83b4b4f,"-> Client, 2970299:service_3:9, function_35",service_3,0.0
2025-06-03 11:34:39:320,service_21,package_3.interface_21.function_32,infrastructure,57d5d46a-130d-4bbc-bff5-a6251400608b,04272fdb-94f7-4a60-9314-058eb83b4b4f,"-> Client, 2970299:service_10:1, function_32 NotPresent",service_10,0.002
2025-06-03 11:34:39:322,service_21,package_3.package_4.interface_19.function_51,infrastructure,57d5d46a-130d-4bbc-bff5-a6251400608b,04272fdb-94f7-4a60-9314-058eb83b4b4f,"-> Client, 2970299:service_3:6, function_51",service_3,0.0
2025-06-03 11:34:39:324,service_3,package_1.package_2.interface_1.function_1,infrastructure,57d5d46a-130d-4bbc-bff5-a6251400608b,04272fdb-94f7-4a60-9314-058eb83b4b4f,"-> Client, 2970299:service_18:224, function_1 1",service_18,0.004
2025-06-03 11:34:39:325,service_18,package_3.package_10.interface_13.function_52,infrastructure,57d5d46a-130d-4bbc-bff5-a6251400608b,04272fdb-94f7-4a60-9314-058eb83b4b4f,"-> Client, 2970299:service_8:2, function_52",service_8,0.003
2025-06-03 11:34:39:332,service_21,package_3.interface_21.function_53,infrastructure,-,-,"-> Client, 2970299:service_10:1, function_53 (CassetteSlot:Unknown,Detail_objectId:2970299:service_10:93,State:Unknown)",service_10,0.002
2025-06-03 11:34:39:354,service_21,package_3.interface_21.function_53,infrastructure,-,-,"-> Client, 2970299:service_10:1, function_53 (CassetteSlot:Unknown,Detail_objectId:2970299:service_10:93,State:Unknown)",service_10,0.003
2025-06-03 11:34:39:354,service_21,package_3.package_4.interface_15.function_23,infrastructure,57d5d46a-130d-4bbc-bff5-a6251400608b,04272fdb-94f7-4a60-9314-058eb83b4b4f,"-> Client, 2970299:service_3:4, function_23 Docker",service_3,0.003
2025-06-03 11:34:39:571,service_3,package_1.package_7.package_8.package_9.interface_16.function_3,infrastructure,57d5d46a-130d-4bbc-bff5-a6251400608b,04272fdb-94f7-4a60-9314-058eb83b4b4f,"-> Client, 2970299:service_4:41, function_3 X, 0.018",service_4,0.002
2025-06-03 11:34:39:575,service_3,package_1.package_7.package_8.package_9.interface_17.function_24,infrastructure,57d5d46a-130d-4bbc-bff5-a6251400608b,04272fdb-94f7-4a60-9314-058eb83b4b4f,"-> Client, 2970299:service_4:99, function_24",service_4,0.004
2025-06-03 11:34:39:576,service_4,package_3.package_10.interface_18.function_25,infrastructure,57d5d46a-130d-4bbc-bff5-a6251400608b,04272fdb-94f7-4a60-9314-058eb83b4b4f,"-> Client, 2970299:service_8:3, function_25 (MoveCorrection:,MoveType:Absolute,Parameterfunction_1:,Position:0.018,Velocity:0)",service_8,0.003
2025-06-03 11:34:39:579,service_3,package_1.package_7.package_8.package_9.interface_17.function_26,infrastructure,57d5d46a-130d-4bbc-bff5-a6251400608b,04272fdb-94f7-4a60-9314-058eb83b4b4f,"-> Client, 2970299:service_4:99, function_26 60",service_4,0.0
2025-06-03 11:34:39:579,service_4,package_3.package_10.interface_18.function_26,infrastructure,57d5d46a-130d-4bbc-bff5-a6251400608b,04272fdb-94f7-4a60-9314-058eb83b4b4f,"-> Client, 2970299:service_8:3, function_26 60",service_8,0.114
2025-06-03 11:34:39:698,service_21,package_3.package_4.interface_19.function_27,infrastructure,57d5d46a-130d-4bbc-bff5-a6251400608b,04272fdb-94f7-4a60-9314-058eb83b4b4f,"-> Client, 2970299:service_3:6, function_27",service_3,0.005
2025-06-03 11:34:39:699,service_3,package_1.package_2.interface_1.function_1,infrastructure,57d5d46a-130d-4bbc-bff5-a6251400608b,04272fdb-94f7-4a60-9314-058eb83b4b4f,"-> Client, 2970299:service_18:224, function_1 2",service_18,0.004
2025-06-03 11:34:39:700,service_18,package_3.package_10.interface_13.function_29,infrastructure,57d5d46a-130d-4bbc-bff5-a6251400608b,04272fdb-94f7-4a60-9314-058eb83b4b4f,"-> Client, 2970299:service_8:2, function_29",service_8,0.003
2025-06-03 11:34:39:707,service_21,package_3.interface_21.function_53,infrastructure,-,-,"-> Client, 2970299:service_10:1, function_53 (CassetteSlot:Unknown,Detail_objectId:2970299:service_10:93,State:Unknown)",service_10,0.002
2025-06-03 11:34:39:727,service_21,package_3.interface_21.function_59,infrastructure,57d5d46a-130d-4bbc-bff5-a6251400608b,04272fdb-94f7-4a60-9314-058eb83b4b4f,"-> Client, 2970299:service_10:1, function_59",service_10,0.002
2025-06-03 11:34:39:729,service_21,package_3.interface_21.function_62,infrastructure,57d5d46a-130d-4bbc-bff5-a6251400608b,04272fdb-94f7-4a60-9314-058eb83b4b4f,"-> Client, 2970299:service_10:1, function_62 (CassetteSlot:Slot4,Detail_objectId:2970299:service_10:94,State:NotPresent)",service_10,0.003
2025-06-03 11:34:39:734,service_21,package_3.interface_21.function_53,infrastructure,57d5d46a-130d-4bbc-bff5-a6251400608b,04272fdb-94f7-4a60-9314-058eb83b4b4f,"-> Client, 2970299:service_10:1, function_53 (CassetteSlot:Slot4,Detail_objectId:2970299:service_10:62,State:NotPresent)",service_10,0.003
2025-06-03 11:34:39:743,service_21,package_3.package_4.interface_15.function_23,infrastructure,57d5d46a-130d-4bbc-bff5-a6251400608b,04272fdb-94f7-4a60-9314-058eb83b4b4f,"-> Client, 2970299:service_3:4, function_23 CartridgeDetectionBegin",service_3,0.335
2025-06-03 11:34:40:075,service_3,package_1.package_7.package_8.package_9.interface_16.function_3,infrastructure,57d5d46a-130d-4bbc-bff5-a6251400608b,04272fdb-94f7-4a60-9314-058eb83b4b4f,"-> Client, 2970299:service_4:41, function_3 X, 0.004",service_4,0.003
2025-06-03 11:34:40:080,service_3,package_1.package_7.package_8.package_9.interface_17.function_24,infrastructure,57d5d46a-130d-4bbc-bff5-a6251400608b,04272fdb-94f7-4a60-9314-058eb83b4b4f,"-> Client, 2970299:service_4:100, function_24",service_4,0.003
2025-06-03 11:34:40:081,service_4,package_3.package_10.interface_18.function_25,infrastructure,57d5d46a-130d-4bbc-bff5-a6251400608b,04272fdb-94f7-4a60-9314-058eb83b4b4f,"-> Client, 2970299:service_8:3, function_25 (MoveCorrection:,MoveType:Absolute,Parameterfunction_1:,Position:0.004,Velocity:0)",service_8,0.002
2025-06-03 11:34:40:084,service_3,package_1.package_7.package_8.package_9.interface_17.function_26,infrastructure,57d5d46a-130d-4bbc-bff5-a6251400608b,04272fdb-94f7-4a60-9314-058eb83b4b4f,"-> Client, 2970299:service_4:100, function_26 60",service_4,0.119
2025-06-03 11:34:40:085,service_4,package_3.package_10.interface_18.function_26,infrastructure,57d5d46a-130d-4bbc-bff5-a6251400608b,04272fdb-94f7-4a60-9314-058eb83b4b4f,"-> Client, 2970299:service_8:3, function_26 60",service_8,0.118
2025-06-03 11:34:40:209,service_21,package_3.package_4.interface_20.function_34,infrastructure,57d5d46a-130d-4bbc-bff5-a6251400608b,04272fdb-94f7-4a60-9314-058eb83b4b4f,"-> Client, 2970299:service_3:8, function_34",service_3,0.005
2025-06-03 11:34:40:210,service_3,package_1.package_2.interface_1.function_1,infrastructure,57d5d46a-130d-4bbc-bff5-a6251400608b,04272fdb-94f7-4a60-9314-058eb83b4b4f,"-> Client, 2970299:service_18:223, function_1 1",service_18,0.004
2025-06-03 11:34:40:211,service_18,package_3.package_10.interface_13.function_58,infrastructure,57d5d46a-130d-4bbc-bff5-a6251400608b,04272fdb-94f7-4a60-9314-058eb83b4b4f,"-> Client, 2970299:service_8:2, function_58",service_8,0.003
2025-06-03 11:34:40:218,service_21,package_3.package_4.interface_15.function_23,infrastructure,57d5d46a-130d-4bbc-bff5-a6251400608b,04272fdb-94f7-4a60-9314-058eb83b4b4f,"-> Client, 2970299:service_3:4, function_23 CartridgeDetectionEnd",service_3,0.352
2025-06-03 11:34:40:568,service_3,package_1.package_7.package_8.package_9.interface_16.function_3,infrastructure,57d5d46a-130d-4bbc-bff5-a6251400608b,04272fdb-94f7-4a60-9314-058eb83b4b4f,"-> Client, 2970299:service_4:41, function_3 X, 0.003",service_4,0.002
2025-06-03 11:34:40:571,service_4,package_3.package_10.interface_18.function_25,infrastructure,57d5d46a-130d-4bbc-bff5-a6251400608b,04272fdb-94f7-4a60-9314-058eb83b4b4f,"-> Client, 2970299:service_8:3, function_25 (MoveCorrection:,MoveType:Absolute,Parameterfunction_1:,Position:0.003,Velocity:0)",service_8,0.003
2025-06-03 11:34:40:571,service_3,package_1.package_7.package_8.package_9.interface_17.function_24,infrastructure,57d5d46a-130d-4bbc-bff5-a6251400608b,04272fdb-94f7-4a60-9314-058eb83b4b4f,"-> Client, 2970299:service_4:101, function_24",service_4,0.003
2025-06-03 11:34:40:574,service_3,package_1.package_7.package_8.package_9.interface_17.function_26,infrastructure,57d5d46a-130d-4bbc-bff5-a6251400608b,04272fdb-94f7-4a60-9314-058eb83b4b4f,"-> Client, 2970299:service_4:101, function_26 60",service_4,0.0
2025-06-03 11:34:40:575,service_4,package_3.package_10.interface_18.function_26,infrastructure,57d5d46a-130d-4bbc-bff5-a6251400608b,04272fdb-94f7-4a60-9314-058eb83b4b4f,"-> Client, 2970299:service_8:3, function_26 60",service_8,0.124
2025-06-03 11:34:40:704,service_21,package_3.package_4.interface_20.function_35,infrastructure,57d5d46a-130d-4bbc-bff5-a6251400608b,04272fdb-94f7-4a60-9314-058eb83b4b4f,"-> Client, 2970299:service_3:8, function_35",service_3,0.005
2025-06-03 11:34:40:705,service_3,package_1.package_2.interface_1.function_1,infrastructure,57d5d46a-130d-4bbc-bff5-a6251400608b,04272fdb-94f7-4a60-9314-058eb83b4b4f,"-> Client, 2970299:service_18:223, function_1 2",service_18,0.004
2025-06-03 11:34:40:707,service_18,package_3.package_10.interface_13.function_31,infrastructure,57d5d46a-130d-4bbc-bff5-a6251400608b,04272fdb-94f7-4a60-9314-058eb83b4b4f,"-> Client, 2970299:service_8:2, function_31",service_8,0.002
2025-06-03 11:34:40:718,service_21,package_3.interface_21.function_53,infrastructure,57d5d46a-130d-4bbc-bff5-a6251400608b,04272fdb-94f7-4a60-9314-058eb83b4b4f,"-> Client, 2970299:service_10:1, function_53 (CassetteSlot:Slot4,Detail_objectId:2970299:service_10:62,State:NotPresent)",service_10,0.001
2025-06-03 11:34:40:720,service_21,package_3.package_4.interface_15.function_23,infrastructure,57d5d46a-130d-4bbc-bff5-a6251400608b,04272fdb-94f7-4a60-9314-058eb83b4b4f,"-> Client, 2970299:service_3:4, function_23 Docker",service_3,0.224
2025-06-03 11:34:40:942,service_3,package_1.package_7.package_8.package_9.interface_16.function_3,infrastructure,57d5d46a-130d-4bbc-bff5-a6251400608b,04272fdb-94f7-4a60-9314-058eb83b4b4f,"-> Client, 2970299:service_4:41, function_3 X, 0.018",service_4,0.002
2025-06-03 11:34:40:946,service_3,package_1.package_7.package_8.package_9.interface_17.function_24,infrastructure,57d5d46a-130d-4bbc-bff5-a6251400608b,04272fdb-94f7-4a60-9314-058eb83b4b4f,"-> Client, 2970299:service_4:102, function_24",service_4,0.005
2025-06-03 11:34:40:947,service_4,package_3.package_10.interface_18.function_25,infrastructure,57d5d46a-130d-4bbc-bff5-a6251400608b,04272fdb-94f7-4a60-9314-058eb83b4b4f,"-> Client, 2970299:service_8:3, function_25 (MoveCorrection:,MoveType:Absolute,Parameterfunction_1:,Position:0.018,Velocity:0)",service_8,0.004
2025-06-03 11:34:40:952,service_3,package_1.package_7.package_8.package_9.interface_17.function_26,infrastructure,57d5d46a-130d-4bbc-bff5-a6251400608b,04272fdb-94f7-4a60-9314-058eb83b4b4f,"-> Client, 2970299:service_4:102, function_26 60",service_4,0.0
2025-06-03 11:34:40:953,service_4,package_3.package_10.interface_18.function_26,infrastructure,57d5d46a-130d-4bbc-bff5-a6251400608b,04272fdb-94f7-4a60-9314-058eb83b4b4f,"-> Client, 2970299:service_8:3, function_26 60",service_8,0.117
2025-06-03 11:34:41:077,service_21,package_3.package_4.interface_19.function_51,infrastructure,57d5d46a-130d-4bbc-bff5-a6251400608b,04272fdb-94f7-4a60-9314-058eb83b4b4f,"-> Client, 2970299:service_3:6, function_51",service_3,0.007
2025-06-03 11:34:41:078,service_3,package_1.package_2.interface_1.function_1,infrastructure,57d5d46a-130d-4bbc-bff5-a6251400608b,04272fdb-94f7-4a60-9314-058eb83b4b4f,"-> Client, 2970299:service_18:224, function_1 1",service_18,0.006
2025-06-03 11:34:41:079,service_18,package_3.package_10.interface_13.function_52,infrastructure,57d5d46a-130d-4bbc-bff5-a6251400608b,04272fdb-94f7-4a60-9314-058eb83b4b4f,"-> Client, 2970299:service_8:2, function_52",service_8,0.005
2025-06-03 11:34:41:089,service_21,package_3.interface_21.function_53,infrastructure,-,-,"-> Client, 2970299:service_10:1, function_53 (CassetteSlot:Slot4,Detail_objectId:2970299:service_10:62,State:Unknown)",service_10,0.003
2025-06-03 11:34:41:103,service_21,package_3.package_4.interface_15.function_23,infrastructure,57d5d46a-130d-4bbc-bff5-a6251400608b,04272fdb-94f7-4a60-9314-058eb83b4b4f,"-> Client, 2970299:service_3:4, function_23 CartridgeDetectionBegin",service_3,0.003
2025-06-03 11:34:41:104,service_21,package_3.interface_21.function_53,infrastructure,-,-,"-> Client, 2970299:service_10:1, function_53 (CassetteSlot:Slot4,Detail_objectId:2970299:service_10:62,State:Unknown)",service_10,0.002
2025-06-03 11:34:41:352,service_3,package_1.package_7.package_8.package_9.interface_16.function_3,infrastructure,57d5d46a-130d-4bbc-bff5-a6251400608b,04272fdb-94f7-4a60-9314-058eb83b4b4f,"-> Client, 2970299:service_4:41, function_3 X, 0.004",service_4,0.002
2025-06-03 11:34:41:356,service_3,package_1.package_7.package_8.package_9.interface_17.function_24,infrastructure,57d5d46a-130d-4bbc-bff5-a6251400608b,04272fdb-94f7-4a60-9314-058eb83b4b4f,"-> Client, 2970299:service_4:103, function_24",service_4,0.004
2025-06-03 11:34:41:357,service_4,package_3.package_10.interface_18.function_25,infrastructure,57d5d46a-130d-4bbc-bff5-a6251400608b,04272fdb-94f7-4a60-9314-058eb83b4b4f,"-> Client, 2970299:service_8:3, function_25 (MoveCorrection:,MoveType:Absolute,Parameterfunction_1:,Position:0.004,Velocity:0)",service_8,0.003
2025-06-03 11:34:41:362,service_3,package_1.package_7.package_8.package_9.interface_17.function_26,infrastructure,57d5d46a-130d-4bbc-bff5-a6251400608b,04272fdb-94f7-4a60-9314-058eb83b4b4f,"-> Client, 2970299:service_4:103, function_26 60",service_4,0.111
2025-06-03 11:34:41:363,service_4,package_3.package_10.interface_18.function_26,infrastructure,57d5d46a-130d-4bbc-bff5-a6251400608b,04272fdb-94f7-4a60-9314-058eb83b4b4f,"-> Client, 2970299:service_8:3, function_26 60",service_8,0.11
2025-06-03 11:34:41:479,service_21,package_3.package_4.interface_19.function_27,infrastructure,57d5d46a-130d-4bbc-bff5-a6251400608b,04272fdb-94f7-4a60-9314-058eb83b4b4f,"-> Client, 2970299:service_3:6, function_27",service_3,0.0
2025-06-03 11:34:41:480,service_3,package_1.package_2.interface_1.function_1,infrastructure,57d5d46a-130d-4bbc-bff5-a6251400608b,04272fdb-94f7-4a60-9314-058eb83b4b4f,"-> Client, 2970299:service_18:224, function_1 2",service_18,0.005
2025-06-03 11:34:41:481,service_18,package_3.package_10.interface_13.function_29,infrastructure,57d5d46a-130d-4bbc-bff5-a6251400608b,04272fdb-94f7-4a60-9314-058eb83b4b4f,"-> Client, 2970299:service_8:2, function_29",service_8,0.004
2025-06-03 11:34:41:490,service_21,package_3.interface_21.function_53,infrastructure,-,-,"-> Client, 2970299:service_10:1, function_53 (CassetteSlot:Slot4,Detail_objectId:2970299:service_10:62,State:Unknown)",service_10,0.003
2025-06-03 11:34:41:510,service_21,package_3.package_4.interface_15.function_23,infrastructure,57d5d46a-130d-4bbc-bff5-a6251400608b,04272fdb-94f7-4a60-9314-058eb83b4b4f,"-> Client, 2970299:service_3:4, function_23 CartridgeDetectionBegin",service_3,0.192
2025-06-03 11:34:41:700,service_3,package_1.package_7.package_8.package_9.interface_16.function_3,infrastructure,57d5d46a-130d-4bbc-bff5-a6251400608b,04272fdb-94f7-4a60-9314-058eb83b4b4f,"-> Client, 2970299:service_4:41, function_3 X, 0.004",service_4,0.002
2025-06-03 11:34:41:703,service_3,package_1.package_7.package_8.package_9.interface_17.function_24,infrastructure,57d5d46a-130d-4bbc-bff5-a6251400608b,04272fdb-94f7-4a60-9314-058eb83b4b4f,"-> Client, 2970299:service_4:104, function_24",service_4,0.003
2025-06-03 11:34:41:704,service_4,package_3.package_10.interface_18.function_25,infrastructure,57d5d46a-130d-4bbc-bff5-a6251400608b,04272fdb-94f7-4a60-9314-058eb83b4b4f,"-> Client, 2970299:service_8:3, function_25 (MoveCorrection:,MoveType:Absolute,Parameterfunction_1:,Position:0.004,Velocity:0)",service_8,0.002
2025-06-03 11:34:41:706,service_3,package_1.package_7.package_8.package_9.interface_17.function_26,infrastructure,57d5d46a-130d-4bbc-bff5-a6251400608b,04272fdb-94f7-4a60-9314-058eb83b4b4f,"-> Client, 2970299:service_4:104, function_26 60",service_4,0.0
2025-06-03 11:34:41:707,service_4,package_3.package_10.interface_18.function_26,infrastructure,57d5d46a-130d-4bbc-bff5-a6251400608b,04272fdb-94f7-4a60-9314-058eb83b4b4f,"-> Client, 2970299:service_8:3, function_26 60",service_8,0.119
2025-06-03 11:34:41:831,service_21,package_3.package_4.interface_20.function_34,infrastructure,57d5d46a-130d-4bbc-bff5-a6251400608b,04272fdb-94f7-4a60-9314-058eb83b4b4f,"-> Client, 2970299:service_3:8, function_34",service_3,0.004
2025-06-03 11:34:41:832,service_3,package_1.package_2.interface_1.function_1,infrastructure,57d5d46a-130d-4bbc-bff5-a6251400608b,04272fdb-94f7-4a60-9314-058eb83b4b4f,"-> Client, 2970299:service_18:223, function_1 1",service_18,0.003
2025-06-03 11:34:41:833,service_18,package_3.package_10.interface_13.function_58,infrastructure,57d5d46a-130d-4bbc-bff5-a6251400608b,04272fdb-94f7-4a60-9314-058eb83b4b4f,"-> Client, 2970299:service_8:2, function_58",service_8,0.002
2025-06-03 11:34:41:838,service_21,package_3.package_4.interface_15.function_23,infrastructure,57d5d46a-130d-4bbc-bff5-a6251400608b,04272fdb-94f7-4a60-9314-058eb83b4b4f,"-> Client, 2970299:service_3:4, function_23 CartridgeDetectionEnd",service_3,0.201
2025-06-03 11:34:42:037,service_3,package_1.package_7.package_8.package_9.interface_16.function_3,infrastructure,57d5d46a-130d-4bbc-bff5-a6251400608b,04272fdb-94f7-4a60-9314-058eb83b4b4f,"-> Client, 2970299:service_4:41, function_3 X, 0.003",service_4,0.002
2025-06-03 11:34:42:041,service_3,package_1.package_7.package_8.package_9.interface_17.function_24,infrastructure,57d5d46a-130d-4bbc-bff5-a6251400608b,04272fdb-94f7-4a60-9314-058eb83b4b4f,"-> Client, 2970299:service_4:105, function_24",service_4,0.004
2025-06-03 11:34:42:042,service_4,package_3.package_10.interface_18.function_25,infrastructure,57d5d46a-130d-4bbc-bff5-a6251400608b,04272fdb-94f7-4a60-9314-058eb83b4b4f,"-> Client, 2970299:service_8:3, function_25 (MoveCorrection:,MoveType:Absolute,Parameterfunction_1:,Position:0.003,Velocity:0)",service_8,0.003
2025-06-03 11:34:42:045,service_3,package_1.package_7.package_8.package_9.interface_17.function_26,infrastructure,57d5d46a-130d-4bbc-bff5-a6251400608b,04272fdb-94f7-4a60-9314-058eb83b4b4f,"-> Client, 2970299:service_4:105, function_26 60",service_4,0.0
2025-06-03 11:34:42:046,service_4,package_3.package_10.interface_18.function_26,infrastructure,57d5d46a-130d-4bbc-bff5-a6251400608b,04272fdb-94f7-4a60-9314-058eb83b4b4f,"-> Client, 2970299:service_8:3, function_26 60",service_8,0.121
2025-06-03 11:34:42:173,service_21,package_3.package_4.interface_20.function_35,infrastructure,57d5d46a-130d-4bbc-bff5-a6251400608b,04272fdb-94f7-4a60-9314-058eb83b4b4f,"-> Client, 2970299:service_3:8, function_35",service_3,0.008
2025-06-03 11:34:42:175,service_3,package_1.package_2.interface_1.function_1,infrastructure,57d5d46a-130d-4bbc-bff5-a6251400608b,04272fdb-94f7-4a60-9314-058eb83b4b4f,"-> Client, 2970299:service_18:223, function_1 2",service_18,0.006
2025-06-03 11:34:42:176,service_18,package_3.package_10.interface_13.function_31,infrastructure,57d5d46a-130d-4bbc-bff5-a6251400608b,04272fdb-94f7-4a60-9314-058eb83b4b4f,"-> Client, 2970299:service_8:2, function_31",service_8,0.005
2025-06-03 11:34:42:194,service_21,package_3.interface_21.function_53,infrastructure,57d5d46a-130d-4bbc-bff5-a6251400608b,04272fdb-94f7-4a60-9314-058eb83b4b4f,"-> Client, 2970299:service_10:1, function_53 (CassetteSlot:Slot4,Detail_objectId:2970299:service_10:62,State:NotPresent)",service_10,0.004
2025-06-03 11:34:42:198,service_21,package_3.package_4.interface_15.function_23,infrastructure,57d5d46a-130d-4bbc-bff5-a6251400608b,04272fdb-94f7-4a60-9314-058eb83b4b4f,"-> Client, 2970299:service_3:4, function_23 Park",service_3,0.0
2025-06-03 11:34:42:396,service_3,package_1.package_7.package_8.package_9.interface_16.function_3,infrastructure,57d5d46a-130d-4bbc-bff5-a6251400608b,04272fdb-94f7-4a60-9314-058eb83b4b4f,"-> Client, 2970299:service_4:41, function_3 X, 0",service_4,0.003
2025-06-03 11:34:42:402,service_3,package_1.package_7.package_8.package_9.interface_17.function_24,infrastructure,57d5d46a-130d-4bbc-bff5-a6251400608b,04272fdb-94f7-4a60-9314-058eb83b4b4f,"-> Client, 2970299:service_4:106, function_24",service_4,0.004
2025-06-03 11:34:42:403,service_4,package_3.package_10.interface_18.function_25,infrastructure,57d5d46a-130d-4bbc-bff5-a6251400608b,04272fdb-94f7-4a60-9314-058eb83b4b4f,"-> Client, 2970299:service_8:3, function_25 (MoveCorrection:,MoveType:Absolute,Parameterfunction_1:,Position:0,Velocity:0)",service_8,0.003
2025-06-03 11:34:42:408,service_3,package_1.package_7.package_8.package_9.interface_17.function_26,infrastructure,57d5d46a-130d-4bbc-bff5-a6251400608b,04272fdb-94f7-4a60-9314-058eb83b4b4f,"-> Client, 2970299:service_4:106, function_26 60",service_4,0.113
2025-06-03 11:34:42:409,service_4,package_3.package_10.interface_18.function_26,infrastructure,57d5d46a-130d-4bbc-bff5-a6251400608b,04272fdb-94f7-4a60-9314-058eb83b4b4f,"-> Client, 2970299:service_8:3, function_26 60",service_8,0.112
2025-06-03 11:34:42:530,service_21,package_3.interface_21.function_62,infrastructure,57d5d46a-130d-4bbc-bff5-a6251400608b,04272fdb-94f7-4a60-9314-058eb83b4b4f,"-> Client, 2970299:service_10:1, function_62 (CassetteSlot:Slot4,Detail_objectId:2970299:service_10:62,State:NotPresent)",service_10,0.006
2025-06-03 11:34:42:536,service_21,package_3.interface_21.function_59,infrastructure,57d5d46a-130d-4bbc-bff5-a6251400608b,04272fdb-94f7-4a60-9314-058eb83b4b4f,"-> Client, 2970299:service_10:1, function_59",service_10,0.0
2025-06-03 11:34:42:539,service_21,package_3.interface_21.function_53,infrastructure,57d5d46a-130d-4bbc-bff5-a6251400608b,04272fdb-94f7-4a60-9314-058eb83b4b4f,"-> Client, 2970299:service_10:1, function_53 (CassetteSlot:Unknown,Detail_objectId:2970299:service_10:95,State:NotPresent)",service_10,0.002
2025-06-03 11:34:42:543,service_21,package_3.interface_21.function_62,infrastructure,57d5d46a-130d-4bbc-bff5-a6251400608b,04272fdb-94f7-4a60-9314-058eb83b4b4f,"-> Client, 2970299:service_10:1, function_62 (CassetteSlot:Slot4,Detail_objectId:2970299:service_10:62,State:NotPresent)",service_10,0.002
2025-06-03 11:34:42:619,service_21,package_3.package_4.interface_10.function_23,infrastructure,57d5d46a-130d-4bbc-bff5-a6251400608b,04272fdb-94f7-4a60-9314-058eb83b4b4f,"-> Client, 2970299:service_3:5, function_23 Slot4",service_3,0.005
2025-06-03 11:34:42:621,service_21,package_3.interface_21.function_32,infrastructure,-,-,"-> Client, 2970299:service_10:1, function_32 Unknown",service_10,0.003
2025-06-03 11:34:42:712,service_3,package_1.package_7.package_8.package_9.interface_16.function_3,infrastructure,57d5d46a-130d-4bbc-bff5-a6251400608b,04272fdb-94f7-4a60-9314-058eb83b4b4f,"-> Client, 2970299:service_4:34, function_3 Z, 0.015999999999999997",service_4,0.002
2025-06-03 11:34:42:715,service_3,package_1.package_7.package_8.package_9.interface_17.function_24,infrastructure,57d5d46a-130d-4bbc-bff5-a6251400608b,04272fdb-94f7-4a60-9314-058eb83b4b4f,"-> Client, 2970299:service_4:107, function_24",service_4,0.004
2025-06-03 11:34:42:716,service_4,package_3.package_10.interface_18.function_25,infrastructure,57d5d46a-130d-4bbc-bff5-a6251400608b,04272fdb-94f7-4a60-9314-058eb83b4b4f,"-> Client, 2970299:service_8:4, function_25 (MoveCorrection:,MoveType:Absolute,Parameterfunction_1:,Position:0.016,Velocity:0)",service_8,0.003
2025-06-03 11:34:42:720,service_4,package_3.package_10.interface_18.function_26,infrastructure,57d5d46a-130d-4bbc-bff5-a6251400608b,04272fdb-94f7-4a60-9314-058eb83b4b4f,"-> Client, 2970299:service_8:4, function_26 60",service_8,0.113
2025-06-03 11:34:42:720,service_3,package_1.package_7.package_8.package_9.interface_17.function_26,infrastructure,57d5d46a-130d-4bbc-bff5-a6251400608b,04272fdb-94f7-4a60-9314-058eb83b4b4f,"-> Client, 2970299:service_4:107, function_26 60",service_4,0.113
2025-06-03 11:34:42:968,service_21,package_3.package_4.interface_20.function_34,infrastructure,57d5d46a-130d-4bbc-bff5-a6251400608b,04272fdb-94f7-4a60-9314-058eb83b4b4f,"-> Client, 2970299:service_3:9, function_34",service_3,0.002
2025-06-03 11:34:42:971,service_21,package_3.package_4.interface_20.function_35,infrastructure,57d5d46a-130d-4bbc-bff5-a6251400608b,04272fdb-94f7-4a60-9314-058eb83b4b4f,"-> Client, 2970299:service_3:9, function_35",service_3,0.002
2025-06-03 11:34:42:977,service_21,package_3.interface_21.function_32,infrastructure,57d5d46a-130d-4bbc-bff5-a6251400608b,04272fdb-94f7-4a60-9314-058eb83b4b4f,"-> Client, 2970299:service_10:1, function_32 Present",service_10,0.002
2025-06-03 11:34:42:980,service_21,package_3.interface_21.function_43,infrastructure,57d5d46a-130d-4bbc-bff5-a6251400608b,04272fdb-94f7-4a60-9314-058eb83b4b4f,"-> Client, 2970299:service_10:1, function_43 Unknown",service_10,0.003
2025-06-03 11:34:42:984,service_21,package_3.package_4.interface_22.function_44,infrastructure,57d5d46a-130d-4bbc-bff5-a6251400608b,04272fdb-94f7-4a60-9314-058eb83b4b4f,"-> Client, 2970299:service_3:2, function_44",service_3,0.007
2025-06-03 11:34:42:985,service_3,package_1.package_2.interface_1.function_1,infrastructure,57d5d46a-130d-4bbc-bff5-a6251400608b,04272fdb-94f7-4a60-9314-058eb83b4b4f,"-> Client, 2970299:service_18:226, function_1 1",service_18,0.006
2025-06-03 11:34:42:986,service_18,package_3.package_10.interface_13.function_44,infrastructure,57d5d46a-130d-4bbc-bff5-a6251400608b,04272fdb-94f7-4a60-9314-058eb83b4b4f,"-> Client, 2970299:service_8:2, function_44",service_8,0.005
2025-06-03 11:34:42:994,service_21,package_3.interface_21.function_43,infrastructure,-,-,"-> Client, 2970299:service_10:1, function_43 Unknown",service_10,0.002
2025-06-03 11:34:42:997,service_21,package_3.interface_21.function_43,infrastructure,-,-,"-> Client, 2970299:service_10:1, function_43 Unknown",service_10,0.002
2025-06-03 11:34:43:018,service_21,package_3.interface_21.function_43,infrastructure,-,-,"-> Client, 2970299:service_10:1, function_43 Unknown",service_10,0.001
2025-06-03 11:34:43:019,service_21,package_3.package_4.interface_10.function_23,infrastructure,57d5d46a-130d-4bbc-bff5-a6251400608b,04272fdb-94f7-4a60-9314-058eb83b4b4f,"-> Client, 2970299:service_3:5, function_23 Slot5",service_3,0.0
2025-06-03 11:34:43:021,service_21,package_3.interface_21.function_32,infrastructure,-,-,"-> Client, 2970299:service_10:1, function_32 Unknown",service_10,0.003
2025-06-03 11:34:43:123,service_3,package_1.package_7.package_8.package_9.interface_16.function_3,infrastructure,57d5d46a-130d-4bbc-bff5-a6251400608b,04272fdb-94f7-4a60-9314-058eb83b4b4f,"-> Client, 2970299:service_4:34, function_3 Z, 0.019499999999999997",service_4,0.002
2025-06-03 11:34:43:127,service_3,package_1.package_7.package_8.package_9.interface_17.function_24,infrastructure,57d5d46a-130d-4bbc-bff5-a6251400608b,04272fdb-94f7-4a60-9314-058eb83b4b4f,"-> Client, 2970299:service_4:108, function_24",service_4,0.003
2025-06-03 11:34:43:128,service_4,package_3.package_10.interface_18.function_25,infrastructure,57d5d46a-130d-4bbc-bff5-a6251400608b,04272fdb-94f7-4a60-9314-058eb83b4b4f,"-> Client, 2970299:service_8:4, function_25 (MoveCorrection:,MoveType:Absolute,Parameterfunction_1:,Position:0.0195,Velocity:0)",service_8,0.002
2025-06-03 11:34:43:131,service_3,package_1.package_7.package_8.package_9.interface_17.function_26,infrastructure,57d5d46a-130d-4bbc-bff5-a6251400608b,04272fdb-94f7-4a60-9314-058eb83b4b4f,"-> Client, 2970299:service_4:108, function_26 60",service_4,0.0
2025-06-03 11:34:43:132,service_4,package_3.package_10.interface_18.function_26,infrastructure,57d5d46a-130d-4bbc-bff5-a6251400608b,04272fdb-94f7-4a60-9314-058eb83b4b4f,"-> Client, 2970299:service_8:4, function_26 60",service_8,0.115
2025-06-03 11:34:43:254,service_21,package_3.package_4.interface_22.function_33,infrastructure,57d5d46a-130d-4bbc-bff5-a6251400608b,04272fdb-94f7-4a60-9314-058eb83b4b4f,"-> Client, 2970299:service_3:2, function_33",service_3,0.007
2025-06-03 11:34:43:256,service_3,package_1.package_2.interface_1.function_1,infrastructure,57d5d46a-130d-4bbc-bff5-a6251400608b,04272fdb-94f7-4a60-9314-058eb83b4b4f,"-> Client, 2970299:service_18:226, function_1 2",service_18,0.005
2025-06-03 11:34:43:257,service_18,package_3.package_10.interface_13.function_33,infrastructure,57d5d46a-130d-4bbc-bff5-a6251400608b,04272fdb-94f7-4a60-9314-058eb83b4b4f,"-> Client, 2970299:service_8:2, function_33",service_8,0.004
2025-06-03 11:34:43:303,service_21,package_3.interface_21.function_43,infrastructure,57d5d46a-130d-4bbc-bff5-a6251400608b,04272fdb-94f7-4a60-9314-058eb83b4b4f,"-> Client, 2970299:service_10:1, function_43 Slot5",service_10,0.003
2025-06-03 11:34:43:307,service_21,package_3.package_4.interface_10.function_23,infrastructure,57d5d46a-130d-4bbc-bff5-a6251400608b,04272fdb-94f7-4a60-9314-058eb83b4b4f,"-> Client, 2970299:service_3:5, function_23 Park",service_3,0.005
2025-06-03 11:34:43:309,service_21,package_3.interface_21.function_32,infrastructure,-,-,"-> Client, 2970299:service_10:1, function_32 Unknown",service_10,0.003
2025-06-03 11:34:43:401,service_3,package_1.package_7.package_8.package_9.interface_16.function_3,infrastructure,57d5d46a-130d-4bbc-bff5-a6251400608b,04272fdb-94f7-4a60-9314-058eb83b4b4f,"-> Client, 2970299:service_4:34, function_3 Z, 0",service_4,0.002
2025-06-03 11:34:43:404,service_3,package_1.package_7.package_8.package_9.interface_17.function_24,infrastructure,57d5d46a-130d-4bbc-bff5-a6251400608b,04272fdb-94f7-4a60-9314-058eb83b4b4f,"-> Client, 2970299:service_4:109, function_24",service_4,0.004
2025-06-03 11:34:43:405,service_4,package_3.package_10.interface_18.function_25,infrastructure,57d5d46a-130d-4bbc-bff5-a6251400608b,04272fdb-94f7-4a60-9314-058eb83b4b4f,"-> Client, 2970299:service_8:4, function_25 (MoveCorrection:,MoveType:Absolute,Parameterfunction_1:,Position:0,Velocity:0)",service_8,0.003
2025-06-03 11:34:43:409,service_3,package_1.package_7.package_8.package_9.interface_17.function_26,infrastructure,57d5d46a-130d-4bbc-bff5-a6251400608b,04272fdb-94f7-4a60-9314-058eb83b4b4f,"-> Client, 2970299:service_4:109, function_26 60",service_4,0.0
2025-06-03 11:34:43:410,service_4,package_3.package_10.interface_18.function_26,infrastructure,57d5d46a-130d-4bbc-bff5-a6251400608b,04272fdb-94f7-4a60-9314-058eb83b4b4f,"-> Client, 2970299:service_8:4, function_26 60",service_8,0.117
2025-06-03 11:34:43:638,service_21,package_3.package_4.interface_20.function_34,infrastructure,57d5d46a-130d-4bbc-bff5-a6251400608b,04272fdb-94f7-4a60-9314-058eb83b4b4f,"-> Client, 2970299:service_3:9, function_34",service_3,0.002
2025-06-03 11:34:43:640,service_21,package_3.package_4.interface_20.function_35,infrastructure,57d5d46a-130d-4bbc-bff5-a6251400608b,04272fdb-94f7-4a60-9314-058eb83b4b4f,"-> Client, 2970299:service_3:9, function_35",service_3,0.001
2025-06-03 11:34:43:644,service_21,package_3.interface_21.function_32,infrastructure,57d5d46a-130d-4bbc-bff5-a6251400608b,04272fdb-94f7-4a60-9314-058eb83b4b4f,"-> Client, 2970299:service_10:1, function_32 NotPresent",service_10,0.003
2025-06-03 11:34:43:647,service_21,package_3.package_4.interface_19.function_51,infrastructure,57d5d46a-130d-4bbc-bff5-a6251400608b,04272fdb-94f7-4a60-9314-058eb83b4b4f,"-> Client, 2970299:service_3:6, function_51",service_3,0.0
2025-06-03 11:34:43:648,service_3,package_1.package_2.interface_1.function_1,infrastructure,57d5d46a-130d-4bbc-bff5-a6251400608b,04272fdb-94f7-4a60-9314-058eb83b4b4f,"-> Client, 2970299:service_18:224, function_1 1",service_18,0.005
2025-06-03 11:34:43:649,service_18,package_3.package_10.interface_13.function_52,infrastructure,57d5d46a-130d-4bbc-bff5-a6251400608b,04272fdb-94f7-4a60-9314-058eb83b4b4f,"-> Client, 2970299:service_8:2, function_52",service_8,0.004
2025-06-03 11:34:43:656,service_21,package_3.interface_21.function_53,infrastructure,-,-,"-> Client, 2970299:service_10:1, function_53 (CassetteSlot:Unknown,Detail_objectId:2970299:service_10:96,State:Unknown)",service_10,0.002
2025-06-03 11:34:43:666,service_21,package_3.interface_21.function_53,infrastructure,-,-,"-> Client, 2970299:service_10:1, function_53 (CassetteSlot:Unknown,Detail_objectId:2970299:service_10:96,State:Unknown)",service_10,0.002
2025-06-03 11:34:43:666,service_21,package_3.package_4.interface_15.function_23,infrastructure,57d5d46a-130d-4bbc-bff5-a6251400608b,04272fdb-94f7-4a60-9314-058eb83b4b4f,"-> Client, 2970299:service_3:4, function_23 Docker",service_3,0.002
2025-06-03 11:34:43:859,service_3,package_1.package_7.package_8.package_9.interface_16.function_3,infrastructure,57d5d46a-130d-4bbc-bff5-a6251400608b,04272fdb-94f7-4a60-9314-058eb83b4b4f,"-> Client, 2970299:service_4:41, function_3 X, 0.018",service_4,0.002
2025-06-03 11:34:43:864,service_3,package_1.package_7.package_8.package_9.interface_17.function_24,infrastructure,57d5d46a-130d-4bbc-bff5-a6251400608b,04272fdb-94f7-4a60-9314-058eb83b4b4f,"-> Client, 2970299:service_4:110, function_24",service_4,0.005
2025-06-03 11:34:43:865,service_4,package_3.package_10.interface_18.function_25,infrastructure,57d5d46a-130d-4bbc-bff5-a6251400608b,04272fdb-94f7-4a60-9314-058eb83b4b4f,"-> Client, 2970299:service_8:3, function_25 (MoveCorrection:,MoveType:Absolute,Parameterfunction_1:,Position:0.018,Velocity:0)",service_8,0.004
2025-06-03 11:34:43:870,service_3,package_1.package_7.package_8.package_9.interface_17.function_26,infrastructure,57d5d46a-130d-4bbc-bff5-a6251400608b,04272fdb-94f7-4a60-9314-058eb83b4b4f,"-> Client, 2970299:service_4:110, function_26 60",service_4,0.0
2025-06-03 11:34:43:871,service_4,package_3.package_10.interface_18.function_26,infrastructure,57d5d46a-130d-4bbc-bff5-a6251400608b,04272fdb-94f7-4a60-9314-058eb83b4b4f,"-> Client, 2970299:service_8:3, function_26 60",service_8,0.121
2025-06-03 11:34:43:998,service_21,package_3.package_4.interface_19.function_27,infrastructure,57d5d46a-130d-4bbc-bff5-a6251400608b,04272fdb-94f7-4a60-9314-058eb83b4b4f,"-> Client, 2970299:service_3:6, function_27",service_3,0.005
2025-06-03 11:34:43:999,service_3,package_1.package_2.interface_1.function_1,infrastructure,57d5d46a-130d-4bbc-bff5-a6251400608b,04272fdb-94f7-4a60-9314-058eb83b4b4f,"-> Client, 2970299:service_18:224, function_1 2",service_18,0.004
2025-06-03 11:34:44:000,service_18,package_3.package_10.interface_13.function_29,infrastructure,57d5d46a-130d-4bbc-bff5-a6251400608b,04272fdb-94f7-4a60-9314-058eb83b4b4f,"-> Client, 2970299:service_8:2, function_29",service_8,0.003
2025-06-03 11:34:44:008,service_21,package_3.interface_21.function_53,infrastructure,-,-,"-> Client, 2970299:service_10:1, function_53 (CassetteSlot:Unknown,Detail_objectId:2970299:service_10:96,State:Unknown)",service_10,0.002
2025-06-03 11:34:44:028,service_21,package_3.interface_21.function_59,infrastructure,57d5d46a-130d-4bbc-bff5-a6251400608b,04272fdb-94f7-4a60-9314-058eb83b4b4f,"-> Client, 2970299:service_10:1, function_59",service_10,0.002
2025-06-03 11:34:44:030,service_21,package_3.interface_21.function_62,infrastructure,57d5d46a-130d-4bbc-bff5-a6251400608b,04272fdb-94f7-4a60-9314-058eb83b4b4f,"-> Client, 2970299:service_10:1, function_62 (CassetteSlot:Slot5,Detail_objectId:2970299:service_10:97,State:NotPresent)",service_10,0.006
2025-06-03 11:34:44:039,service_21,package_3.interface_21.function_53,infrastructure,57d5d46a-130d-4bbc-bff5-a6251400608b,04272fdb-94f7-4a60-9314-058eb83b4b4f,"-> Client, 2970299:service_10:1, function_53 (CassetteSlot:Slot5,Detail_objectId:2970299:service_10:63,State:Present)",service_10,0.003
2025-06-03 11:34:44:047,service_21,package_3.package_4.interface_15.function_23,infrastructure,57d5d46a-130d-4bbc-bff5-a6251400608b,04272fdb-94f7-4a60-9314-058eb83b4b4f,"-> Client, 2970299:service_3:4, function_23 CartridgeDetectionBegin",service_3,0.198
2025-06-03 11:34:44:242,service_3,package_1.package_7.package_8.package_9.interface_16.function_3,infrastructure,57d5d46a-130d-4bbc-bff5-a6251400608b,04272fdb-94f7-4a60-9314-058eb83b4b4f,"-> Client, 2970299:service_4:41, function_3 X, 0.004",service_4,0.003
2025-06-03 11:34:44:245,service_3,package_1.package_7.package_8.package_9.interface_17.function_24,infrastructure,57d5d46a-130d-4bbc-bff5-a6251400608b,04272fdb-94f7-4a60-9314-058eb83b4b4f,"-> Client, 2970299:service_4:111, function_24",service_4,0.004
2025-06-03 11:34:44:246,service_4,package_3.package_10.interface_18.function_25,infrastructure,57d5d46a-130d-4bbc-bff5-a6251400608b,04272fdb-94f7-4a60-9314-058eb83b4b4f,"-> Client, 2970299:service_8:3, function_25 (MoveCorrection:,MoveType:Absolute,Parameterfunction_1:,Position:0.004,Velocity:0)",service_8,0.003
2025-06-03 11:34:44:250,service_3,package_1.package_7.package_8.package_9.interface_17.function_26,infrastructure,57d5d46a-130d-4bbc-bff5-a6251400608b,04272fdb-94f7-4a60-9314-058eb83b4b4f,"-> Client, 2970299:service_4:111, function_26 60",service_4,0.126
2025-06-03 11:34:44:251,service_4,package_3.package_10.interface_18.function_26,infrastructure,57d5d46a-130d-4bbc-bff5-a6251400608b,04272fdb-94f7-4a60-9314-058eb83b4b4f,"-> Client, 2970299:service_8:3, function_26 60",service_8,0.125
2025-06-03 11:34:44:384,service_21,package_3.package_4.interface_20.function_34,infrastructure,57d5d46a-130d-4bbc-bff5-a6251400608b,04272fdb-94f7-4a60-9314-058eb83b4b4f,"-> Client, 2970299:service_3:8, function_34",service_3,0.008
2025-06-03 11:34:44:386,service_3,package_1.package_2.interface_1.function_1,infrastructure,57d5d46a-130d-4bbc-bff5-a6251400608b,04272fdb-94f7-4a60-9314-058eb83b4b4f,"-> Client, 2970299:service_18:223, function_1 1",service_18,0.006
2025-06-03 11:34:44:388,service_18,package_3.package_10.interface_13.function_58,infrastructure,57d5d46a-130d-4bbc-bff5-a6251400608b,04272fdb-94f7-4a60-9314-058eb83b4b4f,"-> Client, 2970299:service_8:2, function_58",service_8,0.004
2025-06-03 11:34:44:396,service_21,package_3.package_4.interface_15.function_23,infrastructure,57d5d46a-130d-4bbc-bff5-a6251400608b,04272fdb-94f7-4a60-9314-058eb83b4b4f,"-> Client, 2970299:service_3:4, function_23 CartridgeDetectionEnd",service_3,0.202
2025-06-03 11:34:44:596,service_3,package_1.package_7.package_8.package_9.interface_16.function_3,infrastructure,57d5d46a-130d-4bbc-bff5-a6251400608b,04272fdb-94f7-4a60-9314-058eb83b4b4f,"-> Client, 2970299:service_4:41, function_3 X, 0.003",service_4,0.002
2025-06-03 11:34:44:600,service_3,package_1.package_7.package_8.package_9.interface_17.function_24,infrastructure,57d5d46a-130d-4bbc-bff5-a6251400608b,04272fdb-94f7-4a60-9314-058eb83b4b4f,"-> Client, 2970299:service_4:112, function_24",service_4,0.004
2025-06-03 11:34:44:601,service_4,package_3.package_10.interface_18.function_25,infrastructure,57d5d46a-130d-4bbc-bff5-a6251400608b,04272fdb-94f7-4a60-9314-058eb83b4b4f,"-> Client, 2970299:service_8:3, function_25 (MoveCorrection:,MoveType:Absolute,Parameterfunction_1:,Position:0.003,Velocity:0)",service_8,0.003
2025-06-03 11:34:44:605,service_3,package_1.package_7.package_8.package_9.interface_17.function_26,infrastructure,57d5d46a-130d-4bbc-bff5-a6251400608b,04272fdb-94f7-4a60-9314-058eb83b4b4f,"-> Client, 2970299:service_4:112, function_26 60",service_4,0.126
2025-06-03 11:34:44:606,service_4,package_3.package_10.interface_18.function_26,infrastructure,57d5d46a-130d-4bbc-bff5-a6251400608b,04272fdb-94f7-4a60-9314-058eb83b4b4f,"-> Client, 2970299:service_8:3, function_26 60",service_8,0.125
2025-06-03 11:34:44:738,service_21,package_3.package_4.interface_20.function_35,infrastructure,57d5d46a-130d-4bbc-bff5-a6251400608b,04272fdb-94f7-4a60-9314-058eb83b4b4f,"-> Client, 2970299:service_3:8, function_35",service_3,0.007
2025-06-03 11:34:44:740,service_3,package_1.package_2.interface_1.function_1,infrastructure,57d5d46a-130d-4bbc-bff5-a6251400608b,04272fdb-94f7-4a60-9314-058eb83b4b4f,"-> Client, 2970299:service_18:223, function_1 2",service_18,0.005
2025-06-03 11:34:44:741,service_18,package_3.package_10.interface_13.function_31,infrastructure,57d5d46a-130d-4bbc-bff5-a6251400608b,04272fdb-94f7-4a60-9314-058eb83b4b4f,"-> Client, 2970299:service_8:2, function_31",service_8,0.004
2025-06-03 11:34:44:758,service_21,package_3.interface_21.function_53,infrastructure,57d5d46a-130d-4bbc-bff5-a6251400608b,04272fdb-94f7-4a60-9314-058eb83b4b4f,"-> Client, 2970299:service_10:1, function_53 (CassetteSlot:Slot5,Detail_objectId:2970299:service_10:63,State:Present)",service_10,0.002
2025-06-03 11:34:44:762,service_21,package_3.package_4.interface_15.function_23,infrastructure,57d5d46a-130d-4bbc-bff5-a6251400608b,04272fdb-94f7-4a60-9314-058eb83b4b4f,"-> Client, 2970299:service_3:4, function_23 Docker",service_3,0.193
2025-06-03 11:34:44:952,service_3,package_1.package_7.package_8.package_9.interface_16.function_3,infrastructure,57d5d46a-130d-4bbc-bff5-a6251400608b,04272fdb-94f7-4a60-9314-058eb83b4b4f,"-> Client, 2970299:service_4:41, function_3 X, 0.018",service_4,0.003
2025-06-03 11:34:44:957,service_3,package_1.package_7.package_8.package_9.interface_17.function_24,infrastructure,57d5d46a-130d-4bbc-bff5-a6251400608b,04272fdb-94f7-4a60-9314-058eb83b4b4f,"-> Client, 2970299:service_4:113, function_24",service_4,0.005
2025-06-03 11:34:44:958,service_4,package_3.package_10.interface_18.function_25,infrastructure,57d5d46a-130d-4bbc-bff5-a6251400608b,04272fdb-94f7-4a60-9314-058eb83b4b4f,"-> Client, 2970299:service_8:3, function_25 (MoveCorrection:,MoveType:Absolute,Parameterfunction_1:,Position:0.018,Velocity:0)",service_8,0.004
2025-06-03 11:34:44:963,service_3,package_1.package_7.package_8.package_9.interface_17.function_26,infrastructure,57d5d46a-130d-4bbc-bff5-a6251400608b,04272fdb-94f7-4a60-9314-058eb83b4b4f,"-> Client, 2970299:service_4:113, function_26 60",service_4,0.121
2025-06-03 11:34:44:964,service_4,package_3.package_10.interface_18.function_26,infrastructure,57d5d46a-130d-4bbc-bff5-a6251400608b,04272fdb-94f7-4a60-9314-058eb83b4b4f,"-> Client, 2970299:service_8:3, function_26 60",service_8,0.12
2025-06-03 11:34:45:090,service_21,package_3.package_4.interface_19.function_51,infrastructure,57d5d46a-130d-4bbc-bff5-a6251400608b,04272fdb-94f7-4a60-9314-058eb83b4b4f,"-> Client, 2970299:service_3:6, function_51",service_3,0.007
2025-06-03 11:34:45:092,service_3,package_1.package_2.interface_1.function_1,infrastructure,57d5d46a-130d-4bbc-bff5-a6251400608b,04272fdb-94f7-4a60-9314-058eb83b4b4f,"-> Client, 2970299:service_18:224, function_1 1",service_18,0.005
2025-06-03 11:34:45:093,service_18,package_3.package_10.interface_13.function_52,infrastructure,57d5d46a-130d-4bbc-bff5-a6251400608b,04272fdb-94f7-4a60-9314-058eb83b4b4f,"-> Client, 2970299:service_8:2, function_52",service_8,0.004
2025-06-03 11:34:45:102,service_21,package_3.interface_21.function_53,infrastructure,-,-,"-> Client, 2970299:service_10:1, function_53 (CassetteSlot:Slot5,Detail_objectId:2970299:service_10:63,State:Unknown)",service_10,0.003
2025-06-03 11:34:45:117,service_21,package_3.package_4.interface_15.function_23,infrastructure,57d5d46a-130d-4bbc-bff5-a6251400608b,04272fdb-94f7-4a60-9314-058eb83b4b4f,"-> Client, 2970299:service_3:4, function_23 CartridgeDetectionBegin",service_3,0.0
2025-06-03 11:34:45:117,service_21,package_3.interface_21.function_53,infrastructure,-,-,"-> Client, 2970299:service_10:1, function_53 (CassetteSlot:Slot5,Detail_objectId:2970299:service_10:63,State:Unknown)",service_10,0.0
2025-06-03 11:34:45:315,service_3,package_1.package_7.package_8.package_9.interface_16.function_3,infrastructure,57d5d46a-130d-4bbc-bff5-a6251400608b,04272fdb-94f7-4a60-9314-058eb83b4b4f,"-> Client, 2970299:service_4:41, function_3 X, 0.004",service_4,0.003
2025-06-03 11:34:45:319,service_3,package_1.package_7.package_8.package_9.interface_17.function_24,infrastructure,57d5d46a-130d-4bbc-bff5-a6251400608b,04272fdb-94f7-4a60-9314-058eb83b4b4f,"-> Client, 2970299:service_4:114, function_24",service_4,0.005
2025-06-03 11:34:45:320,service_4,package_3.package_10.interface_18.function_25,infrastructure,57d5d46a-130d-4bbc-bff5-a6251400608b,04272fdb-94f7-4a60-9314-058eb83b4b4f,"-> Client, 2970299:service_8:3, function_25 (MoveCorrection:,MoveType:Absolute,Parameterfunction_1:,Position:0.004,Velocity:0)",service_8,0.004
2025-06-03 11:34:45:325,service_3,package_1.package_7.package_8.package_9.interface_17.function_26,infrastructure,57d5d46a-130d-4bbc-bff5-a6251400608b,04272fdb-94f7-4a60-9314-058eb83b4b4f,"-> Client, 2970299:service_4:114, function_26 60",service_4,0.112
2025-06-03 11:34:45:326,service_4,package_3.package_10.interface_18.function_26,infrastructure,57d5d46a-130d-4bbc-bff5-a6251400608b,04272fdb-94f7-4a60-9314-058eb83b4b4f,"-> Client, 2970299:service_8:3, function_26 60",service_8,0.111
2025-06-03 11:34:45:443,service_21,package_3.package_4.interface_19.function_27,infrastructure,57d5d46a-130d-4bbc-bff5-a6251400608b,04272fdb-94f7-4a60-9314-058eb83b4b4f,"-> Client, 2970299:service_3:6, function_27",service_3,0.006
2025-06-03 11:34:45:445,service_3,package_1.package_2.interface_1.function_1,infrastructure,57d5d46a-130d-4bbc-bff5-a6251400608b,04272fdb-94f7-4a60-9314-058eb83b4b4f,"-> Client, 2970299:service_18:224, function_1 2",service_18,0.004
2025-06-03 11:34:45:446,service_18,package_3.package_10.interface_13.function_29,infrastructure,57d5d46a-130d-4bbc-bff5-a6251400608b,04272fdb-94f7-4a60-9314-058eb83b4b4f,"-> Client, 2970299:service_8:2, function_29",service_8,0.003
2025-06-03 11:34:45:453,service_21,package_3.interface_21.function_53,infrastructure,-,-,"-> Client, 2970299:service_10:1, function_53 (CassetteSlot:Slot5,Detail_objectId:2970299:service_10:63,State:Unknown)",service_10,0.002
2025-06-03 11:34:45:473,service_21,package_3.package_4.interface_15.function_23,infrastructure,57d5d46a-130d-4bbc-bff5-a6251400608b,04272fdb-94f7-4a60-9314-058eb83b4b4f,"-> Client, 2970299:service_3:4, function_23 CartridgeDetectionBegin",service_3,0.201
2025-06-03 11:34:45:671,service_3,package_1.package_7.package_8.package_9.interface_16.function_3,infrastructure,57d5d46a-130d-4bbc-bff5-a6251400608b,04272fdb-94f7-4a60-9314-058eb83b4b4f,"-> Client, 2970299:service_4:41, function_3 X, 0.004",service_4,0.003
2025-06-03 11:34:45:676,service_3,package_1.package_7.package_8.package_9.interface_17.function_24,infrastructure,57d5d46a-130d-4bbc-bff5-a6251400608b,04272fdb-94f7-4a60-9314-058eb83b4b4f,"-> Client, 2970299:service_4:115, function_24",service_4,0.004
2025-06-03 11:34:45:677,service_4,package_3.package_10.interface_18.function_25,infrastructure,57d5d46a-130d-4bbc-bff5-a6251400608b,04272fdb-94f7-4a60-9314-058eb83b4b4f,"-> Client, 2970299:service_8:3, function_25 (MoveCorrection:,MoveType:Absolute,Parameterfunction_1:,Position:0.004,Velocity:0)",service_8,0.003
2025-06-03 11:34:45:681,service_3,package_1.package_7.package_8.package_9.interface_17.function_26,infrastructure,57d5d46a-130d-4bbc-bff5-a6251400608b,04272fdb-94f7-4a60-9314-058eb83b4b4f,"-> Client, 2970299:service_4:115, function_26 60",service_4,0.0
2025-06-03 11:34:45:682,service_4,package_3.package_10.interface_18.function_26,infrastructure,57d5d46a-130d-4bbc-bff5-a6251400608b,04272fdb-94f7-4a60-9314-058eb83b4b4f,"-> Client, 2970299:service_8:3, function_26 60",service_8,0.124
2025-06-03 11:34:45:813,service_21,package_3.package_4.interface_20.function_34,infrastructure,57d5d46a-130d-4bbc-bff5-a6251400608b,04272fdb-94f7-4a60-9314-058eb83b4b4f,"-> Client, 2970299:service_3:8, function_34",service_3,0.004
2025-06-03 11:34:45:814,service_18,package_3.package_10.interface_13.function_58,infrastructure,57d5d46a-130d-4bbc-bff5-a6251400608b,04272fdb-94f7-4a60-9314-058eb83b4b4f,"-> Client, 2970299:service_8:2, function_58",service_8,0.003
2025-06-03 11:34:45:814,service_3,package_1.package_2.interface_1.function_1,infrastructure,57d5d46a-130d-4bbc-bff5-a6251400608b,04272fdb-94f7-4a60-9314-058eb83b4b4f,"-> Client, 2970299:service_18:223, function_1 1",service_18,0.003
2025-06-03 11:34:45:822,service_21,package_3.package_4.interface_15.function_23,infrastructure,57d5d46a-130d-4bbc-bff5-a6251400608b,04272fdb-94f7-4a60-9314-058eb83b4b4f,"-> Client, 2970299:service_3:4, function_23 CartridgeDetectionEnd",service_3,0.0
2025-06-03 11:34:46:009,service_3,package_1.package_7.package_8.package_9.interface_16.function_3,infrastructure,57d5d46a-130d-4bbc-bff5-a6251400608b,04272fdb-94f7-4a60-9314-058eb83b4b4f,"-> Client, 2970299:service_4:41, function_3 X, 0.003",service_4,0.003
2025-06-03 11:34:46:013,service_3,package_1.package_7.package_8.package_9.interface_17.function_24,infrastructure,57d5d46a-130d-4bbc-bff5-a6251400608b,04272fdb-94f7-4a60-9314-058eb83b4b4f,"-> Client, 2970299:service_4:116, function_24",service_4,0.004
2025-06-03 11:34:46:014,service_4,package_3.package_10.interface_18.function_25,infrastructure,57d5d46a-130d-4bbc-bff5-a6251400608b,04272fdb-94f7-4a60-9314-058eb83b4b4f,"-> Client, 2970299:service_8:3, function_25 (MoveCorrection:,MoveType:Absolute,Parameterfunction_1:,Position:0.003,Velocity:0)",service_8,0.003
2025-06-03 11:34:46:019,service_3,package_1.package_7.package_8.package_9.interface_17.function_26,infrastructure,57d5d46a-130d-4bbc-bff5-a6251400608b,04272fdb-94f7-4a60-9314-058eb83b4b4f,"-> Client, 2970299:service_4:116, function_26 60",service_4,0.125
2025-06-03 11:34:46:020,service_4,package_3.package_10.interface_18.function_26,infrastructure,57d5d46a-130d-4bbc-bff5-a6251400608b,04272fdb-94f7-4a60-9314-058eb83b4b4f,"-> Client, 2970299:service_8:3, function_26 60",service_8,0.124
2025-06-03 11:34:46:151,service_21,package_3.package_4.interface_20.function_35,infrastructure,57d5d46a-130d-4bbc-bff5-a6251400608b,04272fdb-94f7-4a60-9314-058eb83b4b4f,"-> Client, 2970299:service_3:8, function_35",service_3,0.007
2025-06-03 11:34:46:152,service_3,package_1.package_2.interface_1.function_1,infrastructure,57d5d46a-130d-4bbc-bff5-a6251400608b,04272fdb-94f7-4a60-9314-058eb83b4b4f,"-> Client, 2970299:service_18:223, function_1 2",service_18,0.006
2025-06-03 11:34:46:154,service_18,package_3.package_10.interface_13.function_31,infrastructure,57d5d46a-130d-4bbc-bff5-a6251400608b,04272fdb-94f7-4a60-9314-058eb83b4b4f,"-> Client, 2970299:service_8:2, function_31",service_8,0.004
2025-06-03 11:34:46:167,service_21,package_3.interface_21.function_53,infrastructure,57d5d46a-130d-4bbc-bff5-a6251400608b,04272fdb-94f7-4a60-9314-058eb83b4b4f,"-> Client, 2970299:service_10:1, function_53 (CassetteSlot:Slot5,Detail_objectId:2970299:service_10:63,State:NotPresent)",service_10,0.003
2025-06-03 11:34:46:170,service_21,package_3.package_4.interface_15.function_23,infrastructure,57d5d46a-130d-4bbc-bff5-a6251400608b,04272fdb-94f7-4a60-9314-058eb83b4b4f,"-> Client, 2970299:service_3:4, function_23 Park",service_3,0.204
2025-06-03 11:34:46:371,service_3,package_1.package_7.package_8.package_9.interface_16.function_3,infrastructure,57d5d46a-130d-4bbc-bff5-a6251400608b,04272fdb-94f7-4a60-9314-058eb83b4b4f,"-> Client, 2970299:service_4:41, function_3 X, 0",service_4,0.003
2025-06-03 11:34:46:377,service_3,package_1.package_7.package_8.package_9.interface_17.function_24,infrastructure,57d5d46a-130d-4bbc-bff5-a6251400608b,04272fdb-94f7-4a60-9314-058eb83b4b4f,"-> Client, 2970299:service_4:117, function_24",service_4,0.004
2025-06-03 11:34:46:378,service_4,package_3.package_10.interface_18.function_25,infrastructure,57d5d46a-130d-4bbc-bff5-a6251400608b,04272fdb-94f7-4a60-9314-058eb83b4b4f,"-> Client, 2970299:service_8:3, function_25 (MoveCorrection:,MoveType:Absolute,Parameterfunction_1:,Position:0,Velocity:0)",service_8,0.003
2025-06-03 11:34:46:382,service_3,package_1.package_7.package_8.package_9.interface_17.function_26,infrastructure,57d5d46a-130d-4bbc-bff5-a6251400608b,04272fdb-94f7-4a60-9314-058eb83b4b4f,"-> Client, 2970299:service_4:117, function_26 60",service_4,0.113
2025-06-03 11:34:46:383,service_4,package_3.package_10.interface_18.function_26,infrastructure,57d5d46a-130d-4bbc-bff5-a6251400608b,04272fdb-94f7-4a60-9314-058eb83b4b4f,"-> Client, 2970299:service_8:3, function_26 60",service_8,0.112
2025-06-03 11:34:46:506,service_21,package_3.interface_21.function_62,infrastructure,57d5d46a-130d-4bbc-bff5-a6251400608b,04272fdb-94f7-4a60-9314-058eb83b4b4f,"-> Client, 2970299:service_10:1, function_62 (CassetteSlot:Slot5,Detail_objectId:2970299:service_10:63,State:Present)",service_10,0.004
2025-06-03 11:34:46:510,service_21,package_3.interface_21.function_59,infrastructure,57d5d46a-130d-4bbc-bff5-a6251400608b,04272fdb-94f7-4a60-9314-058eb83b4b4f,"-> Client, 2970299:service_10:1, function_59",service_10,0.0
2025-06-03 11:34:46:513,service_21,package_3.interface_21.function_53,infrastructure,57d5d46a-130d-4bbc-bff5-a6251400608b,04272fdb-94f7-4a60-9314-058eb83b4b4f,"-> Client, 2970299:service_10:1, function_53 (CassetteSlot:Unknown,Detail_objectId:2970299:service_10:98,State:NotPresent)",service_10,0.0
2025-06-03 11:34:46:518,service_21,package_3.interface_21.function_62,infrastructure,57d5d46a-130d-4bbc-bff5-a6251400608b,04272fdb-94f7-4a60-9314-058eb83b4b4f,"-> Client, 2970299:service_10:1, function_62 (CassetteSlot:Slot5,Detail_objectId:2970299:service_10:63,State:Present)",service_10,0.003
2025-06-03 11:34:46:581,service_21,package_3.package_4.interface_10.function_23,infrastructure,57d5d46a-130d-4bbc-bff5-a6251400608b,04272fdb-94f7-4a60-9314-058eb83b4b4f,"-> Client, 2970299:service_3:5, function_23 Slot5",service_3,0.004
2025-06-03 11:34:46:582,service_21,package_3.interface_21.function_32,infrastructure,-,-,"-> Client, 2970299:service_10:1, function_32 Unknown",service_10,0.003
2025-06-03 11:34:46:687,service_3,package_1.package_7.package_8.package_9.interface_16.function_3,infrastructure,57d5d46a-130d-4bbc-bff5-a6251400608b,04272fdb-94f7-4a60-9314-058eb83b4b4f,"-> Client, 2970299:service_4:34, function_3 Z, 0.019499999999999997",service_4,0.003
2025-06-03 11:34:46:692,service_3,package_1.package_7.package_8.package_9.interface_17.function_24,infrastructure,57d5d46a-130d-4bbc-bff5-a6251400608b,04272fdb-94f7-4a60-9314-058eb83b4b4f,"-> Client, 2970299:service_4:118, function_24",service_4,0.002
2025-06-03 11:34:46:693,service_4,package_3.package_10.interface_18.function_25,infrastructure,57d5d46a-130d-4bbc-bff5-a6251400608b,04272fdb-94f7-4a60-9314-058eb83b4b4f,"-> Client, 2970299:service_8:4, function_25 (MoveCorrection:,MoveType:Absolute,Parameterfunction_1:,Position:0.0195,Velocity:0)",service_8,0.001
2025-06-03 11:34:46:695,service_4,package_3.package_10.interface_18.function_26,infrastructure,57d5d46a-130d-4bbc-bff5-a6251400608b,04272fdb-94f7-4a60-9314-058eb83b4b4f,"-> Client, 2970299:service_8:4, function_26 60",service_8,0.121
2025-06-03 11:34:46:695,service_3,package_1.package_7.package_8.package_9.interface_17.function_26,infrastructure,57d5d46a-130d-4bbc-bff5-a6251400608b,04272fdb-94f7-4a60-9314-058eb83b4b4f,"-> Client, 2970299:service_4:118, function_26 60",service_4,0.121
2025-06-03 11:34:46:932,service_21,package_3.package_4.interface_20.function_34,infrastructure,57d5d46a-130d-4bbc-bff5-a6251400608b,04272fdb-94f7-4a60-9314-058eb83b4b4f,"-> Client, 2970299:service_3:9, function_34",service_3,0.002
2025-06-03 11:34:46:934,service_21,package_3.package_4.interface_20.function_35,infrastructure,57d5d46a-130d-4bbc-bff5-a6251400608b,04272fdb-94f7-4a60-9314-058eb83b4b4f,"-> Client, 2970299:service_3:9, function_35",service_3,0.0
2025-06-03 11:34:46:941,service_21,package_3.interface_21.function_32,infrastructure,57d5d46a-130d-4bbc-bff5-a6251400608b,04272fdb-94f7-4a60-9314-058eb83b4b4f,"-> Client, 2970299:service_10:1, function_32 Present",service_10,0.003
2025-06-03 11:34:46:945,service_21,package_3.interface_21.function_43,infrastructure,57d5d46a-130d-4bbc-bff5-a6251400608b,04272fdb-94f7-4a60-9314-058eb83b4b4f,"-> Client, 2970299:service_10:1, function_43 Unknown",service_10,0.002
2025-06-03 11:34:46:947,service_21,package_3.package_4.interface_22.function_44,infrastructure,57d5d46a-130d-4bbc-bff5-a6251400608b,04272fdb-94f7-4a60-9314-058eb83b4b4f,"-> Client, 2970299:service_3:2, function_44",service_3,0.0
2025-06-03 11:34:46:948,service_3,package_1.package_2.interface_1.function_1,infrastructure,57d5d46a-130d-4bbc-bff5-a6251400608b,04272fdb-94f7-4a60-9314-058eb83b4b4f,"-> Client, 2970299:service_18:226, function_1 1",service_18,0.005
2025-06-03 11:34:46:949,service_18,package_3.package_10.interface_13.function_44,infrastructure,57d5d46a-130d-4bbc-bff5-a6251400608b,04272fdb-94f7-4a60-9314-058eb83b4b4f,"-> Client, 2970299:service_8:2, function_44",service_8,0.004
2025-06-03 11:34:46:956,service_21,package_3.interface_21.function_43,infrastructure,-,-,"-> Client, 2970299:service_10:1, function_43 Unknown",service_10,0.002
2025-06-03 11:34:46:959,service_21,package_3.interface_21.function_43,infrastructure,-,-,"-> Client, 2970299:service_10:1, function_43 Unknown",service_10,0.003
2025-06-03 11:34:46:972,service_21,package_3.interface_21.function_43,infrastructure,-,-,"-> Client, 2970299:service_10:1, function_43 Unknown",service_10,0.001
2025-06-03 11:34:46:973,service_21,package_3.package_4.interface_10.function_23,infrastructure,57d5d46a-130d-4bbc-bff5-a6251400608b,04272fdb-94f7-4a60-9314-058eb83b4b4f,"-> Client, 2970299:service_3:5, function_23 Slot6",service_3,0.001
2025-06-03 11:34:46:976,service_21,package_3.interface_21.function_32,infrastructure,-,-,"-> Client, 2970299:service_10:1, function_32 Unknown",service_10,0.003
2025-06-03 11:34:47:071,service_3,package_1.package_7.package_8.package_9.interface_16.function_3,infrastructure,57d5d46a-130d-4bbc-bff5-a6251400608b,04272fdb-94f7-4a60-9314-058eb83b4b4f,"-> Client, 2970299:service_4:34, function_3 Z, 0.022999999999999996",service_4,0.002
2025-06-03 11:34:47:075,service_3,package_1.package_7.package_8.package_9.interface_17.function_24,infrastructure,57d5d46a-130d-4bbc-bff5-a6251400608b,04272fdb-94f7-4a60-9314-058eb83b4b4f,"-> Client, 2970299:service_4:119, function_24",service_4,0.004
2025-06-03 11:34:47:077,service_4,package_3.package_10.interface_18.function_25,infrastructure,57d5d46a-130d-4bbc-bff5-a6251400608b,04272fdb-94f7-4a60-9314-058eb83b4b4f,"-> Client, 2970299:service_8:4, function_25 (MoveCorrection:,MoveType:Absolute,Parameterfunction_1:,Position:0.023,Velocity:0)",service_8,0.002
2025-06-03 11:34:47:080,service_3,package_1.package_7.package_8.package_9.interface_17.function_26,infrastructure,57d5d46a-130d-4bbc-bff5-a6251400608b,04272fdb-94f7-4a60-9314-058eb83b4b4f,"-> Client, 2970299:service_4:119, function_26 60",service_4,0.122
2025-06-03 11:34:47:080,service_4,package_3.package_10.interface_18.function_26,infrastructure,57d5d46a-130d-4bbc-bff5-a6251400608b,04272fdb-94f7-4a60-9314-058eb83b4b4f,"-> Client, 2970299:service_8:4, function_26 60",service_8,0.122
2025-06-03 11:34:47:208,service_21,package_3.package_4.interface_22.function_33,infrastructure,57d5d46a-130d-4bbc-bff5-a6251400608b,04272fdb-94f7-4a60-9314-058eb83b4b4f,"-> Client, 2970299:service_3:2, function_33",service_3,0.006
2025-06-03 11:34:47:210,service_3,package_1.package_2.interface_1.function_1,infrastructure,57d5d46a-130d-4bbc-bff5-a6251400608b,04272fdb-94f7-4a60-9314-058eb83b4b4f,"-> Client, 2970299:service_18:226, function_1 2",service_18,0.004
2025-06-03 11:34:47:211,service_18,package_3.package_10.interface_13.function_33,infrastructure,57d5d46a-130d-4bbc-bff5-a6251400608b,04272fdb-94f7-4a60-9314-058eb83b4b4f,"-> Client, 2970299:service_8:2, function_33",service_8,0.003
2025-06-03 11:34:47:256,service_21,package_3.interface_21.function_43,infrastructure,57d5d46a-130d-4bbc-bff5-a6251400608b,04272fdb-94f7-4a60-9314-058eb83b4b4f,"-> Client, 2970299:service_10:1, function_43 Slot6",service_10,0.003
2025-06-03 11:34:47:259,service_21,package_3.package_4.interface_10.function_23,infrastructure,57d5d46a-130d-4bbc-bff5-a6251400608b,04272fdb-94f7-4a60-9314-058eb83b4b4f,"-> Client, 2970299:service_3:5, function_23 Park",service_3,0.0
2025-06-03 11:34:47:261,service_21,package_3.interface_21.function_32,infrastructure,-,-,"-> Client, 2970299:service_10:1, function_32 Unknown",service_10,0.003
2025-06-03 11:34:47:362,service_3,package_1.package_7.package_8.package_9.interface_16.function_3,infrastructure,57d5d46a-130d-4bbc-bff5-a6251400608b,04272fdb-94f7-4a60-9314-058eb83b4b4f,"-> Client, 2970299:service_4:34, function_3 Z, 0",service_4,0.001
2025-06-03 11:34:47:364,service_3,package_1.package_7.package_8.package_9.interface_17.function_24,infrastructure,57d5d46a-130d-4bbc-bff5-a6251400608b,04272fdb-94f7-4a60-9314-058eb83b4b4f,"-> Client, 2970299:service_4:120, function_24",service_4,0.004
2025-06-03 11:34:47:365,service_4,package_3.package_10.interface_18.function_25,infrastructure,57d5d46a-130d-4bbc-bff5-a6251400608b,04272fdb-94f7-4a60-9314-058eb83b4b4f,"-> Client, 2970299:service_8:4, function_25 (MoveCorrection:,MoveType:Absolute,Parameterfunction_1:,Position:0,Velocity:0)",service_8,0.003
2025-06-03 11:34:47:369,service_3,package_1.package_7.package_8.package_9.interface_17.function_26,infrastructure,57d5d46a-130d-4bbc-bff5-a6251400608b,04272fdb-94f7-4a60-9314-058eb83b4b4f,"-> Client, 2970299:service_4:120, function_26 60",service_4,0.126
2025-06-03 11:34:47:370,service_4,package_3.package_10.interface_18.function_26,infrastructure,57d5d46a-130d-4bbc-bff5-a6251400608b,04272fdb-94f7-4a60-9314-058eb83b4b4f,"-> Client, 2970299:service_8:4, function_26 60",service_8,0.125
2025-06-03 11:34:47:609,service_21,package_3.package_4.interface_20.function_34,infrastructure,57d5d46a-130d-4bbc-bff5-a6251400608b,04272fdb-94f7-4a60-9314-058eb83b4b4f,"-> Client, 2970299:service_3:9, function_34",service_3,0.002
2025-06-03 11:34:47:611,service_21,package_3.package_4.interface_20.function_35,infrastructure,57d5d46a-130d-4bbc-bff5-a6251400608b,04272fdb-94f7-4a60-9314-058eb83b4b4f,"-> Client, 2970299:service_3:9, function_35",service_3,0.002
2025-06-03 11:34:47:618,service_21,package_3.interface_21.function_32,infrastructure,57d5d46a-130d-4bbc-bff5-a6251400608b,04272fdb-94f7-4a60-9314-058eb83b4b4f,"-> Client, 2970299:service_10:1, function_32 NotPresent",service_10,0.003
2025-06-03 11:34:47:621,service_21,package_3.package_4.interface_19.function_51,infrastructure,57d5d46a-130d-4bbc-bff5-a6251400608b,04272fdb-94f7-4a60-9314-058eb83b4b4f,"-> Client, 2970299:service_3:6, function_51",service_3,0.006
2025-06-03 11:34:47:622,service_3,package_1.package_2.interface_1.function_1,infrastructure,57d5d46a-130d-4bbc-bff5-a6251400608b,04272fdb-94f7-4a60-9314-058eb83b4b4f,"-> Client, 2970299:service_18:224, function_1 1",service_18,0.005
2025-06-03 11:34:47:624,service_18,package_3.package_10.interface_13.function_52,infrastructure,57d5d46a-130d-4bbc-bff5-a6251400608b,04272fdb-94f7-4a60-9314-058eb83b4b4f,"-> Client, 2970299:service_8:2, function_52",service_8,0.003
2025-06-03 11:34:47:631,service_21,package_3.interface_21.function_53,infrastructure,-,-,"-> Client, 2970299:service_10:1, function_53 (CassetteSlot:Unknown,Detail_objectId:2970299:service_10:99,State:Unknown)",service_10,0.003
2025-06-03 11:34:47:651,service_21,package_3.package_4.interface_15.function_23,infrastructure,57d5d46a-130d-4bbc-bff5-a6251400608b,04272fdb-94f7-4a60-9314-058eb83b4b4f,"-> Client, 2970299:service_3:4, function_23 Docker",service_3,0.004
2025-06-03 11:34:47:651,service_21,package_3.interface_21.function_53,infrastructure,-,-,"-> Client, 2970299:service_10:1, function_53 (CassetteSlot:Unknown,Detail_objectId:2970299:service_10:99,State:Unknown)",service_10,0.004
2025-06-03 11:34:47:868,service_3,package_1.package_7.package_8.package_9.interface_16.function_3,infrastructure,57d5d46a-130d-4bbc-bff5-a6251400608b,04272fdb-94f7-4a60-9314-058eb83b4b4f,"-> Client, 2970299:service_4:41, function_3 X, 0.018",service_4,0.002
2025-06-03 11:34:47:872,service_3,package_1.package_7.package_8.package_9.interface_17.function_24,infrastructure,57d5d46a-130d-4bbc-bff5-a6251400608b,04272fdb-94f7-4a60-9314-058eb83b4b4f,"-> Client, 2970299:service_4:121, function_24",service_4,0.004
2025-06-03 11:34:47:873,service_4,package_3.package_10.interface_18.function_25,infrastructure,57d5d46a-130d-4bbc-bff5-a6251400608b,04272fdb-94f7-4a60-9314-058eb83b4b4f,"-> Client, 2970299:service_8:3, function_25 (MoveCorrection:,MoveType:Absolute,Parameterfunction_1:,Position:0.018,Velocity:0)",service_8,0.003
2025-06-03 11:34:47:878,service_3,package_1.package_7.package_8.package_9.interface_17.function_26,infrastructure,57d5d46a-130d-4bbc-bff5-a6251400608b,04272fdb-94f7-4a60-9314-058eb83b4b4f,"-> Client, 2970299:service_4:121, function_26 60",service_4,0.117
2025-06-03 11:34:47:879,service_4,package_3.package_10.interface_18.function_26,infrastructure,57d5d46a-130d-4bbc-bff5-a6251400608b,04272fdb-94f7-4a60-9314-058eb83b4b4f,"-> Client, 2970299:service_8:3, function_26 60",service_8,0.116
2025-06-03 11:34:48:002,service_21,package_3.package_4.interface_19.function_27,infrastructure,57d5d46a-130d-4bbc-bff5-a6251400608b,04272fdb-94f7-4a60-9314-058eb83b4b4f,"-> Client, 2970299:service_3:6, function_27",service_3,0.006
2025-06-03 11:34:48:004,service_3,package_1.package_2.interface_1.function_1,infrastructure,57d5d46a-130d-4bbc-bff5-a6251400608b,04272fdb-94f7-4a60-9314-058eb83b4b4f,"-> Client, 2970299:service_18:224, function_1 2",service_18,0.004
2025-06-03 11:34:48:005,service_18,package_3.package_10.interface_13.function_29,infrastructure,57d5d46a-130d-4bbc-bff5-a6251400608b,04272fdb-94f7-4a60-9314-058eb83b4b4f,"-> Client, 2970299:service_8:2, function_29",service_8,0.003
2025-06-03 11:34:48:012,service_21,package_3.interface_21.function_53,infrastructure,-,-,"-> Client, 2970299:service_10:1, function_53 (CassetteSlot:Unknown,Detail_objectId:2970299:service_10:99,State:Unknown)",service_10,0.003
2025-06-03 11:34:48:030,service_21,package_3.interface_21.function_59,infrastructure,57d5d46a-130d-4bbc-bff5-a6251400608b,04272fdb-94f7-4a60-9314-058eb83b4b4f,"-> Client, 2970299:service_10:1, function_59",service_10,0.002
2025-06-03 11:34:48:032,service_21,package_3.interface_21.function_62,infrastructure,57d5d46a-130d-4bbc-bff5-a6251400608b,04272fdb-94f7-4a60-9314-058eb83b4b4f,"-> Client, 2970299:service_10:1, function_62 (CassetteSlot:Slot6,Detail_objectId:2970299:service_10:100,State:NotPresent)",service_10,0.0
2025-06-03 11:34:48:039,service_21,package_3.interface_21.function_53,infrastructure,57d5d46a-130d-4bbc-bff5-a6251400608b,04272fdb-94f7-4a60-9314-058eb83b4b4f,"-> Client, 2970299:service_10:1, function_53 (CassetteSlot:Slot6,Detail_objectId:2970299:service_10:64,State:NotPresent)",service_10,0.003
2025-06-03 11:34:48:047,service_21,package_3.package_4.interface_15.function_23,infrastructure,57d5d46a-130d-4bbc-bff5-a6251400608b,04272fdb-94f7-4a60-9314-058eb83b4b4f,"-> Client, 2970299:service_3:4, function_23 CartridgeDetectionBegin",service_3,0.195
2025-06-03 11:34:48:240,service_3,package_1.package_7.package_8.package_9.interface_16.function_3,infrastructure,57d5d46a-130d-4bbc-bff5-a6251400608b,04272fdb-94f7-4a60-9314-058eb83b4b4f,"-> Client, 2970299:service_4:41, function_3 X, 0.004",service_4,0.002
2025-06-03 11:34:48:245,service_3,package_1.package_7.package_8.package_9.interface_17.function_24,infrastructure,57d5d46a-130d-4bbc-bff5-a6251400608b,04272fdb-94f7-4a60-9314-058eb83b4b4f,"-> Client, 2970299:service_4:122, function_24",service_4,0.005
2025-06-03 11:34:48:246,service_4,package_3.package_10.interface_18.function_25,infrastructure,57d5d46a-130d-4bbc-bff5-a6251400608b,04272fdb-94f7-4a60-9314-058eb83b4b4f,"-> Client, 2970299:service_8:3, function_25 (MoveCorrection:,MoveType:Absolute,Parameterfunction_1:,Position:0.004,Velocity:0)",service_8,0.004
2025-06-03 11:34:48:252,service_3,package_1.package_7.package_8.package_9.interface_17.function_26,infrastructure,57d5d46a-130d-4bbc-bff5-a6251400608b,04272fdb-94f7-4a60-9314-058eb83b4b4f,"-> Client, 2970299:service_4:122, function_26 60",service_4,0.114
2025-06-03 11:34:48:253,service_4,package_3.package_10.interface_18.function_26,infrastructure,57d5d46a-130d-4bbc-bff5-a6251400608b,04272fdb-94f7-4a60-9314-058eb83b4b4f,"-> Client, 2970299:service_8:3, function_26 60",service_8,0.113
2025-06-03 11:34:48:371,service_21,package_3.package_4.interface_20.function_34,infrastructure,57d5d46a-130d-4bbc-bff5-a6251400608b,04272fdb-94f7-4a60-9314-058eb83b4b4f,"-> Client, 2970299:service_3:8, function_34",service_3,0.006
2025-06-03 11:34:48:373,service_3,package_1.package_2.interface_1.function_1,infrastructure,57d5d46a-130d-4bbc-bff5-a6251400608b,04272fdb-94f7-4a60-9314-058eb83b4b4f,"-> Client, 2970299:service_18:223, function_1 1",service_18,0.004
2025-06-03 11:34:48:374,service_18,package_3.package_10.interface_13.function_58,infrastructure,57d5d46a-130d-4bbc-bff5-a6251400608b,04272fdb-94f7-4a60-9314-058eb83b4b4f,"-> Client, 2970299:service_8:2, function_58",service_8,0.003
2025-06-03 11:34:48:383,service_21,package_3.package_4.interface_15.function_23,infrastructure,57d5d46a-130d-4bbc-bff5-a6251400608b,04272fdb-94f7-4a60-9314-058eb83b4b4f,"-> Client, 2970299:service_3:4, function_23 CartridgeDetectionEnd",service_3,0.235
2025-06-03 11:34:48:615,service_3,package_1.package_7.package_8.package_9.interface_16.function_3,infrastructure,57d5d46a-130d-4bbc-bff5-a6251400608b,04272fdb-94f7-4a60-9314-058eb83b4b4f,"-> Client, 2970299:service_4:41, function_3 X, 0.003",service_4,0.003
2025-06-03 11:34:48:620,service_3,package_1.package_7.package_8.package_9.interface_17.function_24,infrastructure,57d5d46a-130d-4bbc-bff5-a6251400608b,04272fdb-94f7-4a60-9314-058eb83b4b4f,"-> Client, 2970299:service_4:123, function_24",service_4,0.005
2025-06-03 11:34:48:622,service_4,package_3.package_10.interface_18.function_25,infrastructure,57d5d46a-130d-4bbc-bff5-a6251400608b,04272fdb-94f7-4a60-9314-058eb83b4b4f,"-> Client, 2970299:service_8:3, function_25 (MoveCorrection:,MoveType:Absolute,Parameterfunction_1:,Position:0.003,Velocity:0)",service_8,0.003
2025-06-03 11:34:48:626,service_3,package_1.package_7.package_8.package_9.interface_17.function_26,infrastructure,57d5d46a-130d-4bbc-bff5-a6251400608b,04272fdb-94f7-4a60-9314-058eb83b4b4f,"-> Client, 2970299:service_4:123, function_26 60",service_4,0.124
2025-06-03 11:34:48:627,service_4,package_3.package_10.interface_18.function_26,infrastructure,57d5d46a-130d-4bbc-bff5-a6251400608b,04272fdb-94f7-4a60-9314-058eb83b4b4f,"-> Client, 2970299:service_8:3, function_26 60",service_8,0.123
2025-06-03 11:34:48:756,service_21,package_3.package_4.interface_20.function_35,infrastructure,57d5d46a-130d-4bbc-bff5-a6251400608b,04272fdb-94f7-4a60-9314-058eb83b4b4f,"-> Client, 2970299:service_3:8, function_35",service_3,0.008
2025-06-03 11:34:48:758,service_3,package_1.package_2.interface_1.function_1,infrastructure,57d5d46a-130d-4bbc-bff5-a6251400608b,04272fdb-94f7-4a60-9314-058eb83b4b4f,"-> Client, 2970299:service_18:223, function_1 2",service_18,0.006
2025-06-03 11:34:48:759,service_18,package_3.package_10.interface_13.function_31,infrastructure,57d5d46a-130d-4bbc-bff5-a6251400608b,04272fdb-94f7-4a60-9314-058eb83b4b4f,"-> Client, 2970299:service_8:2, function_31",service_8,0.005
2025-06-03 11:34:48:776,service_21,package_3.interface_21.function_53,infrastructure,57d5d46a-130d-4bbc-bff5-a6251400608b,04272fdb-94f7-4a60-9314-058eb83b4b4f,"-> Client, 2970299:service_10:1, function_53 (CassetteSlot:Slot6,Detail_objectId:2970299:service_10:64,State:NotPresent)",service_10,0.002
2025-06-03 11:34:48:782,service_21,package_3.package_4.interface_15.function_23,infrastructure,57d5d46a-130d-4bbc-bff5-a6251400608b,04272fdb-94f7-4a60-9314-058eb83b4b4f,"-> Client, 2970299:service_3:4, function_23 Docker",service_3,0.236
2025-06-03 11:34:49:016,service_3,package_1.package_7.package_8.package_9.interface_16.function_3,infrastructure,57d5d46a-130d-4bbc-bff5-a6251400608b,04272fdb-94f7-4a60-9314-058eb83b4b4f,"-> Client, 2970299:service_4:41, function_3 X, 0.018",service_4,0.002
2025-06-03 11:34:49:021,service_3,package_1.package_7.package_8.package_9.interface_17.function_24,infrastructure,57d5d46a-130d-4bbc-bff5-a6251400608b,04272fdb-94f7-4a60-9314-058eb83b4b4f,"-> Client, 2970299:service_4:124, function_24",service_4,0.004
2025-06-03 11:34:49:022,service_4,package_3.package_10.interface_18.function_25,infrastructure,57d5d46a-130d-4bbc-bff5-a6251400608b,04272fdb-94f7-4a60-9314-058eb83b4b4f,"-> Client, 2970299:service_8:3, function_25 (MoveCorrection:,MoveType:Absolute,Parameterfunction_1:,Position:0.018,Velocity:0)",service_8,0.003
2025-06-03 11:34:49:026,service_3,package_1.package_7.package_8.package_9.interface_17.function_26,infrastructure,57d5d46a-130d-4bbc-bff5-a6251400608b,04272fdb-94f7-4a60-9314-058eb83b4b4f,"-> Client, 2970299:service_4:124, function_26 60",service_4,0.0
2025-06-03 11:34:49:028,service_4,package_3.package_10.interface_18.function_26,infrastructure,57d5d46a-130d-4bbc-bff5-a6251400608b,04272fdb-94f7-4a60-9314-058eb83b4b4f,"-> Client, 2970299:service_8:3, function_26 60",service_8,0.123
2025-06-03 11:34:49:159,service_21,package_3.package_4.interface_19.function_51,infrastructure,57d5d46a-130d-4bbc-bff5-a6251400608b,04272fdb-94f7-4a60-9314-058eb83b4b4f,"-> Client, 2970299:service_3:6, function_51",service_3,0.007
2025-06-03 11:34:49:160,service_3,package_1.package_2.interface_1.function_1,infrastructure,57d5d46a-130d-4bbc-bff5-a6251400608b,04272fdb-94f7-4a60-9314-058eb83b4b4f,"-> Client, 2970299:service_18:224, function_1 1",service_18,0.006
2025-06-03 11:34:49:162,service_18,package_3.package_10.interface_13.function_52,infrastructure,57d5d46a-130d-4bbc-bff5-a6251400608b,04272fdb-94f7-4a60-9314-058eb83b4b4f,"-> Client, 2970299:service_8:2, function_52",service_8,0.004
2025-06-03 11:34:49:171,service_21,package_3.interface_21.function_53,infrastructure,-,-,"-> Client, 2970299:service_10:1, function_53 (CassetteSlot:Slot6,Detail_objectId:2970299:service_10:64,State:Unknown)",service_10,0.003
2025-06-03 11:34:49:183,service_21,package_3.package_4.interface_15.function_23,infrastructure,57d5d46a-130d-4bbc-bff5-a6251400608b,04272fdb-94f7-4a60-9314-058eb83b4b4f,"-> Client, 2970299:service_3:4, function_23 CartridgeDetectionBegin",service_3,0.003
2025-06-03 11:34:49:184,service_21,package_3.interface_21.function_53,infrastructure,-,-,"-> Client, 2970299:service_10:1, function_53 (CassetteSlot:Slot6,Detail_objectId:2970299:service_10:64,State:Unknown)",service_10,0.002
2025-06-03 11:34:49:472,service_3,package_1.package_7.package_8.package_9.interface_16.function_3,infrastructure,57d5d46a-130d-4bbc-bff5-a6251400608b,04272fdb-94f7-4a60-9314-058eb83b4b4f,"-> Client, 2970299:service_4:41, function_3 X, 0.004",service_4,0.002
2025-06-03 11:34:49:476,service_3,package_1.package_7.package_8.package_9.interface_17.function_24,infrastructure,57d5d46a-130d-4bbc-bff5-a6251400608b,04272fdb-94f7-4a60-9314-058eb83b4b4f,"-> Client, 2970299:service_4:125, function_24",service_4,0.004
2025-06-03 11:34:49:478,service_4,package_3.package_10.interface_18.function_25,infrastructure,57d5d46a-130d-4bbc-bff5-a6251400608b,04272fdb-94f7-4a60-9314-058eb83b4b4f,"-> Client, 2970299:service_8:3, function_25 (MoveCorrection:,MoveType:Absolute,Parameterfunction_1:,Position:0.004,Velocity:0)",service_8,0.002
2025-06-03 11:34:49:480,service_3,package_1.package_7.package_8.package_9.interface_17.function_26,infrastructure,57d5d46a-130d-4bbc-bff5-a6251400608b,04272fdb-94f7-4a60-9314-058eb83b4b4f,"-> Client, 2970299:service_4:125, function_26 60",service_4,0.115
2025-06-03 11:34:49:482,service_4,package_3.package_10.interface_18.function_26,infrastructure,57d5d46a-130d-4bbc-bff5-a6251400608b,04272fdb-94f7-4a60-9314-058eb83b4b4f,"-> Client, 2970299:service_8:3, function_26 60",service_8,0.113
2025-06-03 11:34:49:600,service_21,package_3.package_4.interface_19.function_27,infrastructure,57d5d46a-130d-4bbc-bff5-a6251400608b,04272fdb-94f7-4a60-9314-058eb83b4b4f,"-> Client, 2970299:service_3:6, function_27",service_3,0.0
2025-06-03 11:34:49:601,service_3,package_1.package_2.interface_1.function_1,infrastructure,57d5d46a-130d-4bbc-bff5-a6251400608b,04272fdb-94f7-4a60-9314-058eb83b4b4f,"-> Client, 2970299:service_18:224, function_1 2",service_18,0.004
2025-06-03 11:34:49:603,service_18,package_3.package_10.interface_13.function_29,infrastructure,57d5d46a-130d-4bbc-bff5-a6251400608b,04272fdb-94f7-4a60-9314-058eb83b4b4f,"-> Client, 2970299:service_8:2, function_29",service_8,0.002
2025-06-03 11:34:49:609,service_21,package_3.interface_21.function_53,infrastructure,-,-,"-> Client, 2970299:service_10:1, function_53 (CassetteSlot:Slot6,Detail_objectId:2970299:service_10:64,State:Unknown)",service_10,0.001
2025-06-03 11:34:49:629,service_21,package_3.package_4.interface_15.function_23,infrastructure,57d5d46a-130d-4bbc-bff5-a6251400608b,04272fdb-94f7-4a60-9314-058eb83b4b4f,"-> Client, 2970299:service_3:4, function_23 CartridgeDetectionBegin",service_3,0.274
2025-06-03 11:34:49:901,service_3,package_1.package_7.package_8.package_9.interface_16.function_3,infrastructure,57d5d46a-130d-4bbc-bff5-a6251400608b,04272fdb-94f7-4a60-9314-058eb83b4b4f,"-> Client, 2970299:service_4:41, function_3 X, 0.004",service_4,0.002
2025-06-03 11:34:49:905,service_3,package_1.package_7.package_8.package_9.interface_17.function_24,infrastructure,57d5d46a-130d-4bbc-bff5-a6251400608b,04272fdb-94f7-4a60-9314-058eb83b4b4f,"-> Client, 2970299:service_4:126, function_24",service_4,0.005
2025-06-03 11:34:49:907,service_4,package_3.package_10.interface_18.function_25,infrastructure,57d5d46a-130d-4bbc-bff5-a6251400608b,04272fdb-94f7-4a60-9314-058eb83b4b4f,"-> Client, 2970299:service_8:3, function_25 (MoveCorrection:,MoveType:Absolute,Parameterfunction_1:,Position:0.004,Velocity:0)",service_8,0.003
2025-06-03 11:34:49:911,service_3,package_1.package_7.package_8.package_9.interface_17.function_26,infrastructure,57d5d46a-130d-4bbc-bff5-a6251400608b,04272fdb-94f7-4a60-9314-058eb83b4b4f,"-> Client, 2970299:service_4:126, function_26 60",service_4,0.112
2025-06-03 11:34:49:912,service_4,package_3.package_10.interface_18.function_26,infrastructure,57d5d46a-130d-4bbc-bff5-a6251400608b,04272fdb-94f7-4a60-9314-058eb83b4b4f,"-> Client, 2970299:service_8:3, function_26 60",service_8,0.111
2025-06-03 11:34:50:029,service_21,package_3.package_4.interface_20.function_34,infrastructure,57d5d46a-130d-4bbc-bff5-a6251400608b,04272fdb-94f7-4a60-9314-058eb83b4b4f,"-> Client, 2970299:service_3:8, function_34",service_3,0.003
2025-06-03 11:34:50:030,service_3,package_1.package_2.interface_1.function_1,infrastructure,57d5d46a-130d-4bbc-bff5-a6251400608b,04272fdb-94f7-4a60-9314-058eb83b4b4f,"-> Client, 2970299:service_18:223, function_1 1",service_18,0.002
2025-06-03 11:34:50:030,service_18,package_3.package_10.interface_13.function_58,infrastructure,57d5d46a-130d-4bbc-bff5-a6251400608b,04272fdb-94f7-4a60-9314-058eb83b4b4f,"-> Client, 2970299:service_8:2, function_58",service_8,0.002
2025-06-03 11:34:50:035,service_21,package_3.package_4.interface_15.function_23,infrastructure,57d5d46a-130d-4bbc-bff5-a6251400608b,04272fdb-94f7-4a60-9314-058eb83b4b4f,"-> Client, 2970299:service_3:4, function_23 CartridgeDetectionEnd",service_3,0.31
2025-06-03 11:34:50:342,service_3,package_1.package_7.package_8.package_9.interface_16.function_3,infrastructure,57d5d46a-130d-4bbc-bff5-a6251400608b,04272fdb-94f7-4a60-9314-058eb83b4b4f,"-> Client, 2970299:service_4:41, function_3 X, 0.003",service_4,0.003
2025-06-03 11:34:50:347,service_3,package_1.package_7.package_8.package_9.interface_17.function_24,infrastructure,57d5d46a-130d-4bbc-bff5-a6251400608b,04272fdb-94f7-4a60-9314-058eb83b4b4f,"-> Client, 2970299:service_4:127, function_24",service_4,0.005
2025-06-03 11:34:50:348,service_4,package_3.package_10.interface_18.function_25,infrastructure,57d5d46a-130d-4bbc-bff5-a6251400608b,04272fdb-94f7-4a60-9314-058eb83b4b4f,"-> Client, 2970299:service_8:3, function_25 (MoveCorrection:,MoveType:Absolute,Parameterfunction_1:,Position:0.003,Velocity:0)",service_8,0.004
2025-06-03 11:34:50:353,service_3,package_1.package_7.package_8.package_9.interface_17.function_26,infrastructure,57d5d46a-130d-4bbc-bff5-a6251400608b,04272fdb-94f7-4a60-9314-058eb83b4b4f,"-> Client, 2970299:service_4:127, function_26 60",service_4,0.0
2025-06-03 11:34:50:355,service_4,package_3.package_10.interface_18.function_26,infrastructure,57d5d46a-130d-4bbc-bff5-a6251400608b,04272fdb-94f7-4a60-9314-058eb83b4b4f,"-> Client, 2970299:service_8:3, function_26 60",service_8,0.116
2025-06-03 11:34:50:478,service_21,package_3.package_4.interface_20.function_35,infrastructure,57d5d46a-130d-4bbc-bff5-a6251400608b,04272fdb-94f7-4a60-9314-058eb83b4b4f,"-> Client, 2970299:service_3:8, function_35",service_3,0.004
2025-06-03 11:34:50:479,service_3,package_1.package_2.interface_1.function_1,infrastructure,57d5d46a-130d-4bbc-bff5-a6251400608b,04272fdb-94f7-4a60-9314-058eb83b4b4f,"-> Client, 2970299:service_18:223, function_1 2",service_18,0.003
2025-06-03 11:34:50:480,service_18,package_3.package_10.interface_13.function_31,infrastructure,57d5d46a-130d-4bbc-bff5-a6251400608b,04272fdb-94f7-4a60-9314-058eb83b4b4f,"-> Client, 2970299:service_8:2, function_31",service_8,0.002
2025-06-03 11:34:50:492,service_21,package_3.interface_21.function_53,infrastructure,57d5d46a-130d-4bbc-bff5-a6251400608b,04272fdb-94f7-4a60-9314-058eb83b4b4f,"-> Client, 2970299:service_10:1, function_53 (CassetteSlot:Slot6,Detail_objectId:2970299:service_10:64,State:NotPresent)",service_10,0.002
2025-06-03 11:34:50:494,service_21,package_3.package_4.interface_15.function_23,infrastructure,57d5d46a-130d-4bbc-bff5-a6251400608b,04272fdb-94f7-4a60-9314-058eb83b4b4f,"-> Client, 2970299:service_3:4, function_23 Park",service_3,0.307
2025-06-03 11:34:50:798,service_3,package_1.package_7.package_8.package_9.interface_16.function_3,infrastructure,57d5d46a-130d-4bbc-bff5-a6251400608b,04272fdb-94f7-4a60-9314-058eb83b4b4f,"-> Client, 2970299:service_4:41, function_3 X, 0",service_4,0.003
2025-06-03 11:34:50:803,service_3,package_1.package_7.package_8.package_9.interface_17.function_24,infrastructure,57d5d46a-130d-4bbc-bff5-a6251400608b,04272fdb-94f7-4a60-9314-058eb83b4b4f,"-> Client, 2970299:service_4:128, function_24",service_4,0.003
2025-06-03 11:34:50:804,service_4,package_3.package_10.interface_18.function_25,infrastructure,57d5d46a-130d-4bbc-bff5-a6251400608b,04272fdb-94f7-4a60-9314-058eb83b4b4f,"-> Client, 2970299:service_8:3, function_25 (MoveCorrection:,MoveType:Absolute,Parameterfunction_1:,Position:0,Velocity:0)",service_8,0.002
2025-06-03 11:34:50:808,service_3,package_1.package_7.package_8.package_9.interface_17.function_26,infrastructure,57d5d46a-130d-4bbc-bff5-a6251400608b,04272fdb-94f7-4a60-9314-058eb83b4b4f,"-> Client, 2970299:service_4:128, function_26 60",service_4,0.0
2025-06-03 11:34:50:809,service_4,package_3.package_10.interface_18.function_26,infrastructure,57d5d46a-130d-4bbc-bff5-a6251400608b,04272fdb-94f7-4a60-9314-058eb83b4b4f,"-> Client, 2970299:service_8:3, function_26 60",service_8,0.124
2025-06-03 11:34:50:940,service_21,package_3.interface_21.function_62,infrastructure,57d5d46a-130d-4bbc-bff5-a6251400608b,04272fdb-94f7-4a60-9314-058eb83b4b4f,"-> Client, 2970299:service_10:1, function_62 (CassetteSlot:Slot6,Detail_objectId:2970299:service_10:64,State:NotPresent)",service_10,0.003
2025-06-03 11:34:50:943,service_21,package_3.interface_21.function_59,infrastructure,57d5d46a-130d-4bbc-bff5-a6251400608b,04272fdb-94f7-4a60-9314-058eb83b4b4f,"-> Client, 2970299:service_10:1, function_59",service_10,0.002
2025-06-03 11:34:50:946,service_21,package_3.interface_21.function_53,infrastructure,57d5d46a-130d-4bbc-bff5-a6251400608b,04272fdb-94f7-4a60-9314-058eb83b4b4f,"-> Client, 2970299:service_10:1, function_53 (CassetteSlot:Unknown,Detail_objectId:2970299:service_10:101,State:NotPresent)",service_10,0.002
2025-06-03 11:34:50:950,service_21,package_3.interface_21.function_62,infrastructure,57d5d46a-130d-4bbc-bff5-a6251400608b,04272fdb-94f7-4a60-9314-058eb83b4b4f,"-> Client, 2970299:service_10:1, function_62 (CassetteSlot:Slot6,Detail_objectId:2970299:service_10:64,State:NotPresent)",service_10,0.001
2025-06-03 11:34:51:015,service_21,package_3.package_4.interface_10.function_23,infrastructure,57d5d46a-130d-4bbc-bff5-a6251400608b,04272fdb-94f7-4a60-9314-058eb83b4b4f,"-> Client, 2970299:service_3:5, function_23 Slot6",service_3,0.005
2025-06-03 11:34:51:017,service_21,package_3.interface_21.function_32,infrastructure,-,-,"-> Client, 2970299:service_10:1, function_32 Unknown",service_10,0.003
2025-06-03 11:34:51:190,service_3,package_1.package_7.package_8.package_9.interface_16.function_3,infrastructure,57d5d46a-130d-4bbc-bff5-a6251400608b,04272fdb-94f7-4a60-9314-058eb83b4b4f,"-> Client, 2970299:service_4:34, function_3 Z, 0.022999999999999996",service_4,0.002
2025-06-03 11:34:51:194,service_3,package_1.package_7.package_8.package_9.interface_17.function_24,infrastructure,57d5d46a-130d-4bbc-bff5-a6251400608b,04272fdb-94f7-4a60-9314-058eb83b4b4f,"-> Client, 2970299:service_4:129, function_24",service_4,0.003
2025-06-03 11:34:51:195,service_4,package_3.package_10.interface_18.function_25,infrastructure,57d5d46a-130d-4bbc-bff5-a6251400608b,04272fdb-94f7-4a60-9314-058eb83b4b4f,"-> Client, 2970299:service_8:4, function_25 (MoveCorrection:,MoveType:Absolute,Parameterfunction_1:,Position:0.023,Velocity:0)",service_8,0.002
2025-06-03 11:34:51:199,service_3,package_1.package_7.package_8.package_9.interface_17.function_26,infrastructure,57d5d46a-130d-4bbc-bff5-a6251400608b,04272fdb-94f7-4a60-9314-058eb83b4b4f,"-> Client, 2970299:service_4:129, function_26 60",service_4,0.119
2025-06-03 11:34:51:200,service_4,package_3.package_10.interface_18.function_26,infrastructure,57d5d46a-130d-4bbc-bff5-a6251400608b,04272fdb-94f7-4a60-9314-058eb83b4b4f,"-> Client, 2970299:service_8:4, function_26 60",service_8,0.118
2025-06-03 11:34:51:484,service_21,package_3.package_4.interface_20.function_34,infrastructure,57d5d46a-130d-4bbc-bff5-a6251400608b,04272fdb-94f7-4a60-9314-058eb83b4b4f,"-> Client, 2970299:service_3:9, function_34",service_3,0.002
2025-06-03 11:34:51:486,service_21,package_3.package_4.interface_20.function_35,infrastructure,57d5d46a-130d-4bbc-bff5-a6251400608b,04272fdb-94f7-4a60-9314-058eb83b4b4f,"-> Client, 2970299:service_3:9, function_35",service_3,0.0
2025-06-03 11:34:51:492,service_21,package_3.interface_21.function_32,infrastructure,57d5d46a-130d-4bbc-bff5-a6251400608b,04272fdb-94f7-4a60-9314-058eb83b4b4f,"-> Client, 2970299:service_10:1, function_32 Present",service_10,0.003
2025-06-03 11:34:51:496,service_21,package_3.interface_21.function_43,infrastructure,57d5d46a-130d-4bbc-bff5-a6251400608b,04272fdb-94f7-4a60-9314-058eb83b4b4f,"-> Client, 2970299:service_10:1, function_43 Unknown",service_10,0.002
2025-06-03 11:34:51:498,service_21,package_3.package_4.interface_22.function_44,infrastructure,57d5d46a-130d-4bbc-bff5-a6251400608b,04272fdb-94f7-4a60-9314-058eb83b4b4f,"-> Client, 2970299:service_3:2, function_44",service_3,0.006
2025-06-03 11:34:51:499,service_3,package_1.package_2.interface_1.function_1,infrastructure,57d5d46a-130d-4bbc-bff5-a6251400608b,04272fdb-94f7-4a60-9314-058eb83b4b4f,"-> Client, 2970299:service_18:226, function_1 1",service_18,0.005
2025-06-03 11:34:51:501,service_18,package_3.package_10.interface_13.function_44,infrastructure,57d5d46a-130d-4bbc-bff5-a6251400608b,04272fdb-94f7-4a60-9314-058eb83b4b4f,"-> Client, 2970299:service_8:2, function_44",service_8,0.003
2025-06-03 11:34:51:507,service_21,package_3.interface_21.function_43,infrastructure,-,-,"-> Client, 2970299:service_10:1, function_43 Unknown",service_10,0.002
2025-06-03 11:34:51:510,service_21,package_3.interface_21.function_43,infrastructure,-,-,"-> Client, 2970299:service_10:1, function_43 Unknown",service_10,0.002
2025-06-03 11:34:51:518,service_21,package_3.interface_21.function_43,infrastructure,-,-,"-> Client, 2970299:service_10:1, function_43 Unknown",service_10,0.001
2025-06-03 11:34:51:519,service_21,package_3.package_4.interface_10.function_23,infrastructure,57d5d46a-130d-4bbc-bff5-a6251400608b,04272fdb-94f7-4a60-9314-058eb83b4b4f,"-> Client, 2970299:service_3:5, function_23 Slot7",service_3,0.0
2025-06-03 11:34:51:521,service_21,package_3.interface_21.function_32,infrastructure,-,-,"-> Client, 2970299:service_10:1, function_32 Unknown",service_10,0.003
2025-06-03 11:34:51:691,service_3,package_1.package_7.package_8.package_9.interface_16.function_3,infrastructure,57d5d46a-130d-4bbc-bff5-a6251400608b,04272fdb-94f7-4a60-9314-058eb83b4b4f,"-> Client, 2970299:service_4:34, function_3 Z, 0.026499999999999996",service_4,0.001
2025-06-03 11:34:51:694,service_3,package_1.package_7.package_8.package_9.interface_17.function_24,infrastructure,57d5d46a-130d-4bbc-bff5-a6251400608b,04272fdb-94f7-4a60-9314-058eb83b4b4f,"-> Client, 2970299:service_4:130, function_24",service_4,0.003
2025-06-03 11:34:51:695,service_4,package_3.package_10.interface_18.function_25,infrastructure,57d5d46a-130d-4bbc-bff5-a6251400608b,04272fdb-94f7-4a60-9314-058eb83b4b4f,"-> Client, 2970299:service_8:4, function_25 (MoveCorrection:,MoveType:Absolute,Parameterfunction_1:,Position:0.0265,Velocity:0)",service_8,0.002
2025-06-03 11:34:51:698,service_3,package_1.package_7.package_8.package_9.interface_17.function_26,infrastructure,57d5d46a-130d-4bbc-bff5-a6251400608b,04272fdb-94f7-4a60-9314-058eb83b4b4f,"-> Client, 2970299:service_4:130, function_26 60",service_4,0.113
2025-06-03 11:34:51:698,service_4,package_3.package_10.interface_18.function_26,infrastructure,57d5d46a-130d-4bbc-bff5-a6251400608b,04272fdb-94f7-4a60-9314-058eb83b4b4f,"-> Client, 2970299:service_8:4, function_26 60",service_8,0.113
2025-06-03 11:34:51:819,service_21,package_3.package_4.interface_22.function_33,infrastructure,57d5d46a-130d-4bbc-bff5-a6251400608b,04272fdb-94f7-4a60-9314-058eb83b4b4f,"-> Client, 2970299:service_3:2, function_33",service_3,0.008
2025-06-03 11:34:51:821,service_3,package_1.package_2.interface_1.function_1,infrastructure,57d5d46a-130d-4bbc-bff5-a6251400608b,04272fdb-94f7-4a60-9314-058eb83b4b4f,"-> Client, 2970299:service_18:226, function_1 2",service_18,0.006
2025-06-03 11:34:51:823,service_18,package_3.package_10.interface_13.function_33,infrastructure,57d5d46a-130d-4bbc-bff5-a6251400608b,04272fdb-94f7-4a60-9314-058eb83b4b4f,"-> Client, 2970299:service_8:2, function_33",service_8,0.004
2025-06-03 11:34:51:867,service_21,package_3.interface_21.function_43,infrastructure,57d5d46a-130d-4bbc-bff5-a6251400608b,04272fdb-94f7-4a60-9314-058eb83b4b4f,"-> Client, 2970299:service_10:1, function_43 Slot7",service_10,0.004
2025-06-03 11:34:51:871,service_21,package_3.package_4.interface_10.function_23,infrastructure,57d5d46a-130d-4bbc-bff5-a6251400608b,04272fdb-94f7-4a60-9314-058eb83b4b4f,"-> Client, 2970299:service_3:5, function_23 Park",service_3,0.006
2025-06-03 11:34:51:874,service_21,package_3.interface_21.function_32,infrastructure,-,-,"-> Client, 2970299:service_10:1, function_32 Unknown",service_10,0.003
2025-06-03 11:34:52:150,service_3,package_1.package_7.package_8.package_9.interface_16.function_3,infrastructure,57d5d46a-130d-4bbc-bff5-a6251400608b,04272fdb-94f7-4a60-9314-058eb83b4b4f,"-> Client, 2970299:service_4:34, function_3 Z, 0",service_4,0.001
2025-06-03 11:34:52:152,service_3,package_1.package_7.package_8.package_9.interface_17.function_24,infrastructure,57d5d46a-130d-4bbc-bff5-a6251400608b,04272fdb-94f7-4a60-9314-058eb83b4b4f,"-> Client, 2970299:service_4:131, function_24",service_4,0.002
2025-06-03 11:34:52:152,service_4,package_3.package_10.interface_18.function_25,infrastructure,57d5d46a-130d-4bbc-bff5-a6251400608b,04272fdb-94f7-4a60-9314-058eb83b4b4f,"-> Client, 2970299:service_8:4, function_25 (MoveCorrection:,MoveType:Absolute,Parameterfunction_1:,Position:0,Velocity:0)",service_8,0.002
2025-06-03 11:34:52:154,service_3,package_1.package_7.package_8.package_9.interface_17.function_26,infrastructure,57d5d46a-130d-4bbc-bff5-a6251400608b,04272fdb-94f7-4a60-9314-058eb83b4b4f,"-> Client, 2970299:service_4:131, function_26 60",service_4,0.0
2025-06-03 11:34:52:154,service_4,package_3.package_10.interface_18.function_26,infrastructure,57d5d46a-130d-4bbc-bff5-a6251400608b,04272fdb-94f7-4a60-9314-058eb83b4b4f,"-> Client, 2970299:service_8:4, function_26 60",service_8,0.162
2025-06-03 11:34:52:500,service_21,package_3.package_4.interface_20.function_34,infrastructure,57d5d46a-130d-4bbc-bff5-a6251400608b,04272fdb-94f7-4a60-9314-058eb83b4b4f,"-> Client, 2970299:service_3:9, function_34",service_3,0.001
2025-06-03 11:34:52:501,service_21,package_3.package_4.interface_20.function_35,infrastructure,57d5d46a-130d-4bbc-bff5-a6251400608b,04272fdb-94f7-4a60-9314-058eb83b4b4f,"-> Client, 2970299:service_3:9, function_35",service_3,0.001
2025-06-03 11:34:52:505,service_21,package_3.interface_21.function_32,infrastructure,57d5d46a-130d-4bbc-bff5-a6251400608b,04272fdb-94f7-4a60-9314-058eb83b4b4f,"-> Client, 2970299:service_10:1, function_32 NotPresent",service_10,0.003
2025-06-03 11:34:52:508,service_21,package_3.package_4.interface_19.function_51,infrastructure,57d5d46a-130d-4bbc-bff5-a6251400608b,04272fdb-94f7-4a60-9314-058eb83b4b4f,"-> Client, 2970299:service_3:6, function_51",service_3,0.0
2025-06-03 11:34:52:509,service_3,package_1.package_2.interface_1.function_1,infrastructure,57d5d46a-130d-4bbc-bff5-a6251400608b,04272fdb-94f7-4a60-9314-058eb83b4b4f,"-> Client, 2970299:service_18:224, function_1 1",service_18,0.004
2025-06-03 11:34:52:510,service_18,package_3.package_10.interface_13.function_52,infrastructure,57d5d46a-130d-4bbc-bff5-a6251400608b,04272fdb-94f7-4a60-9314-058eb83b4b4f,"-> Client, 2970299:service_8:2, function_52",service_8,0.003
2025-06-03 11:34:52:515,service_21,package_3.interface_21.function_53,infrastructure,-,-,"-> Client, 2970299:service_10:1, function_53 (CassetteSlot:Unknown,Detail_objectId:2970299:service_10:102,State:Unknown)",service_10,0.003
2025-06-03 11:34:52:537,service_21,package_3.package_4.interface_15.function_23,infrastructure,57d5d46a-130d-4bbc-bff5-a6251400608b,04272fdb-94f7-4a60-9314-058eb83b4b4f,"-> Client, 2970299:service_3:4, function_23 Docker",service_3,0.003
2025-06-03 11:34:52:538,service_21,package_3.interface_21.function_53,infrastructure,-,-,"-> Client, 2970299:service_10:1, function_53 (CassetteSlot:Unknown,Detail_objectId:2970299:service_10:102,State:Unknown)",service_10,0.002
2025-06-03 11:34:52:871,service_3,package_1.package_7.package_8.package_9.interface_16.function_3,infrastructure,57d5d46a-130d-4bbc-bff5-a6251400608b,04272fdb-94f7-4a60-9314-058eb83b4b4f,"-> Client, 2970299:service_4:41, function_3 X, 0.018",service_4,0.002
2025-06-03 11:34:52:875,service_3,package_1.package_7.package_8.package_9.interface_17.function_24,infrastructure,57d5d46a-130d-4bbc-bff5-a6251400608b,04272fdb-94f7-4a60-9314-058eb83b4b4f,"-> Client, 2970299:service_4:132, function_24",service_4,0.003
2025-06-03 11:34:52:876,service_4,package_3.package_10.interface_18.function_25,infrastructure,57d5d46a-130d-4bbc-bff5-a6251400608b,04272fdb-94f7-4a60-9314-058eb83b4b4f,"-> Client, 2970299:service_8:3, function_25 (MoveCorrection:,MoveType:Absolute,Parameterfunction_1:,Position:0.018,Velocity:0)",service_8,0.002
2025-06-03 11:34:52:879,service_4,package_3.package_10.interface_18.function_26,infrastructure,57d5d46a-130d-4bbc-bff5-a6251400608b,04272fdb-94f7-4a60-9314-058eb83b4b4f,"-> Client, 2970299:service_8:3, function_26 60",service_8,0.117
2025-06-03 11:34:52:879,service_3,package_1.package_7.package_8.package_9.interface_17.function_26,infrastructure,57d5d46a-130d-4bbc-bff5-a6251400608b,04272fdb-94f7-4a60-9314-058eb83b4b4f,"-> Client, 2970299:service_4:132, function_26 60",service_4,0.117
2025-06-03 11:34:53:002,service_21,package_3.package_4.interface_19.function_27,infrastructure,57d5d46a-130d-4bbc-bff5-a6251400608b,04272fdb-94f7-4a60-9314-058eb83b4b4f,"-> Client, 2970299:service_3:6, function_27",service_3,0.006
2025-06-03 11:34:53:003,service_3,package_1.package_2.interface_1.function_1,infrastructure,57d5d46a-130d-4bbc-bff5-a6251400608b,04272fdb-94f7-4a60-9314-058eb83b4b4f,"-> Client, 2970299:service_18:224, function_1 2",service_18,0.005
2025-06-03 11:34:53:004,service_18,package_3.package_10.interface_13.function_29,infrastructure,57d5d46a-130d-4bbc-bff5-a6251400608b,04272fdb-94f7-4a60-9314-058eb83b4b4f,"-> Client, 2970299:service_8:2, function_29",service_8,0.004
2025-06-03 11:34:53:012,service_21,package_3.interface_21.function_53,infrastructure,-,-,"-> Client, 2970299:service_10:1, function_53 (CassetteSlot:Unknown,Detail_objectId:2970299:service_10:102,State:Unknown)",service_10,0.002
2025-06-03 11:34:53:029,service_21,package_3.interface_21.function_59,infrastructure,57d5d46a-130d-4bbc-bff5-a6251400608b,04272fdb-94f7-4a60-9314-058eb83b4b4f,"-> Client, 2970299:service_10:1, function_59",service_10,0.001
2025-06-03 11:34:53:031,service_21,package_3.interface_21.function_62,infrastructure,57d5d46a-130d-4bbc-bff5-a6251400608b,04272fdb-94f7-4a60-9314-058eb83b4b4f,"-> Client, 2970299:service_10:1, function_62 (CassetteSlot:Slot7,Detail_objectId:2970299:service_10:103,State:NotPresent)",service_10,0.004
2025-06-03 11:34:53:036,service_21,package_3.interface_21.function_53,infrastructure,57d5d46a-130d-4bbc-bff5-a6251400608b,04272fdb-94f7-4a60-9314-058eb83b4b4f,"-> Client, 2970299:service_10:1, function_53 (CassetteSlot:Slot7,Detail_objectId:2970299:service_10:65,State:NotPresent)",service_10,0.003
2025-06-03 11:34:53:043,service_21,package_3.package_4.interface_15.function_23,infrastructure,57d5d46a-130d-4bbc-bff5-a6251400608b,04272fdb-94f7-4a60-9314-058eb83b4b4f,"-> Client, 2970299:service_3:4, function_23 CartridgeDetectionBegin",service_3,0.327
2025-06-03 11:34:53:368,service_3,package_1.package_7.package_8.package_9.interface_16.function_3,infrastructure,57d5d46a-130d-4bbc-bff5-a6251400608b,04272fdb-94f7-4a60-9314-058eb83b4b4f,"-> Client, 2970299:service_4:41, function_3 X, 0.004",service_4,0.002
2025-06-03 11:34:53:372,service_3,package_1.package_7.package_8.package_9.interface_17.function_24,infrastructure,57d5d46a-130d-4bbc-bff5-a6251400608b,04272fdb-94f7-4a60-9314-058eb83b4b4f,"-> Client, 2970299:service_4:133, function_24",service_4,0.005
2025-06-03 11:34:53:373,service_4,package_3.package_10.interface_18.function_25,infrastructure,57d5d46a-130d-4bbc-bff5-a6251400608b,04272fdb-94f7-4a60-9314-058eb83b4b4f,"-> Client, 2970299:service_8:3, function_25 (MoveCorrection:,MoveType:Absolute,Parameterfunction_1:,Position:0.004,Velocity:0)",service_8,0.004
2025-06-03 11:34:53:378,service_3,package_1.package_7.package_8.package_9.interface_17.function_26,infrastructure,57d5d46a-130d-4bbc-bff5-a6251400608b,04272fdb-94f7-4a60-9314-058eb83b4b4f,"-> Client, 2970299:service_4:133, function_26 60",service_4,0.0
2025-06-03 11:34:53:379,service_4,package_3.package_10.interface_18.function_26,infrastructure,57d5d46a-130d-4bbc-bff5-a6251400608b,04272fdb-94f7-4a60-9314-058eb83b4b4f,"-> Client, 2970299:service_8:3, function_26 60",service_8,0.123
2025-06-03 11:34:53:508,service_21,package_3.package_4.interface_20.function_34,infrastructure,57d5d46a-130d-4bbc-bff5-a6251400608b,04272fdb-94f7-4a60-9314-058eb83b4b4f,"-> Client, 2970299:service_3:8, function_34",service_3,0.0
2025-06-03 11:34:53:509,service_3,package_1.package_2.interface_1.function_1,infrastructure,57d5d46a-130d-4bbc-bff5-a6251400608b,04272fdb-94f7-4a60-9314-058eb83b4b4f,"-> Client, 2970299:service_18:223, function_1 1",service_18,0.004
2025-06-03 11:34:53:510,service_18,package_3.package_10.interface_13.function_58,infrastructure,57d5d46a-130d-4bbc-bff5-a6251400608b,04272fdb-94f7-4a60-9314-058eb83b4b4f,"-> Client, 2970299:service_8:2, function_58",service_8,0.003
2025-06-03 11:34:53:517,service_21,package_3.package_4.interface_15.function_23,infrastructure,57d5d46a-130d-4bbc-bff5-a6251400608b,04272fdb-94f7-4a60-9314-058eb83b4b4f,"-> Client, 2970299:service_3:4, function_23 CartridgeDetectionEnd",service_3,0.34
2025-06-03 11:34:53:854,service_3,package_1.package_7.package_8.package_9.interface_16.function_3,infrastructure,57d5d46a-130d-4bbc-bff5-a6251400608b,04272fdb-94f7-4a60-9314-058eb83b4b4f,"-> Client, 2970299:service_4:41, function_3 X, 0.003",service_4,0.003
2025-06-03 11:34:53:859,service_3,package_1.package_7.package_8.package_9.interface_17.function_24,infrastructure,57d5d46a-130d-4bbc-bff5-a6251400608b,04272fdb-94f7-4a60-9314-058eb83b4b4f,"-> Client, 2970299:service_4:134, function_24",service_4,0.005
2025-06-03 11:34:53:861,service_4,package_3.package_10.interface_18.function_25,infrastructure,57d5d46a-130d-4bbc-bff5-a6251400608b,04272fdb-94f7-4a60-9314-058eb83b4b4f,"-> Client, 2970299:service_8:3, function_25 (MoveCorrection:,MoveType:Absolute,Parameterfunction_1:,Position:0.003,Velocity:0)",service_8,0.003
2025-06-03 11:34:53:866,service_3,package_1.package_7.package_8.package_9.interface_17.function_26,infrastructure,57d5d46a-130d-4bbc-bff5-a6251400608b,04272fdb-94f7-4a60-9314-058eb83b4b4f,"-> Client, 2970299:service_4:134, function_26 60",service_4,0.114
2025-06-03 11:34:53:867,service_4,package_3.package_10.interface_18.function_26,infrastructure,57d5d46a-130d-4bbc-bff5-a6251400608b,04272fdb-94f7-4a60-9314-058eb83b4b4f,"-> Client, 2970299:service_8:3, function_26 60",service_8,0.113
2025-06-03 11:34:53:985,service_21,package_3.package_4.interface_20.function_35,infrastructure,57d5d46a-130d-4bbc-bff5-a6251400608b,04272fdb-94f7-4a60-9314-058eb83b4b4f,"-> Client, 2970299:service_3:8, function_35",service_3,0.007
2025-06-03 11:34:53:986,service_3,package_1.package_2.interface_1.function_1,infrastructure,57d5d46a-130d-4bbc-bff5-a6251400608b,04272fdb-94f7-4a60-9314-058eb83b4b4f,"-> Client, 2970299:service_18:223, function_1 2",service_18,0.006
2025-06-03 11:34:53:988,service_18,package_3.package_10.interface_13.function_31,infrastructure,57d5d46a-130d-4bbc-bff5-a6251400608b,04272fdb-94f7-4a60-9314-058eb83b4b4f,"-> Client, 2970299:service_8:2, function_31",service_8,0.004
2025-06-03 11:34:54:001,service_21,package_3.interface_21.function_53,infrastructure,57d5d46a-130d-4bbc-bff5-a6251400608b,04272fdb-94f7-4a60-9314-058eb83b4b4f,"-> Client, 2970299:service_10:1, function_53 (CassetteSlot:Slot7,Detail_objectId:2970299:service_10:65,State:NotPresent)",service_10,0.002
2025-06-03 11:34:54:005,service_21,package_3.package_4.interface_15.function_23,infrastructure,57d5d46a-130d-4bbc-bff5-a6251400608b,04272fdb-94f7-4a60-9314-058eb83b4b4f,"-> Client, 2970299:service_3:4, function_23 Docker",service_3,0.305
2025-06-03 11:34:54:308,service_3,package_1.package_7.package_8.package_9.interface_16.function_3,infrastructure,57d5d46a-130d-4bbc-bff5-a6251400608b,04272fdb-94f7-4a60-9314-058eb83b4b4f,"-> Client, 2970299:service_4:41, function_3 X, 0.018",service_4,0.002
2025-06-03 11:34:54:311,service_3,package_1.package_7.package_8.package_9.interface_17.function_24,infrastructure,57d5d46a-130d-4bbc-bff5-a6251400608b,04272fdb-94f7-4a60-9314-058eb83b4b4f,"-> Client, 2970299:service_4:135, function_24",service_4,0.003
2025-06-03 11:34:54:312,service_4,package_3.package_10.interface_18.function_25,infrastructure,57d5d46a-130d-4bbc-bff5-a6251400608b,04272fdb-94f7-4a60-9314-058eb83b4b4f,"-> Client, 2970299:service_8:3, function_25 (MoveCorrection:,MoveType:Absolute,Parameterfunction_1:,Position:0.018,Velocity:0)",service_8,0.002
2025-06-03 11:34:54:315,service_3,package_1.package_7.package_8.package_9.interface_17.function_26,infrastructure,57d5d46a-130d-4bbc-bff5-a6251400608b,04272fdb-94f7-4a60-9314-058eb83b4b4f,"-> Client, 2970299:service_4:135, function_26 60",service_4,0.0
2025-06-03 11:34:54:316,service_4,package_3.package_10.interface_18.function_26,infrastructure,57d5d46a-130d-4bbc-bff5-a6251400608b,04272fdb-94f7-4a60-9314-058eb83b4b4f,"-> Client, 2970299:service_8:3, function_26 60",service_8,0.112
2025-06-03 11:34:54:434,service_21,package_3.package_4.interface_19.function_51,infrastructure,57d5d46a-130d-4bbc-bff5-a6251400608b,04272fdb-94f7-4a60-9314-058eb83b4b4f,"-> Client, 2970299:service_3:6, function_51",service_3,0.005
2025-06-03 11:34:54:435,service_3,package_1.package_2.interface_1.function_1,infrastructure,57d5d46a-130d-4bbc-bff5-a6251400608b,04272fdb-94f7-4a60-9314-058eb83b4b4f,"-> Client, 2970299:service_18:224, function_1 1",service_18,0.004
2025-06-03 11:34:54:436,service_18,package_3.package_10.interface_13.function_52,infrastructure,57d5d46a-130d-4bbc-bff5-a6251400608b,04272fdb-94f7-4a60-9314-058eb83b4b4f,"-> Client, 2970299:service_8:2, function_52",service_8,0.003
2025-06-03 11:34:54:444,service_21,package_3.interface_21.function_53,infrastructure,-,-,"-> Client, 2970299:service_10:1, function_53 (CassetteSlot:Slot7,Detail_objectId:2970299:service_10:65,State:Unknown)",service_10,0.003
2025-06-03 11:34:54:460,service_21,package_3.package_4.interface_15.function_23,infrastructure,57d5d46a-130d-4bbc-bff5-a6251400608b,04272fdb-94f7-4a60-9314-058eb83b4b4f,"-> Client, 2970299:service_3:4, function_23 CartridgeDetectionBegin",service_3,0.004
2025-06-03 11:34:54:461,service_21,package_3.interface_21.function_53,infrastructure,-,-,"-> Client, 2970299:service_10:1, function_53 (CassetteSlot:Slot7,Detail_objectId:2970299:service_10:65,State:Unknown)",service_10,0.003
2025-06-03 11:34:54:724,service_3,package_1.package_7.package_8.package_9.interface_16.function_3,infrastructure,57d5d46a-130d-4bbc-bff5-a6251400608b,04272fdb-94f7-4a60-9314-058eb83b4b4f,"-> Client, 2970299:service_4:41, function_3 X, 0.004",service_4,0.003
2025-06-03 11:34:54:729,service_4,package_3.package_10.interface_18.function_25,infrastructure,57d5d46a-130d-4bbc-bff5-a6251400608b,04272fdb-94f7-4a60-9314-058eb83b4b4f,"-> Client, 2970299:service_8:3, function_25 (MoveCorrection:,MoveType:Absolute,Parameterfunction_1:,Position:0.004,Velocity:0)",service_8,0.002
2025-06-03 11:34:54:729,service_3,package_1.package_7.package_8.package_9.interface_17.function_24,infrastructure,57d5d46a-130d-4bbc-bff5-a6251400608b,04272fdb-94f7-4a60-9314-058eb83b4b4f,"-> Client, 2970299:service_4:136, function_24",service_4,0.002
2025-06-03 11:34:54:732,service_3,package_1.package_7.package_8.package_9.interface_17.function_26,infrastructure,57d5d46a-130d-4bbc-bff5-a6251400608b,04272fdb-94f7-4a60-9314-058eb83b4b4f,"-> Client, 2970299:service_4:136, function_26 60",service_4,0.126
2025-06-03 11:34:54:733,service_4,package_3.package_10.interface_18.function_26,infrastructure,57d5d46a-130d-4bbc-bff5-a6251400608b,04272fdb-94f7-4a60-9314-058eb83b4b4f,"-> Client, 2970299:service_8:3, function_26 60",service_8,0.125
2025-06-03 11:34:54:865,service_21,package_3.package_4.interface_19.function_27,infrastructure,57d5d46a-130d-4bbc-bff5-a6251400608b,04272fdb-94f7-4a60-9314-058eb83b4b4f,"-> Client, 2970299:service_3:6, function_27",service_3,0.006
2025-06-03 11:34:54:867,service_3,package_1.package_2.interface_1.function_1,infrastructure,57d5d46a-130d-4bbc-bff5-a6251400608b,04272fdb-94f7-4a60-9314-058eb83b4b4f,"-> Client, 2970299:service_18:224, function_1 2",service_18,0.004
2025-06-03 11:34:54:868,service_18,package_3.package_10.interface_13.function_29,infrastructure,57d5d46a-130d-4bbc-bff5-a6251400608b,04272fdb-94f7-4a60-9314-058eb83b4b4f,"-> Client, 2970299:service_8:2, function_29",service_8,0.003
2025-06-03 11:34:54:875,service_21,package_3.interface_21.function_53,infrastructure,-,-,"-> Client, 2970299:service_10:1, function_53 (CassetteSlot:Slot7,Detail_objectId:2970299:service_10:65,State:Unknown)",service_10,0.001
2025-06-03 11:34:54:891,service_21,package_3.package_4.interface_15.function_23,infrastructure,57d5d46a-130d-4bbc-bff5-a6251400608b,04272fdb-94f7-4a60-9314-058eb83b4b4f,"-> Client, 2970299:service_3:4, function_23 CartridgeDetectionBegin",service_3,0.266
2025-06-03 11:34:55:154,service_3,package_1.package_7.package_8.package_9.interface_16.function_3,infrastructure,57d5d46a-130d-4bbc-bff5-a6251400608b,04272fdb-94f7-4a60-9314-058eb83b4b4f,"-> Client, 2970299:service_4:41, function_3 X, 0.004",service_4,0.003
2025-06-03 11:34:55:160,service_3,package_1.package_7.package_8.package_9.interface_17.function_24,infrastructure,57d5d46a-130d-4bbc-bff5-a6251400608b,04272fdb-94f7-4a60-9314-058eb83b4b4f,"-> Client, 2970299:service_4:137, function_24",service_4,0.005
2025-06-03 11:34:55:162,service_4,package_3.package_10.interface_18.function_25,infrastructure,57d5d46a-130d-4bbc-bff5-a6251400608b,04272fdb-94f7-4a60-9314-058eb83b4b4f,"-> Client, 2970299:service_8:3, function_25 (MoveCorrection:,MoveType:Absolute,Parameterfunction_1:,Position:0.004,Velocity:0)",service_8,0.003
2025-06-03 11:34:55:166,service_3,package_1.package_7.package_8.package_9.interface_17.function_26,infrastructure,57d5d46a-130d-4bbc-bff5-a6251400608b,04272fdb-94f7-4a60-9314-058eb83b4b4f,"-> Client, 2970299:service_4:137, function_26 60",service_4,0.122
2025-06-03 11:34:55:168,service_4,package_3.package_10.interface_18.function_26,infrastructure,57d5d46a-130d-4bbc-bff5-a6251400608b,04272fdb-94f7-4a60-9314-058eb83b4b4f,"-> Client, 2970299:service_8:3, function_26 60",service_8,0.12
2025-06-03 11:34:55:295,service_21,package_3.package_4.interface_20.function_34,infrastructure,57d5d46a-130d-4bbc-bff5-a6251400608b,04272fdb-94f7-4a60-9314-058eb83b4b4f,"-> Client, 2970299:service_3:8, function_34",service_3,0.007
2025-06-03 11:34:55:296,service_3,package_1.package_2.interface_1.function_1,infrastructure,57d5d46a-130d-4bbc-bff5-a6251400608b,04272fdb-94f7-4a60-9314-058eb83b4b4f,"-> Client, 2970299:service_18:223, function_1 1",service_18,0.006
2025-06-03 11:34:55:298,service_18,package_3.package_10.interface_13.function_58,infrastructure,57d5d46a-130d-4bbc-bff5-a6251400608b,04272fdb-94f7-4a60-9314-058eb83b4b4f,"-> Client, 2970299:service_8:2, function_58",service_8,0.004
2025-06-03 11:34:55:307,service_21,package_3.package_4.interface_15.function_23,infrastructure,57d5d46a-130d-4bbc-bff5-a6251400608b,04272fdb-94f7-4a60-9314-058eb83b4b4f,"-> Client, 2970299:service_3:4, function_23 CartridgeDetectionEnd",service_3,0.0
2025-06-03 11:34:55:580,service_3,package_1.package_7.package_8.package_9.interface_16.function_3,infrastructure,57d5d46a-130d-4bbc-bff5-a6251400608b,04272fdb-94f7-4a60-9314-058eb83b4b4f,"-> Client, 2970299:service_4:41, function_3 X, 0.003",service_4,0.002
2025-06-03 11:34:55:584,service_3,package_1.package_7.package_8.package_9.interface_17.function_24,infrastructure,57d5d46a-130d-4bbc-bff5-a6251400608b,04272fdb-94f7-4a60-9314-058eb83b4b4f,"-> Client, 2970299:service_4:138, function_24",service_4,0.005
2025-06-03 11:34:55:585,service_4,package_3.package_10.interface_18.function_25,infrastructure,57d5d46a-130d-4bbc-bff5-a6251400608b,04272fdb-94f7-4a60-9314-058eb83b4b4f,"-> Client, 2970299:service_8:3, function_25 (MoveCorrection:,MoveType:Absolute,Parameterfunction_1:,Position:0.003,Velocity:0)",service_8,0.004
2025-06-03 11:34:55:590,service_3,package_1.package_7.package_8.package_9.interface_17.function_26,infrastructure,57d5d46a-130d-4bbc-bff5-a6251400608b,04272fdb-94f7-4a60-9314-058eb83b4b4f,"-> Client, 2970299:service_4:138, function_26 60",service_4,0.0
2025-06-03 11:34:55:591,service_4,package_3.package_10.interface_18.function_26,infrastructure,57d5d46a-130d-4bbc-bff5-a6251400608b,04272fdb-94f7-4a60-9314-058eb83b4b4f,"-> Client, 2970299:service_8:3, function_26 60",service_8,0.115
2025-06-03 11:34:55:712,service_21,package_3.package_4.interface_20.function_35,infrastructure,57d5d46a-130d-4bbc-bff5-a6251400608b,04272fdb-94f7-4a60-9314-058eb83b4b4f,"-> Client, 2970299:service_3:8, function_35",service_3,0.005
2025-06-03 11:34:55:713,service_3,package_1.package_2.interface_1.function_1,infrastructure,57d5d46a-130d-4bbc-bff5-a6251400608b,04272fdb-94f7-4a60-9314-058eb83b4b4f,"-> Client, 2970299:service_18:223, function_1 2",service_18,0.004
2025-06-03 11:34:55:714,service_18,package_3.package_10.interface_13.function_31,infrastructure,57d5d46a-130d-4bbc-bff5-a6251400608b,04272fdb-94f7-4a60-9314-058eb83b4b4f,"-> Client, 2970299:service_8:2, function_31",service_8,0.003
2025-06-03 11:34:55:727,service_21,package_3.interface_21.function_53,infrastructure,57d5d46a-130d-4bbc-bff5-a6251400608b,04272fdb-94f7-4a60-9314-058eb83b4b4f,"-> Client, 2970299:service_10:1, function_53 (CassetteSlot:Slot7,Detail_objectId:2970299:service_10:65,State:NotPresent)",service_10,0.002
2025-06-03 11:34:55:729,service_21,package_3.package_4.interface_15.function_23,infrastructure,57d5d46a-130d-4bbc-bff5-a6251400608b,04272fdb-94f7-4a60-9314-058eb83b4b4f,"-> Client, 2970299:service_3:4, function_23 Park",service_3,0.26
2025-06-03 11:34:55:986,service_3,package_1.package_7.package_8.package_9.interface_16.function_3,infrastructure,57d5d46a-130d-4bbc-bff5-a6251400608b,04272fdb-94f7-4a60-9314-058eb83b4b4f,"-> Client, 2970299:service_4:41, function_3 X, 0",service_4,0.003
2025-06-03 11:34:55:992,service_3,package_1.package_7.package_8.package_9.interface_17.function_24,infrastructure,57d5d46a-130d-4bbc-bff5-a6251400608b,04272fdb-94f7-4a60-9314-058eb83b4b4f,"-> Client, 2970299:service_4:139, function_24",service_4,0.004
2025-06-03 11:34:55:993,service_4,package_3.package_10.interface_18.function_25,infrastructure,57d5d46a-130d-4bbc-bff5-a6251400608b,04272fdb-94f7-4a60-9314-058eb83b4b4f,"-> Client, 2970299:service_8:3, function_25 (MoveCorrection:,MoveType:Absolute,Parameterfunction_1:,Position:0,Velocity:0)",service_8,0.003
2025-06-03 11:34:55:997,service_3,package_1.package_7.package_8.package_9.interface_17.function_26,infrastructure,57d5d46a-130d-4bbc-bff5-a6251400608b,04272fdb-94f7-4a60-9314-058eb83b4b4f,"-> Client, 2970299:service_4:139, function_26 60",service_4,0.129
2025-06-03 11:34:55:998,service_4,package_3.package_10.interface_18.function_26,infrastructure,57d5d46a-130d-4bbc-bff5-a6251400608b,04272fdb-94f7-4a60-9314-058eb83b4b4f,"-> Client, 2970299:service_8:3, function_26 60",service_8,0.128
2025-06-03 11:34:56:135,service_21,package_3.interface_21.function_62,infrastructure,57d5d46a-130d-4bbc-bff5-a6251400608b,04272fdb-94f7-4a60-9314-058eb83b4b4f,"-> Client, 2970299:service_10:1, function_62 (CassetteSlot:Slot7,Detail_objectId:2970299:service_10:65,State:NotPresent)",service_10,0.004
2025-06-03 11:34:56:139,service_21,package_3.interface_21.function_59,infrastructure,57d5d46a-130d-4bbc-bff5-a6251400608b,04272fdb-94f7-4a60-9314-058eb83b4b4f,"-> Client, 2970299:service_10:1, function_59",service_10,0.0
2025-06-03 11:34:56:143,service_21,package_3.interface_21.function_53,infrastructure,57d5d46a-130d-4bbc-bff5-a6251400608b,04272fdb-94f7-4a60-9314-058eb83b4b4f,"-> Client, 2970299:service_10:1, function_53 (CassetteSlot:Unknown,Detail_objectId:2970299:service_10:104,State:NotPresent)",service_10,0.003
2025-06-03 11:34:56:148,service_21,package_3.interface_21.function_62,infrastructure,57d5d46a-130d-4bbc-bff5-a6251400608b,04272fdb-94f7-4a60-9314-058eb83b4b4f,"-> Client, 2970299:service_10:1, function_62 (CassetteSlot:Slot7,Detail_objectId:2970299:service_10:65,State:NotPresent)",service_10,0.003
2025-06-03 11:34:56:218,service_21,package_3.package_4.interface_10.function_23,infrastructure,57d5d46a-130d-4bbc-bff5-a6251400608b,04272fdb-94f7-4a60-9314-058eb83b4b4f,"-> Client, 2970299:service_3:5, function_23 Slot7",service_3,0.004
2025-06-03 11:34:56:220,service_21,package_3.interface_21.function_32,infrastructure,-,-,"-> Client, 2970299:service_10:1, function_32 Unknown",service_10,0.002
2025-06-03 11:34:56:352,service_3,package_1.package_7.package_8.package_9.interface_16.function_3,infrastructure,57d5d46a-130d-4bbc-bff5-a6251400608b,04272fdb-94f7-4a60-9314-058eb83b4b4f,"-> Client, 2970299:service_4:34, function_3 Z, 0.026499999999999996",service_4,0.002
2025-06-03 11:34:56:354,service_17,package_1.package_2.interface_1.function_1,infrastructure,-,-,"-> Client, 2970299:service_19:34, function_1 3",service_19,0.002
2025-06-03 11:34:56:354,service_12,package_1.package_2.interface_1.function_1,infrastructure,-,-,"-> Client, 2970299:service_18:114, function_1 3",service_18,0.002
2025-06-03 11:34:56:356,service_3,package_1.package_7.package_8.package_9.interface_17.function_24,infrastructure,57d5d46a-130d-4bbc-bff5-a6251400608b,04272fdb-94f7-4a60-9314-058eb83b4b4f,"-> Client, 2970299:service_4:140, function_24",service_4,0.0
2025-06-03 11:34:56:358,service_4,package_3.package_10.interface_18.function_25,infrastructure,57d5d46a-130d-4bbc-bff5-a6251400608b,04272fdb-94f7-4a60-9314-058eb83b4b4f,"-> Client, 2970299:service_8:4, function_25 (MoveCorrection:,MoveType:Absolute,Parameterfunction_1:,Position:0.0265,Velocity:0)",service_8,0.003
2025-06-03 11:34:56:362,service_3,package_1.package_7.package_8.package_9.interface_17.function_26,infrastructure,57d5d46a-130d-4bbc-bff5-a6251400608b,04272fdb-94f7-4a60-9314-058eb83b4b4f,"-> Client, 2970299:service_4:140, function_26 60",service_4,0.122
2025-06-03 11:34:56:364,service_4,package_3.package_10.interface_18.function_26,infrastructure,57d5d46a-130d-4bbc-bff5-a6251400608b,04272fdb-94f7-4a60-9314-058eb83b4b4f,"-> Client, 2970299:service_8:4, function_26 60",service_8,0.12
2025-06-03 11:34:56:654,service_21,package_3.package_4.interface_20.function_34,infrastructure,57d5d46a-130d-4bbc-bff5-a6251400608b,04272fdb-94f7-4a60-9314-058eb83b4b4f,"-> Client, 2970299:service_3:9, function_34",service_3,0.001
2025-06-03 11:34:56:656,service_21,package_3.package_4.interface_20.function_35,infrastructure,57d5d46a-130d-4bbc-bff5-a6251400608b,04272fdb-94f7-4a60-9314-058eb83b4b4f,"-> Client, 2970299:service_3:9, function_35",service_3,0.002
2025-06-03 11:34:56:662,service_21,package_3.interface_21.function_32,infrastructure,57d5d46a-130d-4bbc-bff5-a6251400608b,04272fdb-94f7-4a60-9314-058eb83b4b4f,"-> Client, 2970299:service_10:1, function_32 Present",service_10,0.003
2025-06-03 11:34:56:665,service_21,package_3.interface_21.function_43,infrastructure,57d5d46a-130d-4bbc-bff5-a6251400608b,04272fdb-94f7-4a60-9314-058eb83b4b4f,"-> Client, 2970299:service_10:1, function_43 Unknown",service_10,0.002
2025-06-03 11:34:56:667,service_21,package_3.package_4.interface_22.function_44,infrastructure,57d5d46a-130d-4bbc-bff5-a6251400608b,04272fdb-94f7-4a60-9314-058eb83b4b4f,"-> Client, 2970299:service_3:2, function_44",service_3,0.005
2025-06-03 11:34:56:668,service_3,package_1.package_2.interface_1.function_1,infrastructure,57d5d46a-130d-4bbc-bff5-a6251400608b,04272fdb-94f7-4a60-9314-058eb83b4b4f,"-> Client, 2970299:service_18:226, function_1 1",service_18,0.004
2025-06-03 11:34:56:669,service_18,package_3.package_10.interface_13.function_44,infrastructure,57d5d46a-130d-4bbc-bff5-a6251400608b,04272fdb-94f7-4a60-9314-058eb83b4b4f,"-> Client, 2970299:service_8:2, function_44",service_8,0.003
2025-06-03 11:34:56:675,service_21,package_3.interface_21.function_43,infrastructure,-,-,"-> Client, 2970299:service_10:1, function_43 Unknown",service_10,0.002
2025-06-03 11:34:56:678,service_21,package_3.interface_21.function_43,infrastructure,-,-,"-> Client, 2970299:service_10:1, function_43 Unknown",service_10,0.002
2025-06-03 11:34:56:691,service_21,package_3.interface_21.function_43,infrastructure,-,-,"-> Client, 2970299:service_10:1, function_43 Unknown",service_10,0.0
2025-06-03 11:34:56:692,service_21,package_3.package_4.interface_10.function_23,infrastructure,57d5d46a-130d-4bbc-bff5-a6251400608b,04272fdb-94f7-4a60-9314-058eb83b4b4f,"-> Client, 2970299:service_3:5, function_23 Slot8",service_3,0.0
2025-06-03 11:34:56:693,service_21,package_3.interface_21.function_32,infrastructure,-,-,"-> Client, 2970299:service_10:1, function_32 Unknown",service_10,0.002
2025-06-03 11:34:56:829,service_3,package_1.package_7.package_8.package_9.interface_16.function_3,infrastructure,57d5d46a-130d-4bbc-bff5-a6251400608b,04272fdb-94f7-4a60-9314-058eb83b4b4f,"-> Client, 2970299:service_4:34, function_3 Z, 0.03",service_4,0.002
2025-06-03 11:34:56:834,service_3,package_1.package_7.package_8.package_9.interface_17.function_24,infrastructure,57d5d46a-130d-4bbc-bff5-a6251400608b,04272fdb-94f7-4a60-9314-058eb83b4b4f,"-> Client, 2970299:service_4:141, function_24",service_4,0.004
2025-06-03 11:34:56:835,service_4,package_3.package_10.interface_18.function_25,infrastructure,57d5d46a-130d-4bbc-bff5-a6251400608b,04272fdb-94f7-4a60-9314-058eb83b4b4f,"-> Client, 2970299:service_8:4, function_25 (MoveCorrection:,MoveType:Absolute,Parameterfunction_1:,Position:0.03,Velocity:0)",service_8,0.003
2025-06-03 11:34:56:839,service_3,package_1.package_7.package_8.package_9.interface_17.function_26,infrastructure,57d5d46a-130d-4bbc-bff5-a6251400608b,04272fdb-94f7-4a60-9314-058eb83b4b4f,"-> Client, 2970299:service_4:141, function_26 60",service_4,0.0
2025-06-03 11:34:56:841,service_4,package_3.package_10.interface_18.function_26,infrastructure,57d5d46a-130d-4bbc-bff5-a6251400608b,04272fdb-94f7-4a60-9314-058eb83b4b4f,"-> Client, 2970299:service_8:4, function_26 60",service_8,0.11
2025-06-03 11:34:56:958,service_21,package_3.package_4.interface_22.function_33,infrastructure,57d5d46a-130d-4bbc-bff5-a6251400608b,04272fdb-94f7-4a60-9314-058eb83b4b4f,"-> Client, 2970299:service_3:2, function_33",service_3,0.0
2025-06-03 11:34:56:960,service_3,package_1.package_2.interface_1.function_1,infrastructure,57d5d46a-130d-4bbc-bff5-a6251400608b,04272fdb-94f7-4a60-9314-058eb83b4b4f,"-> Client, 2970299:service_18:226, function_1 2",service_18,0.007
2025-06-03 11:34:56:962,service_18,package_3.package_10.interface_13.function_33,infrastructure,57d5d46a-130d-4bbc-bff5-a6251400608b,04272fdb-94f7-4a60-9314-058eb83b4b4f,"-> Client, 2970299:service_8:2, function_33",service_8,0.005
2025-06-03 11:34:57:006,service_21,package_3.interface_21.function_43,infrastructure,57d5d46a-130d-4bbc-bff5-a6251400608b,04272fdb-94f7-4a60-9314-058eb83b4b4f,"-> Client, 2970299:service_10:1, function_43 Slot8",service_10,0.004
2025-06-03 11:34:57:010,service_21,package_3.package_4.interface_10.function_23,infrastructure,57d5d46a-130d-4bbc-bff5-a6251400608b,04272fdb-94f7-4a60-9314-058eb83b4b4f,"-> Client, 2970299:service_3:5, function_23 Park",service_3,0.0
2025-06-03 11:34:57:013,service_21,package_3.interface_21.function_32,infrastructure,-,-,"-> Client, 2970299:service_10:1, function_32 Unknown",service_10,0.002
2025-06-03 11:34:57:129,service_3,package_1.package_7.package_8.package_9.interface_16.function_3,infrastructure,57d5d46a-130d-4bbc-bff5-a6251400608b,04272fdb-94f7-4a60-9314-058eb83b4b4f,"-> Client, 2970299:service_4:34, function_3 Z, 0",service_4,0.002
2025-06-03 11:34:57:134,service_3,package_1.package_7.package_8.package_9.interface_17.function_24,infrastructure,57d5d46a-130d-4bbc-bff5-a6251400608b,04272fdb-94f7-4a60-9314-058eb83b4b4f,"-> Client, 2970299:service_4:142, function_24",service_4,0.004
2025-06-03 11:34:57:135,service_4,package_3.package_10.interface_18.function_25,infrastructure,57d5d46a-130d-4bbc-bff5-a6251400608b,04272fdb-94f7-4a60-9314-058eb83b4b4f,"-> Client, 2970299:service_8:4, function_25 (MoveCorrection:,MoveType:Absolute,Parameterfunction_1:,Position:0,Velocity:0)",service_8,0.003
2025-06-03 11:34:57:140,service_3,package_1.package_7.package_8.package_9.interface_17.function_26,infrastructure,57d5d46a-130d-4bbc-bff5-a6251400608b,04272fdb-94f7-4a60-9314-058eb83b4b4f,"-> Client, 2970299:service_4:142, function_26 60",service_4,0.118
2025-06-03 11:34:57:141,service_4,package_3.package_10.interface_18.function_26,infrastructure,57d5d46a-130d-4bbc-bff5-a6251400608b,04272fdb-94f7-4a60-9314-058eb83b4b4f,"-> Client, 2970299:service_8:4, function_26 60",service_8,0.117
2025-06-03 11:34:57:411,service_21,package_3.package_4.interface_20.function_34,infrastructure,57d5d46a-130d-4bbc-bff5-a6251400608b,04272fdb-94f7-4a60-9314-058eb83b4b4f,"-> Client, 2970299:service_3:9, function_34",service_3,0.002
2025-06-03 11:34:57:414,service_21,package_3.package_4.interface_20.function_35,infrastructure,57d5d46a-130d-4bbc-bff5-a6251400608b,04272fdb-94f7-4a60-9314-058eb83b4b4f,"-> Client, 2970299:service_3:9, function_35",service_3,0.002
2025-06-03 11:34:57:421,service_21,package_3.interface_21.function_32,infrastructure,57d5d46a-130d-4bbc-bff5-a6251400608b,04272fdb-94f7-4a60-9314-058eb83b4b4f,"-> Client, 2970299:service_10:1, function_32 NotPresent",service_10,0.002
2025-06-03 11:34:57:423,service_21,package_3.package_4.interface_19.function_51,infrastructure,57d5d46a-130d-4bbc-bff5-a6251400608b,04272fdb-94f7-4a60-9314-058eb83b4b4f,"-> Client, 2970299:service_3:6, function_51",service_3,0.0
2025-06-03 11:34:57:425,service_3,package_1.package_2.interface_1.function_1,infrastructure,57d5d46a-130d-4bbc-bff5-a6251400608b,04272fdb-94f7-4a60-9314-058eb83b4b4f,"-> Client, 2970299:service_18:224, function_1 1",service_18,0.005
2025-06-03 11:34:57:426,service_18,package_3.package_10.interface_13.function_52,infrastructure,57d5d46a-130d-4bbc-bff5-a6251400608b,04272fdb-94f7-4a60-9314-058eb83b4b4f,"-> Client, 2970299:service_8:2, function_52",service_8,0.004
2025-06-03 11:34:57:435,service_21,package_3.interface_21.function_53,infrastructure,-,-,"-> Client, 2970299:service_10:1, function_53 (CassetteSlot:Unknown,Detail_objectId:2970299:service_10:105,State:Unknown)",service_10,0.003
2025-06-03 11:34:57:444,service_21,package_3.package_4.interface_15.function_23,infrastructure,57d5d46a-130d-4bbc-bff5-a6251400608b,04272fdb-94f7-4a60-9314-058eb83b4b4f,"-> Client, 2970299:service_3:4, function_23 Docker",service_3,0.0
2025-06-03 11:34:57:445,service_21,package_3.interface_21.function_53,infrastructure,-,-,"-> Client, 2970299:service_10:1, function_53 (CassetteSlot:Unknown,Detail_objectId:2970299:service_10:105,State:Unknown)",service_10,0.002
2025-06-03 11:34:57:669,service_3,package_1.package_7.package_8.package_9.interface_16.function_3,infrastructure,57d5d46a-130d-4bbc-bff5-a6251400608b,04272fdb-94f7-4a60-9314-058eb83b4b4f,"-> Client, 2970299:service_4:41, function_3 X, 0.018",service_4,0.003
2025-06-03 11:34:57:674,service_3,package_1.package_7.package_8.package_9.interface_17.function_24,infrastructure,57d5d46a-130d-4bbc-bff5-a6251400608b,04272fdb-94f7-4a60-9314-058eb83b4b4f,"-> Client, 2970299:service_4:143, function_24",service_4,0.003
2025-06-03 11:34:57:675,service_4,package_3.package_10.interface_18.function_25,infrastructure,57d5d46a-130d-4bbc-bff5-a6251400608b,04272fdb-94f7-4a60-9314-058eb83b4b4f,"-> Client, 2970299:service_8:3, function_25 (MoveCorrection:,MoveType:Absolute,Parameterfunction_1:,Position:0.018,Velocity:0)",service_8,0.002
2025-06-03 11:34:57:678,service_3,package_1.package_7.package_8.package_9.interface_17.function_26,infrastructure,57d5d46a-130d-4bbc-bff5-a6251400608b,04272fdb-94f7-4a60-9314-058eb83b4b4f,"-> Client, 2970299:service_4:143, function_26 60",service_4,0.119
2025-06-03 11:34:57:679,service_4,package_3.package_10.interface_18.function_26,infrastructure,57d5d46a-130d-4bbc-bff5-a6251400608b,04272fdb-94f7-4a60-9314-058eb83b4b4f,"-> Client, 2970299:service_8:3, function_26 60",service_8,0.118
2025-06-03 11:34:57:803,service_21,package_3.package_4.interface_19.function_27,infrastructure,57d5d46a-130d-4bbc-bff5-a6251400608b,04272fdb-94f7-4a60-9314-058eb83b4b4f,"-> Client, 2970299:service_3:6, function_27",service_3,0.0
2025-06-03 11:34:57:805,service_3,package_1.package_2.interface_1.function_1,infrastructure,57d5d46a-130d-4bbc-bff5-a6251400608b,04272fdb-94f7-4a60-9314-058eb83b4b4f,"-> Client, 2970299:service_18:224, function_1 2",service_18,0.005
2025-06-03 11:34:57:806,service_18,package_3.package_10.interface_13.function_29,infrastructure,57d5d46a-130d-4bbc-bff5-a6251400608b,04272fdb-94f7-4a60-9314-058eb83b4b4f,"-> Client, 2970299:service_8:2, function_29",service_8,0.004
2025-06-03 11:34:57:814,service_21,package_3.interface_21.function_53,infrastructure,-,-,"-> Client, 2970299:service_10:1, function_53 (CassetteSlot:Unknown,Detail_objectId:2970299:service_10:105,State:Unknown)",service_10,0.001
2025-06-03 11:34:57:832,service_21,package_3.interface_21.function_59,infrastructure,57d5d46a-130d-4bbc-bff5-a6251400608b,04272fdb-94f7-4a60-9314-058eb83b4b4f,"-> Client, 2970299:service_10:1, function_59",service_10,0.002
2025-06-03 11:34:57:834,service_21,package_3.interface_21.function_62,infrastructure,57d5d46a-130d-4bbc-bff5-a6251400608b,04272fdb-94f7-4a60-9314-058eb83b4b4f,"-> Client, 2970299:service_10:1, function_62 (CassetteSlot:Slot8,Detail_objectId:2970299:service_10:106,State:NotPresent)",service_10,0.0
2025-06-03 11:34:57:839,service_21,package_3.interface_21.function_53,infrastructure,57d5d46a-130d-4bbc-bff5-a6251400608b,04272fdb-94f7-4a60-9314-058eb83b4b4f,"-> Client, 2970299:service_10:1, function_53 (CassetteSlot:Slot8,Detail_objectId:2970299:service_10:66,State:NotPresent)",service_10,0.003
2025-06-03 11:34:57:846,service_21,package_3.package_4.interface_15.function_23,infrastructure,57d5d46a-130d-4bbc-bff5-a6251400608b,04272fdb-94f7-4a60-9314-058eb83b4b4f,"-> Client, 2970299:service_3:4, function_23 CartridgeDetectionBegin",service_3,0.252
2025-06-03 11:34:58:095,service_3,package_1.package_7.package_8.package_9.interface_16.function_3,infrastructure,57d5d46a-130d-4bbc-bff5-a6251400608b,04272fdb-94f7-4a60-9314-058eb83b4b4f,"-> Client, 2970299:service_4:41, function_3 X, 0.004",service_4,0.003
2025-06-03 11:34:58:100,service_3,package_1.package_7.package_8.package_9.interface_17.function_24,infrastructure,57d5d46a-130d-4bbc-bff5-a6251400608b,04272fdb-94f7-4a60-9314-058eb83b4b4f,"-> Client, 2970299:service_4:144, function_24",service_4,0.004
2025-06-03 11:34:58:101,service_4,package_3.package_10.interface_18.function_25,infrastructure,57d5d46a-130d-4bbc-bff5-a6251400608b,04272fdb-94f7-4a60-9314-058eb83b4b4f,"-> Client, 2970299:service_8:3, function_25 (MoveCorrection:,MoveType:Absolute,Parameterfunction_1:,Position:0.004,Velocity:0)",service_8,0.003
2025-06-03 11:34:58:105,service_3,package_1.package_7.package_8.package_9.interface_17.function_26,infrastructure,57d5d46a-130d-4bbc-bff5-a6251400608b,04272fdb-94f7-4a60-9314-058eb83b4b4f,"-> Client, 2970299:service_4:144, function_26 60",service_4,0.122
2025-06-03 11:34:58:106,service_4,package_3.package_10.interface_18.function_26,infrastructure,57d5d46a-130d-4bbc-bff5-a6251400608b,04272fdb-94f7-4a60-9314-058eb83b4b4f,"-> Client, 2970299:service_8:3, function_26 60",service_8,0.121
2025-06-03 11:34:58:233,service_21,package_3.package_4.interface_20.function_34,infrastructure,57d5d46a-130d-4bbc-bff5-a6251400608b,04272fdb-94f7-4a60-9314-058eb83b4b4f,"-> Client, 2970299:service_3:8, function_34",service_3,0.0
2025-06-03 11:34:58:234,service_3,package_1.package_2.interface_1.function_1,infrastructure,57d5d46a-130d-4bbc-bff5-a6251400608b,04272fdb-94f7-4a60-9314-058eb83b4b4f,"-> Client, 2970299:service_18:223, function_1 1",service_18,0.005
2025-06-03 11:34:58:236,service_18,package_3.package_10.interface_13.function_58,infrastructure,57d5d46a-130d-4bbc-bff5-a6251400608b,04272fdb-94f7-4a60-9314-058eb83b4b4f,"-> Client, 2970299:service_8:2, function_58",service_8,0.003
2025-06-03 11:34:58:243,service_21,package_3.package_4.interface_15.function_23,infrastructure,57d5d46a-130d-4bbc-bff5-a6251400608b,04272fdb-94f7-4a60-9314-058eb83b4b4f,"-> Client, 2970299:service_3:4, function_23 CartridgeDetectionEnd",service_3,0.292
2025-06-03 11:34:58:531,service_3,package_1.package_7.package_8.package_9.interface_16.function_3,infrastructure,57d5d46a-130d-4bbc-bff5-a6251400608b,04272fdb-94f7-4a60-9314-058eb83b4b4f,"-> Client, 2970299:service_4:41, function_3 X, 0.003",service_4,0.004
2025-06-03 11:34:58:538,service_3,package_1.package_7.package_8.package_9.interface_17.function_24,infrastructure,57d5d46a-130d-4bbc-bff5-a6251400608b,04272fdb-94f7-4a60-9314-058eb83b4b4f,"-> Client, 2970299:service_4:145, function_24",service_4,0.005
2025-06-03 11:34:58:540,service_4,package_3.package_10.interface_18.function_25,infrastructure,57d5d46a-130d-4bbc-bff5-a6251400608b,04272fdb-94f7-4a60-9314-058eb83b4b4f,"-> Client, 2970299:service_8:3, function_25 (MoveCorrection:,MoveType:Absolute,Parameterfunction_1:,Position:0.003,Velocity:0)",service_8,0.003
2025-06-03 11:34:58:545,service_3,package_1.package_7.package_8.package_9.interface_17.function_26,infrastructure,57d5d46a-130d-4bbc-bff5-a6251400608b,04272fdb-94f7-4a60-9314-058eb83b4b4f,"-> Client, 2970299:service_4:145, function_26 60",service_4,0.114
2025-06-03 11:34:58:546,service_4,package_3.package_10.interface_18.function_26,infrastructure,57d5d46a-130d-4bbc-bff5-a6251400608b,04272fdb-94f7-4a60-9314-058eb83b4b4f,"-> Client, 2970299:service_8:3, function_26 60",service_8,0.113
2025-06-03 11:34:58:667,service_21,package_3.package_4.interface_20.function_35,infrastructure,57d5d46a-130d-4bbc-bff5-a6251400608b,04272fdb-94f7-4a60-9314-058eb83b4b4f,"-> Client, 2970299:service_3:8, function_35",service_3,0.007
2025-06-03 11:34:58:668,service_3,package_1.package_2.interface_1.function_1,infrastructure,57d5d46a-130d-4bbc-bff5-a6251400608b,04272fdb-94f7-4a60-9314-058eb83b4b4f,"-> Client, 2970299:service_18:223, function_1 2",service_18,0.006
2025-06-03 11:34:58:670,service_18,package_3.package_10.interface_13.function_31,infrastructure,57d5d46a-130d-4bbc-bff5-a6251400608b,04272fdb-94f7-4a60-9314-058eb83b4b4f,"-> Client, 2970299:service_8:2, function_31",service_8,0.004
2025-06-03 11:34:58:687,service_21,package_3.interface_21.function_53,infrastructure,57d5d46a-130d-4bbc-bff5-a6251400608b,04272fdb-94f7-4a60-9314-058eb83b4b4f,"-> Client, 2970299:service_10:1, function_53 (CassetteSlot:Slot8,Detail_objectId:2970299:service_10:66,State:NotPresent)",service_10,0.002
2025-06-03 11:34:58:691,service_21,package_3.package_4.interface_15.function_23,infrastructure,57d5d46a-130d-4bbc-bff5-a6251400608b,04272fdb-94f7-4a60-9314-058eb83b4b4f,"-> Client, 2970299:service_3:4, function_23 Docker",service_3,0.258
2025-06-03 11:34:58:946,service_3,package_1.package_7.package_8.package_9.interface_16.function_3,infrastructure,57d5d46a-130d-4bbc-bff5-a6251400608b,04272fdb-94f7-4a60-9314-058eb83b4b4f,"-> Client, 2970299:service_4:41, function_3 X, 0.018",service_4,0.003
2025-06-03 11:34:58:951,service_3,package_1.package_7.package_8.package_9.interface_17.function_24,infrastructure,57d5d46a-130d-4bbc-bff5-a6251400608b,04272fdb-94f7-4a60-9314-058eb83b4b4f,"-> Client, 2970299:service_4:146, function_24",service_4,0.005
2025-06-03 11:34:58:952,service_4,package_3.package_10.interface_18.function_25,infrastructure,57d5d46a-130d-4bbc-bff5-a6251400608b,04272fdb-94f7-4a60-9314-058eb83b4b4f,"-> Client, 2970299:service_8:3, function_25 (MoveCorrection:,MoveType:Absolute,Parameterfunction_1:,Position:0.018,Velocity:0)",service_8,0.004
2025-06-03 11:34:58:957,service_3,package_1.package_7.package_8.package_9.interface_17.function_26,infrastructure,57d5d46a-130d-4bbc-bff5-a6251400608b,04272fdb-94f7-4a60-9314-058eb83b4b4f,"-> Client, 2970299:service_4:146, function_26 60",service_4,0.118
2025-06-03 11:34:58:958,service_4,package_3.package_10.interface_18.function_26,infrastructure,57d5d46a-130d-4bbc-bff5-a6251400608b,04272fdb-94f7-4a60-9314-058eb83b4b4f,"-> Client, 2970299:service_8:3, function_26 60",service_8,0.117
2025-06-03 11:34:59:085,service_21,package_3.package_4.interface_19.function_51,infrastructure,57d5d46a-130d-4bbc-bff5-a6251400608b,04272fdb-94f7-4a60-9314-058eb83b4b4f,"-> Client, 2970299:service_3:6, function_51",service_3,0.006
2025-06-03 11:34:59:086,service_3,package_1.package_2.interface_1.function_1,infrastructure,57d5d46a-130d-4bbc-bff5-a6251400608b,04272fdb-94f7-4a60-9314-058eb83b4b4f,"-> Client, 2970299:service_18:224, function_1 1",service_18,0.005
2025-06-03 11:34:59:088,service_18,package_3.package_10.interface_13.function_52,infrastructure,57d5d46a-130d-4bbc-bff5-a6251400608b,04272fdb-94f7-4a60-9314-058eb83b4b4f,"-> Client, 2970299:service_8:2, function_52",service_8,0.003
2025-06-03 11:34:59:097,service_21,package_3.interface_21.function_53,infrastructure,-,-,"-> Client, 2970299:service_10:1, function_53 (CassetteSlot:Slot8,Detail_objectId:2970299:service_10:66,State:Unknown)",service_10,0.002
2025-06-03 11:34:59:119,service_21,package_3.package_4.interface_15.function_23,infrastructure,57d5d46a-130d-4bbc-bff5-a6251400608b,04272fdb-94f7-4a60-9314-058eb83b4b4f,"-> Client, 2970299:service_3:4, function_23 CartridgeDetectionBegin",service_3,0.0
2025-06-03 11:34:59:120,service_21,package_3.interface_21.function_53,infrastructure,-,-,"-> Client, 2970299:service_10:1, function_53 (CassetteSlot:Slot8,Detail_objectId:2970299:service_10:66,State:Unknown)",service_10,0.002
2025-06-03 11:34:59:346,service_3,package_1.package_7.package_8.package_9.interface_16.function_3,infrastructure,57d5d46a-130d-4bbc-bff5-a6251400608b,04272fdb-94f7-4a60-9314-058eb83b4b4f,"-> Client, 2970299:service_4:41, function_3 X, 0.004",service_4,0.003
2025-06-03 11:34:59:352,service_3,package_1.package_7.package_8.package_9.interface_17.function_24,infrastructure,57d5d46a-130d-4bbc-bff5-a6251400608b,04272fdb-94f7-4a60-9314-058eb83b4b4f,"-> Client, 2970299:service_4:147, function_24",service_4,0.005
2025-06-03 11:34:59:353,service_4,package_3.package_10.interface_18.function_25,infrastructure,57d5d46a-130d-4bbc-bff5-a6251400608b,04272fdb-94f7-4a60-9314-058eb83b4b4f,"-> Client, 2970299:service_8:3, function_25 (MoveCorrection:,MoveType:Absolute,Parameterfunction_1:,Position:0.004,Velocity:0)",service_8,0.004
2025-06-03 11:34:59:359,service_3,package_1.package_7.package_8.package_9.interface_17.function_26,infrastructure,57d5d46a-130d-4bbc-bff5-a6251400608b,04272fdb-94f7-4a60-9314-058eb83b4b4f,"-> Client, 2970299:service_4:147, function_26 60",service_4,0.116
2025-06-03 11:34:59:360,service_4,package_3.package_10.interface_18.function_26,infrastructure,57d5d46a-130d-4bbc-bff5-a6251400608b,04272fdb-94f7-4a60-9314-058eb83b4b4f,"-> Client, 2970299:service_8:3, function_26 60",service_8,0.115
2025-06-03 11:34:59:482,service_21,package_3.package_4.interface_19.function_27,infrastructure,57d5d46a-130d-4bbc-bff5-a6251400608b,04272fdb-94f7-4a60-9314-058eb83b4b4f,"-> Client, 2970299:service_3:6, function_27",service_3,0.006
2025-06-03 11:34:59:483,service_3,package_1.package_2.interface_1.function_1,infrastructure,57d5d46a-130d-4bbc-bff5-a6251400608b,04272fdb-94f7-4a60-9314-058eb83b4b4f,"-> Client, 2970299:service_18:224, function_1 2",service_18,0.005
2025-06-03 11:34:59:485,service_18,package_3.package_10.interface_13.function_29,infrastructure,57d5d46a-130d-4bbc-bff5-a6251400608b,04272fdb-94f7-4a60-9314-058eb83b4b4f,"-> Client, 2970299:service_8:2, function_29",service_8,0.003
2025-06-03 11:34:59:492,service_21,package_3.interface_21.function_53,infrastructure,-,-,"-> Client, 2970299:service_10:1, function_53 (CassetteSlot:Slot8,Detail_objectId:2970299:service_10:66,State:Unknown)",service_10,0.002
2025-06-03 11:34:59:510,service_21,package_3.package_4.interface_15.function_23,infrastructure,57d5d46a-130d-4bbc-bff5-a6251400608b,04272fdb-94f7-4a60-9314-058eb83b4b4f,"-> Client, 2970299:service_3:4, function_23 CartridgeDetectionBegin",service_3,0.269
2025-06-03 11:34:59:776,service_3,package_1.package_7.package_8.package_9.interface_16.function_3,infrastructure,57d5d46a-130d-4bbc-bff5-a6251400608b,04272fdb-94f7-4a60-9314-058eb83b4b4f,"-> Client, 2970299:service_4:41, function_3 X, 0.004",service_4,0.003
2025-06-03 11:34:59:782,service_3,package_1.package_7.package_8.package_9.interface_17.function_24,infrastructure,57d5d46a-130d-4bbc-bff5-a6251400608b,04272fdb-94f7-4a60-9314-058eb83b4b4f,"-> Client, 2970299:service_4:148, function_24",service_4,0.004
2025-06-03 11:34:59:783,service_4,package_3.package_10.interface_18.function_25,infrastructure,57d5d46a-130d-4bbc-bff5-a6251400608b,04272fdb-94f7-4a60-9314-058eb83b4b4f,"-> Client, 2970299:service_8:3, function_25 (MoveCorrection:,MoveType:Absolute,Parameterfunction_1:,Position:0.004,Velocity:0)",service_8,0.003
2025-06-03 11:34:59:788,service_3,package_1.package_7.package_8.package_9.interface_17.function_26,infrastructure,57d5d46a-130d-4bbc-bff5-a6251400608b,04272fdb-94f7-4a60-9314-058eb83b4b4f,"-> Client, 2970299:service_4:148, function_26 60",service_4,0.114
2025-06-03 11:34:59:789,service_4,package_3.package_10.interface_18.function_26,infrastructure,57d5d46a-130d-4bbc-bff5-a6251400608b,04272fdb-94f7-4a60-9314-058eb83b4b4f,"-> Client, 2970299:service_8:3, function_26 60",service_8,0.113
2025-06-03 11:34:59:909,service_21,package_3.package_4.interface_20.function_34,infrastructure,57d5d46a-130d-4bbc-bff5-a6251400608b,04272fdb-94f7-4a60-9314-058eb83b4b4f,"-> Client, 2970299:service_3:8, function_34",service_3,0.0
2025-06-03 11:34:59:911,service_3,package_1.package_2.interface_1.function_1,infrastructure,57d5d46a-130d-4bbc-bff5-a6251400608b,04272fdb-94f7-4a60-9314-058eb83b4b4f,"-> Client, 2970299:service_18:223, function_1 1",service_18,0.006
2025-06-03 11:34:59:913,service_18,package_3.package_10.interface_13.function_58,infrastructure,57d5d46a-130d-4bbc-bff5-a6251400608b,04272fdb-94f7-4a60-9314-058eb83b4b4f,"-> Client, 2970299:service_8:2, function_58",service_8,0.004
2025-06-03 11:34:59:922,service_21,package_3.package_4.interface_15.function_23,infrastructure,57d5d46a-130d-4bbc-bff5-a6251400608b,04272fdb-94f7-4a60-9314-058eb83b4b4f,"-> Client, 2970299:service_3:4, function_23 CartridgeDetectionEnd",service_3,0.0
2025-06-03 11:35:00:184,service_3,package_1.package_7.package_8.package_9.interface_16.function_3,infrastructure,57d5d46a-130d-4bbc-bff5-a6251400608b,04272fdb-94f7-4a60-9314-058eb83b4b4f,"-> Client, 2970299:service_4:41, function_3 X, 0.003",service_4,0.002
2025-06-03 11:35:00:188,service_3,package_1.package_7.package_8.package_9.interface_17.function_24,infrastructure,57d5d46a-130d-4bbc-bff5-a6251400608b,04272fdb-94f7-4a60-9314-058eb83b4b4f,"-> Client, 2970299:service_4:149, function_24",service_4,0.005
2025-06-03 11:35:00:189,service_4,package_3.package_10.interface_18.function_25,infrastructure,57d5d46a-130d-4bbc-bff5-a6251400608b,04272fdb-94f7-4a60-9314-058eb83b4b4f,"-> Client, 2970299:service_8:3, function_25 (MoveCorrection:,MoveType:Absolute,Parameterfunction_1:,Position:0.003,Velocity:0)",service_8,0.004
2025-06-03 11:35:00:195,service_3,package_1.package_7.package_8.package_9.interface_17.function_26,infrastructure,57d5d46a-130d-4bbc-bff5-a6251400608b,04272fdb-94f7-4a60-9314-058eb83b4b4f,"-> Client, 2970299:service_4:149, function_26 60",service_4,0.111
2025-06-03 11:35:00:197,service_4,package_3.package_10.interface_18.function_26,infrastructure,57d5d46a-130d-4bbc-bff5-a6251400608b,04272fdb-94f7-4a60-9314-058eb83b4b4f,"-> Client, 2970299:service_8:3, function_26 60",service_8,0.109
2025-06-03 11:35:00:313,service_21,package_3.package_4.interface_20.function_35,infrastructure,57d5d46a-130d-4bbc-bff5-a6251400608b,04272fdb-94f7-4a60-9314-058eb83b4b4f,"-> Client, 2970299:service_3:8, function_35",service_3,0.0
2025-06-03 11:35:00:314,service_3,package_1.package_2.interface_1.function_1,infrastructure,57d5d46a-130d-4bbc-bff5-a6251400608b,04272fdb-94f7-4a60-9314-058eb83b4b4f,"-> Client, 2970299:service_18:223, function_1 2",service_18,0.006
2025-06-03 11:35:00:316,service_18,package_3.package_10.interface_13.function_31,infrastructure,57d5d46a-130d-4bbc-bff5-a6251400608b,04272fdb-94f7-4a60-9314-058eb83b4b4f,"-> Client, 2970299:service_8:2, function_31",service_8,0.004
2025-06-03 11:35:00:330,service_21,package_3.interface_21.function_53,infrastructure,57d5d46a-130d-4bbc-bff5-a6251400608b,04272fdb-94f7-4a60-9314-058eb83b4b4f,"-> Client, 2970299:service_10:1, function_53 (CassetteSlot:Slot8,Detail_objectId:2970299:service_10:66,State:NotPresent)",service_10,0.002
2025-06-03 11:35:00:332,service_21,package_3.package_4.interface_15.function_23,infrastructure,57d5d46a-130d-4bbc-bff5-a6251400608b,04272fdb-94f7-4a60-9314-058eb83b4b4f,"-> Client, 2970299:service_3:4, function_23 Park",service_3,0.0
2025-06-03 11:35:00:595,service_3,package_1.package_7.package_8.package_9.interface_16.function_3,infrastructure,57d5d46a-130d-4bbc-bff5-a6251400608b,04272fdb-94f7-4a60-9314-058eb83b4b4f,"-> Client, 2970299:service_4:41, function_3 X, 0",service_4,0.003
2025-06-03 11:35:00:601,service_3,package_1.package_7.package_8.package_9.interface_17.function_24,infrastructure,57d5d46a-130d-4bbc-bff5-a6251400608b,04272fdb-94f7-4a60-9314-058eb83b4b4f,"-> Client, 2970299:service_4:150, function_24",service_4,0.005
2025-06-03 11:35:00:603,service_4,package_3.package_10.interface_18.function_25,infrastructure,57d5d46a-130d-4bbc-bff5-a6251400608b,04272fdb-94f7-4a60-9314-058eb83b4b4f,"-> Client, 2970299:service_8:3, function_25 (MoveCorrection:,MoveType:Absolute,Parameterfunction_1:,Position:0,Velocity:0)",service_8,0.003
2025-06-03 11:35:00:608,service_3,package_1.package_7.package_8.package_9.interface_17.function_26,infrastructure,57d5d46a-130d-4bbc-bff5-a6251400608b,04272fdb-94f7-4a60-9314-058eb83b4b4f,"-> Client, 2970299:service_4:150, function_26 60",service_4,0.116
2025-06-03 11:35:00:609,service_4,package_3.package_10.interface_18.function_26,infrastructure,57d5d46a-130d-4bbc-bff5-a6251400608b,04272fdb-94f7-4a60-9314-058eb83b4b4f,"-> Client, 2970299:service_8:3, function_26 60",service_8,0.115
2025-06-03 11:35:00:735,service_21,package_3.interface_21.function_62,infrastructure,57d5d46a-130d-4bbc-bff5-a6251400608b,04272fdb-94f7-4a60-9314-058eb83b4b4f,"-> Client, 2970299:service_10:1, function_62 (CassetteSlot:Slot8,Detail_objectId:2970299:service_10:66,State:NotPresent)",service_10,0.004
2025-06-03 11:35:00:739,service_21,package_3.interface_21.function_59,infrastructure,57d5d46a-130d-4bbc-bff5-a6251400608b,04272fdb-94f7-4a60-9314-058eb83b4b4f,"-> Client, 2970299:service_10:1, function_59",service_10,0.003
2025-06-03 11:35:00:743,service_21,package_3.interface_21.function_53,infrastructure,57d5d46a-130d-4bbc-bff5-a6251400608b,04272fdb-94f7-4a60-9314-058eb83b4b4f,"-> Client, 2970299:service_10:1, function_53 (CassetteSlot:Unknown,Detail_objectId:2970299:service_10:107,State:NotPresent)",service_10,0.002
2025-06-03 11:35:00:747,service_21,package_3.interface_21.function_62,infrastructure,57d5d46a-130d-4bbc-bff5-a6251400608b,04272fdb-94f7-4a60-9314-058eb83b4b4f,"-> Client, 2970299:service_10:1, function_62 (CassetteSlot:Slot8,Detail_objectId:2970299:service_10:66,State:NotPresent)",service_10,0.003
2025-06-03 11:35:00:807,service_21,package_3.package_4.interface_10.function_23,infrastructure,57d5d46a-130d-4bbc-bff5-a6251400608b,04272fdb-94f7-4a60-9314-058eb83b4b4f,"-> Client, 2970299:service_3:5, function_23 Slot8",service_3,0.004
2025-06-03 11:35:00:809,service_21,package_3.interface_21.function_32,infrastructure,-,-,"-> Client, 2970299:service_10:1, function_32 Unknown",service_10,0.002
2025-06-03 11:35:00:942,service_3,package_1.package_7.package_8.package_9.interface_16.function_3,infrastructure,57d5d46a-130d-4bbc-bff5-a6251400608b,04272fdb-94f7-4a60-9314-058eb83b4b4f,"-> Client, 2970299:service_4:34, function_3 Z, 0.03",service_4,0.004
2025-06-03 11:35:00:949,service_3,package_1.package_7.package_8.package_9.interface_17.function_24,infrastructure,57d5d46a-130d-4bbc-bff5-a6251400608b,04272fdb-94f7-4a60-9314-058eb83b4b4f,"-> Client, 2970299:service_4:151, function_24",service_4,0.005
2025-06-03 11:35:00:950,service_4,package_3.package_10.interface_18.function_25,infrastructure,57d5d46a-130d-4bbc-bff5-a6251400608b,04272fdb-94f7-4a60-9314-058eb83b4b4f,"-> Client, 2970299:service_8:4, function_25 (MoveCorrection:,MoveType:Absolute,Parameterfunction_1:,Position:0.03,Velocity:0)",service_8,0.004
2025-06-03 11:35:00:955,service_3,package_1.package_7.package_8.package_9.interface_17.function_26,infrastructure,57d5d46a-130d-4bbc-bff5-a6251400608b,04272fdb-94f7-4a60-9314-058eb83b4b4f,"-> Client, 2970299:service_4:151, function_26 60",service_4,0.122
2025-06-03 11:35:00:957,service_4,package_3.package_10.interface_18.function_26,infrastructure,57d5d46a-130d-4bbc-bff5-a6251400608b,04272fdb-94f7-4a60-9314-058eb83b4b4f,"-> Client, 2970299:service_8:4, function_26 60",service_8,0.12
2025-06-03 11:35:01:226,service_21,package_3.package_4.interface_20.function_34,infrastructure,57d5d46a-130d-4bbc-bff5-a6251400608b,04272fdb-94f7-4a60-9314-058eb83b4b4f,"-> Client, 2970299:service_3:9, function_34",service_3,0.003
2025-06-03 11:35:01:229,service_21,package_3.package_4.interface_20.function_35,infrastructure,57d5d46a-130d-4bbc-bff5-a6251400608b,04272fdb-94f7-4a60-9314-058eb83b4b4f,"-> Client, 2970299:service_3:9, function_35",service_3,0.003
2025-06-03 11:35:01:237,service_21,package_3.interface_21.function_32,infrastructure,57d5d46a-130d-4bbc-bff5-a6251400608b,04272fdb-94f7-4a60-9314-058eb83b4b4f,"-> Client, 2970299:service_10:1, function_32 Present",service_10,0.003
2025-06-03 11:35:01:240,service_21,package_3.interface_21.function_43,infrastructure,57d5d46a-130d-4bbc-bff5-a6251400608b,04272fdb-94f7-4a60-9314-058eb83b4b4f,"-> Client, 2970299:service_10:1, function_43 Unknown",service_10,0.003
2025-06-03 11:35:01:243,service_21,package_3.package_4.interface_22.function_44,infrastructure,57d5d46a-130d-4bbc-bff5-a6251400608b,04272fdb-94f7-4a60-9314-058eb83b4b4f,"-> Client, 2970299:service_3:2, function_44",service_3,0.0
2025-06-03 11:35:01:245,service_3,package_1.package_2.interface_1.function_1,infrastructure,57d5d46a-130d-4bbc-bff5-a6251400608b,04272fdb-94f7-4a60-9314-058eb83b4b4f,"-> Client, 2970299:service_18:226, function_1 1",service_18,0.005
2025-06-03 11:35:01:247,service_18,package_3.package_10.interface_13.function_44,infrastructure,57d5d46a-130d-4bbc-bff5-a6251400608b,04272fdb-94f7-4a60-9314-058eb83b4b4f,"-> Client, 2970299:service_8:2, function_44",service_8,0.003
2025-06-03 11:35:01:254,service_21,package_3.interface_21.function_43,infrastructure,-,-,"-> Client, 2970299:service_10:1, function_43 Unknown",service_10,0.002
2025-06-03 11:35:01:257,service_21,package_3.interface_21.function_43,infrastructure,-,-,"-> Client, 2970299:service_10:1, function_43 Unknown",service_10,0.003
2025-06-03 11:35:01:280,service_21,package_3.interface_21.function_43,infrastructure,-,-,"-> Client, 2970299:service_10:1, function_43 Unknown",service_10,0.001
2025-06-03 11:35:01:281,service_21,package_3.package_4.interface_10.function_23,infrastructure,57d5d46a-130d-4bbc-bff5-a6251400608b,04272fdb-94f7-4a60-9314-058eb83b4b4f,"-> Client, 2970299:service_3:5, function_23 Slot9",service_3,0.001
2025-06-03 11:35:01:284,service_21,package_3.interface_21.function_32,infrastructure,-,-,"-> Client, 2970299:service_10:1, function_32 Unknown",service_10,0.003
2025-06-03 11:35:01:422,service_3,package_1.package_7.package_8.package_9.interface_16.function_3,infrastructure,57d5d46a-130d-4bbc-bff5-a6251400608b,04272fdb-94f7-4a60-9314-058eb83b4b4f,"-> Client, 2970299:service_4:34, function_3 Z, 0.033499999999999995",service_4,0.002
2025-06-03 11:35:01:426,service_3,package_1.package_7.package_8.package_9.interface_17.function_24,infrastructure,57d5d46a-130d-4bbc-bff5-a6251400608b,04272fdb-94f7-4a60-9314-058eb83b4b4f,"-> Client, 2970299:service_4:152, function_24",service_4,0.006
2025-06-03 11:35:01:428,service_4,package_3.package_10.interface_18.function_25,infrastructure,57d5d46a-130d-4bbc-bff5-a6251400608b,04272fdb-94f7-4a60-9314-058eb83b4b4f,"-> Client, 2970299:service_8:4, function_25 (MoveCorrection:,MoveType:Absolute,Parameterfunction_1:,Position:0.0335,Velocity:0)",service_8,0.004
2025-06-03 11:35:01:434,service_3,package_1.package_7.package_8.package_9.interface_17.function_26,infrastructure,57d5d46a-130d-4bbc-bff5-a6251400608b,04272fdb-94f7-4a60-9314-058eb83b4b4f,"-> Client, 2970299:service_4:152, function_26 60",service_4,0.115
2025-06-03 11:35:01:435,service_4,package_3.package_10.interface_18.function_26,infrastructure,57d5d46a-130d-4bbc-bff5-a6251400608b,04272fdb-94f7-4a60-9314-058eb83b4b4f,"-> Client, 2970299:service_8:4, function_26 60",service_8,0.114
2025-06-03 11:35:01:554,service_21,package_3.package_4.interface_22.function_33,infrastructure,57d5d46a-130d-4bbc-bff5-a6251400608b,04272fdb-94f7-4a60-9314-058eb83b4b4f,"-> Client, 2970299:service_3:2, function_33",service_3,0.0
2025-06-03 11:35:01:556,service_3,package_1.package_2.interface_1.function_1,infrastructure,57d5d46a-130d-4bbc-bff5-a6251400608b,04272fdb-94f7-4a60-9314-058eb83b4b4f,"-> Client, 2970299:service_18:226, function_1 2",service_18,0.006
2025-06-03 11:35:01:558,service_18,package_3.package_10.interface_13.function_33,infrastructure,57d5d46a-130d-4bbc-bff5-a6251400608b,04272fdb-94f7-4a60-9314-058eb83b4b4f,"-> Client, 2970299:service_8:2, function_33",service_8,0.004
2025-06-03 11:35:01:606,service_21,package_3.interface_21.function_43,infrastructure,57d5d46a-130d-4bbc-bff5-a6251400608b,04272fdb-94f7-4a60-9314-058eb83b4b4f,"-> Client, 2970299:service_10:1, function_43 Slot9",service_10,0.002
2025-06-03 11:35:01:609,service_21,package_3.package_4.interface_10.function_23,infrastructure,57d5d46a-130d-4bbc-bff5-a6251400608b,04272fdb-94f7-4a60-9314-058eb83b4b4f,"-> Client, 2970299:service_3:5, function_23 Park",service_3,0.005
2025-06-03 11:35:01:611,service_21,package_3.interface_21.function_32,infrastructure,-,-,"-> Client, 2970299:service_10:1, function_32 Unknown",service_10,0.003
2025-06-03 11:35:01:744,service_3,package_1.package_7.package_8.package_9.interface_16.function_3,infrastructure,57d5d46a-130d-4bbc-bff5-a6251400608b,04272fdb-94f7-4a60-9314-058eb83b4b4f,"-> Client, 2970299:service_4:34, function_3 Z, 0",service_4,0.002
2025-06-03 11:35:01:747,service_3,package_1.package_7.package_8.package_9.interface_17.function_24,infrastructure,57d5d46a-130d-4bbc-bff5-a6251400608b,04272fdb-94f7-4a60-9314-058eb83b4b4f,"-> Client, 2970299:service_4:153, function_24",service_4,0.004
2025-06-03 11:35:01:748,service_4,package_3.package_10.interface_18.function_25,infrastructure,57d5d46a-130d-4bbc-bff5-a6251400608b,04272fdb-94f7-4a60-9314-058eb83b4b4f,"-> Client, 2970299:service_8:4, function_25 (MoveCorrection:,MoveType:Absolute,Parameterfunction_1:,Position:0,Velocity:0)",service_8,0.003
2025-06-03 11:35:01:753,service_3,package_1.package_7.package_8.package_9.interface_17.function_26,infrastructure,57d5d46a-130d-4bbc-bff5-a6251400608b,04272fdb-94f7-4a60-9314-058eb83b4b4f,"-> Client, 2970299:service_4:153, function_26 60",service_4,0.12
2025-06-03 11:35:01:754,service_4,package_3.package_10.interface_18.function_26,infrastructure,57d5d46a-130d-4bbc-bff5-a6251400608b,04272fdb-94f7-4a60-9314-058eb83b4b4f,"-> Client, 2970299:service_8:4, function_26 60",service_8,0.119
2025-06-03 11:35:02:009,service_21,package_3.package_4.interface_20.function_34,infrastructure,57d5d46a-130d-4bbc-bff5-a6251400608b,04272fdb-94f7-4a60-9314-058eb83b4b4f,"-> Client, 2970299:service_3:9, function_34",service_3,0.002
2025-06-03 11:35:02:011,service_21,package_3.package_4.interface_20.function_35,infrastructure,57d5d46a-130d-4bbc-bff5-a6251400608b,04272fdb-94f7-4a60-9314-058eb83b4b4f,"-> Client, 2970299:service_3:9, function_35",service_3,0.0
2025-06-03 11:35:02:016,service_21,package_3.interface_21.function_32,infrastructure,57d5d46a-130d-4bbc-bff5-a6251400608b,04272fdb-94f7-4a60-9314-058eb83b4b4f,"-> Client, 2970299:service_10:1, function_32 NotPresent",service_10,0.003
2025-06-03 11:35:02:019,service_21,package_3.package_4.interface_19.function_51,infrastructure,57d5d46a-130d-4bbc-bff5-a6251400608b,04272fdb-94f7-4a60-9314-058eb83b4b4f,"-> Client, 2970299:service_3:6, function_51",service_3,0.0
2025-06-03 11:35:02:020,service_3,package_1.package_2.interface_1.function_1,infrastructure,57d5d46a-130d-4bbc-bff5-a6251400608b,04272fdb-94f7-4a60-9314-058eb83b4b4f,"-> Client, 2970299:service_18:224, function_1 1",service_18,0.003
2025-06-03 11:35:02:021,service_18,package_3.package_10.interface_13.function_52,infrastructure,57d5d46a-130d-4bbc-bff5-a6251400608b,04272fdb-94f7-4a60-9314-058eb83b4b4f,"-> Client, 2970299:service_8:2, function_52",service_8,0.002
2025-06-03 11:35:02:028,service_21,package_3.interface_21.function_53,infrastructure,-,-,"-> Client, 2970299:service_10:1, function_53 (CassetteSlot:Unknown,Detail_objectId:2970299:service_10:108,State:Unknown)",service_10,0.002
2025-06-03 11:35:02:043,service_21,package_3.package_4.interface_15.function_23,infrastructure,57d5d46a-130d-4bbc-bff5-a6251400608b,04272fdb-94f7-4a60-9314-058eb83b4b4f,"-> Client, 2970299:service_3:4, function_23 Docker",service_3,0.002
2025-06-03 11:35:02:043,service_21,package_3.interface_21.function_53,infrastructure,-,-,"-> Client, 2970299:service_10:1, function_53 (CassetteSlot:Unknown,Detail_objectId:2970299:service_10:108,State:Unknown)",service_10,0.002
2025-06-03 11:35:02:307,service_3,package_1.package_7.package_8.package_9.interface_16.function_3,infrastructure,57d5d46a-130d-4bbc-bff5-a6251400608b,04272fdb-94f7-4a60-9314-058eb83b4b4f,"-> Client, 2970299:service_4:41, function_3 X, 0.018",service_4,0.003
2025-06-03 11:35:02:313,service_3,package_1.package_7.package_8.package_9.interface_17.function_24,infrastructure,57d5d46a-130d-4bbc-bff5-a6251400608b,04272fdb-94f7-4a60-9314-058eb83b4b4f,"-> Client, 2970299:service_4:154, function_24",service_4,0.004
2025-06-03 11:35:02:314,service_4,package_3.package_10.interface_18.function_25,infrastructure,57d5d46a-130d-4bbc-bff5-a6251400608b,04272fdb-94f7-4a60-9314-058eb83b4b4f,"-> Client, 2970299:service_8:3, function_25 (MoveCorrection:,MoveType:Absolute,Parameterfunction_1:,Position:0.018,Velocity:0)",service_8,0.003
2025-06-03 11:35:02:318,service_3,package_1.package_7.package_8.package_9.interface_17.function_26,infrastructure,57d5d46a-130d-4bbc-bff5-a6251400608b,04272fdb-94f7-4a60-9314-058eb83b4b4f,"-> Client, 2970299:service_4:154, function_26 60",service_4,0.129
2025-06-03 11:35:02:319,service_4,package_3.package_10.interface_18.function_26,infrastructure,57d5d46a-130d-4bbc-bff5-a6251400608b,04272fdb-94f7-4a60-9314-058eb83b4b4f,"-> Client, 2970299:service_8:3, function_26 60",service_8,0.128
2025-06-03 11:35:02:454,service_21,package_3.package_4.interface_19.function_27,infrastructure,57d5d46a-130d-4bbc-bff5-a6251400608b,04272fdb-94f7-4a60-9314-058eb83b4b4f,"-> Client, 2970299:service_3:6, function_27",service_3,0.007
2025-06-03 11:35:02:455,service_3,package_1.package_2.interface_1.function_1,infrastructure,57d5d46a-130d-4bbc-bff5-a6251400608b,04272fdb-94f7-4a60-9314-058eb83b4b4f,"-> Client, 2970299:service_18:224, function_1 2",service_18,0.006
2025-06-03 11:35:02:457,service_18,package_3.package_10.interface_13.function_29,infrastructure,57d5d46a-130d-4bbc-bff5-a6251400608b,04272fdb-94f7-4a60-9314-058eb83b4b4f,"-> Client, 2970299:service_8:2, function_29",service_8,0.004
2025-06-03 11:35:02:464,service_21,package_3.interface_21.function_53,infrastructure,-,-,"-> Client, 2970299:service_10:1, function_53 (CassetteSlot:Unknown,Detail_objectId:2970299:service_10:108,State:Unknown)",service_10,0.003
2025-06-03 11:35:02:480,service_21,package_3.interface_21.function_59,infrastructure,57d5d46a-130d-4bbc-bff5-a6251400608b,04272fdb-94f7-4a60-9314-058eb83b4b4f,"-> Client, 2970299:service_10:1, function_59",service_10,0.003
2025-06-03 11:35:02:483,service_21,package_3.interface_21.function_62,infrastructure,57d5d46a-130d-4bbc-bff5-a6251400608b,04272fdb-94f7-4a60-9314-058eb83b4b4f,"-> Client, 2970299:service_10:1, function_62 (CassetteSlot:Slot9,Detail_objectId:2970299:service_10:109,State:NotPresent)",service_10,0.0
2025-06-03 11:35:02:488,service_21,package_3.interface_21.function_53,infrastructure,57d5d46a-130d-4bbc-bff5-a6251400608b,04272fdb-94f7-4a60-9314-058eb83b4b4f,"-> Client, 2970299:service_10:1, function_53 (CassetteSlot:Slot9,Detail_objectId:2970299:service_10:67,State:NotPresent)",service_10,0.003
2025-06-03 11:35:02:497,service_21,package_3.package_4.interface_15.function_23,infrastructure,57d5d46a-130d-4bbc-bff5-a6251400608b,04272fdb-94f7-4a60-9314-058eb83b4b4f,"-> Client, 2970299:service_3:4, function_23 CartridgeDetectionBegin",service_3,0.307
2025-06-03 11:35:02:801,service_3,package_1.package_7.package_8.package_9.interface_16.function_3,infrastructure,57d5d46a-130d-4bbc-bff5-a6251400608b,04272fdb-94f7-4a60-9314-058eb83b4b4f,"-> Client, 2970299:service_4:41, function_3 X, 0.004",service_4,0.003
2025-06-03 11:35:02:806,service_3,package_1.package_7.package_8.package_9.interface_17.function_24,infrastructure,57d5d46a-130d-4bbc-bff5-a6251400608b,04272fdb-94f7-4a60-9314-058eb83b4b4f,"-> Client, 2970299:service_4:155, function_24",service_4,0.004
2025-06-03 11:35:02:807,service_4,package_3.package_10.interface_18.function_25,infrastructure,57d5d46a-130d-4bbc-bff5-a6251400608b,04272fdb-94f7-4a60-9314-058eb83b4b4f,"-> Client, 2970299:service_8:3, function_25 (MoveCorrection:,MoveType:Absolute,Parameterfunction_1:,Position:0.004,Velocity:0)",service_8,0.003
2025-06-03 11:35:02:810,service_3,package_1.package_7.package_8.package_9.interface_17.function_26,infrastructure,57d5d46a-130d-4bbc-bff5-a6251400608b,04272fdb-94f7-4a60-9314-058eb83b4b4f,"-> Client, 2970299:service_4:155, function_26 60",service_4,0.0
2025-06-03 11:35:02:811,service_4,package_3.package_10.interface_18.function_26,infrastructure,57d5d46a-130d-4bbc-bff5-a6251400608b,04272fdb-94f7-4a60-9314-058eb83b4b4f,"-> Client, 2970299:service_8:3, function_26 60",service_8,0.126
2025-06-03 11:35:02:942,service_21,package_3.package_4.interface_20.function_34,infrastructure,57d5d46a-130d-4bbc-bff5-a6251400608b,04272fdb-94f7-4a60-9314-058eb83b4b4f,"-> Client, 2970299:service_3:8, function_34",service_3,0.0
2025-06-03 11:35:02:944,service_3,package_1.package_2.interface_1.function_1,infrastructure,57d5d46a-130d-4bbc-bff5-a6251400608b,04272fdb-94f7-4a60-9314-058eb83b4b4f,"-> Client, 2970299:service_18:223, function_1 1",service_18,0.004
2025-06-03 11:35:02:945,service_18,package_3.package_10.interface_13.function_58,infrastructure,57d5d46a-130d-4bbc-bff5-a6251400608b,04272fdb-94f7-4a60-9314-058eb83b4b4f,"-> Client, 2970299:service_8:2, function_58",service_8,0.003
2025-06-03 11:35:02:952,service_21,package_3.package_4.interface_15.function_23,infrastructure,57d5d46a-130d-4bbc-bff5-a6251400608b,04272fdb-94f7-4a60-9314-058eb83b4b4f,"-> Client, 2970299:service_3:4, function_23 CartridgeDetectionEnd",service_3,0.25
2025-06-03 11:35:03:200,service_3,package_1.package_7.package_8.package_9.interface_16.function_3,infrastructure,57d5d46a-130d-4bbc-bff5-a6251400608b,04272fdb-94f7-4a60-9314-058eb83b4b4f,"-> Client, 2970299:service_4:41, function_3 X, 0.003",service_4,0.002
2025-06-03 11:35:03:204,service_3,package_1.package_7.package_8.package_9.interface_17.function_24,infrastructure,57d5d46a-130d-4bbc-bff5-a6251400608b,04272fdb-94f7-4a60-9314-058eb83b4b4f,"-> Client, 2970299:service_4:156, function_24",service_4,0.003
2025-06-03 11:35:03:205,service_4,package_3.package_10.interface_18.function_25,infrastructure,57d5d46a-130d-4bbc-bff5-a6251400608b,04272fdb-94f7-4a60-9314-058eb83b4b4f,"-> Client, 2970299:service_8:3, function_25 (MoveCorrection:,MoveType:Absolute,Parameterfunction_1:,Position:0.003,Velocity:0)",service_8,0.002
2025-06-03 11:35:03:208,service_3,package_1.package_7.package_8.package_9.interface_17.function_26,infrastructure,57d5d46a-130d-4bbc-bff5-a6251400608b,04272fdb-94f7-4a60-9314-058eb83b4b4f,"-> Client, 2970299:service_4:156, function_26 60",service_4,0.0
2025-06-03 11:35:03:209,service_4,package_3.package_10.interface_18.function_26,infrastructure,57d5d46a-130d-4bbc-bff5-a6251400608b,04272fdb-94f7-4a60-9314-058eb83b4b4f,"-> Client, 2970299:service_8:3, function_26 60",service_8,0.128
2025-06-03 11:35:03:344,service_21,package_3.package_4.interface_20.function_35,infrastructure,57d5d46a-130d-4bbc-bff5-a6251400608b,04272fdb-94f7-4a60-9314-058eb83b4b4f,"-> Client, 2970299:service_3:8, function_35",service_3,0.0
2025-06-03 11:35:03:346,service_3,package_1.package_2.interface_1.function_1,infrastructure,57d5d46a-130d-4bbc-bff5-a6251400608b,04272fdb-94f7-4a60-9314-058eb83b4b4f,"-> Client, 2970299:service_18:223, function_1 2",service_18,0.005
2025-06-03 11:35:03:347,service_18,package_3.package_10.interface_13.function_31,infrastructure,57d5d46a-130d-4bbc-bff5-a6251400608b,04272fdb-94f7-4a60-9314-058eb83b4b4f,"-> Client, 2970299:service_8:2, function_31",service_8,0.004
2025-06-03 11:35:03:362,service_21,package_3.interface_21.function_53,infrastructure,57d5d46a-130d-4bbc-bff5-a6251400608b,04272fdb-94f7-4a60-9314-058eb83b4b4f,"-> Client, 2970299:service_10:1, function_53 (CassetteSlot:Slot9,Detail_objectId:2970299:service_10:67,State:NotPresent)",service_10,0.003
2025-06-03 11:35:03:367,service_21,package_3.package_4.interface_15.function_23,infrastructure,57d5d46a-130d-4bbc-bff5-a6251400608b,04272fdb-94f7-4a60-9314-058eb83b4b4f,"-> Client, 2970299:service_3:4, function_23 Docker",service_3,0.26
2025-06-03 11:35:03:625,service_3,package_1.package_7.package_8.package_9.interface_16.function_3,infrastructure,57d5d46a-130d-4bbc-bff5-a6251400608b,04272fdb-94f7-4a60-9314-058eb83b4b4f,"-> Client, 2970299:service_4:41, function_3 X, 0.018",service_4,0.002
2025-06-03 11:35:03:629,service_3,package_1.package_7.package_8.package_9.interface_17.function_24,infrastructure,57d5d46a-130d-4bbc-bff5-a6251400608b,04272fdb-94f7-4a60-9314-058eb83b4b4f,"-> Client, 2970299:service_4:157, function_24",service_4,0.004
2025-06-03 11:35:03:630,service_4,package_3.package_10.interface_18.function_25,infrastructure,57d5d46a-130d-4bbc-bff5-a6251400608b,04272fdb-94f7-4a60-9314-058eb83b4b4f,"-> Client, 2970299:service_8:3, function_25 (MoveCorrection:,MoveType:Absolute,Parameterfunction_1:,Position:0.018,Velocity:0)",service_8,0.003
2025-06-03 11:35:03:634,service_3,package_1.package_7.package_8.package_9.interface_17.function_26,infrastructure,57d5d46a-130d-4bbc-bff5-a6251400608b,04272fdb-94f7-4a60-9314-058eb83b4b4f,"-> Client, 2970299:service_4:157, function_26 60",service_4,0.115
2025-06-03 11:35:03:635,service_4,package_3.package_10.interface_18.function_26,infrastructure,57d5d46a-130d-4bbc-bff5-a6251400608b,04272fdb-94f7-4a60-9314-058eb83b4b4f,"-> Client, 2970299:service_8:3, function_26 60",service_8,0.114
2025-06-03 11:35:03:755,service_21,package_3.package_4.interface_19.function_51,infrastructure,57d5d46a-130d-4bbc-bff5-a6251400608b,04272fdb-94f7-4a60-9314-058eb83b4b4f,"-> Client, 2970299:service_3:6, function_51",service_3,0.0
2025-06-03 11:35:03:757,service_3,package_1.package_2.interface_1.function_1,infrastructure,57d5d46a-130d-4bbc-bff5-a6251400608b,04272fdb-94f7-4a60-9314-058eb83b4b4f,"-> Client, 2970299:service_18:224, function_1 1",service_18,0.004
2025-06-03 11:35:03:758,service_18,package_3.package_10.interface_13.function_52,infrastructure,57d5d46a-130d-4bbc-bff5-a6251400608b,04272fdb-94f7-4a60-9314-058eb83b4b4f,"-> Client, 2970299:service_8:2, function_52",service_8,0.003
2025-06-03 11:35:03:766,service_21,package_3.interface_21.function_53,infrastructure,-,-,"-> Client, 2970299:service_10:1, function_53 (CassetteSlot:Slot9,Detail_objectId:2970299:service_10:67,State:Unknown)",service_10,0.003
2025-06-03 11:35:03:781,service_21,package_3.package_4.interface_15.function_23,infrastructure,57d5d46a-130d-4bbc-bff5-a6251400608b,04272fdb-94f7-4a60-9314-058eb83b4b4f,"-> Client, 2970299:service_3:4, function_23 CartridgeDetectionBegin",service_3,0.0
2025-06-03 11:35:03:782,service_21,package_3.interface_21.function_53,infrastructure,-,-,"-> Client, 2970299:service_10:1, function_53 (CassetteSlot:Slot9,Detail_objectId:2970299:service_10:67,State:Unknown)",service_10,0.002
2025-06-03 11:35:04:008,service_3,package_1.package_7.package_8.package_9.interface_16.function_3,infrastructure,57d5d46a-130d-4bbc-bff5-a6251400608b,04272fdb-94f7-4a60-9314-058eb83b4b4f,"-> Client, 2970299:service_4:41, function_3 X, 0.004",service_4,0.002
2025-06-03 11:35:04:013,service_3,package_1.package_7.package_8.package_9.interface_17.function_24,infrastructure,57d5d46a-130d-4bbc-bff5-a6251400608b,04272fdb-94f7-4a60-9314-058eb83b4b4f,"-> Client, 2970299:service_4:158, function_24",service_4,0.003
2025-06-03 11:35:04:013,service_4,package_3.package_10.interface_18.function_25,infrastructure,57d5d46a-130d-4bbc-bff5-a6251400608b,04272fdb-94f7-4a60-9314-058eb83b4b4f,"-> Client, 2970299:service_8:3, function_25 (MoveCorrection:,MoveType:Absolute,Parameterfunction_1:,Position:0.004,Velocity:0)",service_8,0.003
2025-06-03 11:35:04:017,service_3,package_1.package_7.package_8.package_9.interface_17.function_26,infrastructure,57d5d46a-130d-4bbc-bff5-a6251400608b,04272fdb-94f7-4a60-9314-058eb83b4b4f,"-> Client, 2970299:service_4:158, function_26 60",service_4,0.117
2025-06-03 11:35:04:018,service_4,package_3.package_10.interface_18.function_26,infrastructure,57d5d46a-130d-4bbc-bff5-a6251400608b,04272fdb-94f7-4a60-9314-058eb83b4b4f,"-> Client, 2970299:service_8:3, function_26 60",service_8,0.116
2025-06-03 11:35:04:142,service_21,package_3.package_4.interface_19.function_27,infrastructure,57d5d46a-130d-4bbc-bff5-a6251400608b,04272fdb-94f7-4a60-9314-058eb83b4b4f,"-> Client, 2970299:service_3:6, function_27",service_3,0.006
2025-06-03 11:35:04:143,service_3,package_1.package_2.interface_1.function_1,infrastructure,57d5d46a-130d-4bbc-bff5-a6251400608b,04272fdb-94f7-4a60-9314-058eb83b4b4f,"-> Client, 2970299:service_18:224, function_1 2",service_18,0.005
2025-06-03 11:35:04:144,service_18,package_3.package_10.interface_13.function_29,infrastructure,57d5d46a-130d-4bbc-bff5-a6251400608b,04272fdb-94f7-4a60-9314-058eb83b4b4f,"-> Client, 2970299:service_8:2, function_29",service_8,0.004
2025-06-03 11:35:04:153,service_21,package_3.interface_21.function_53,infrastructure,-,-,"-> Client, 2970299:service_10:1, function_53 (CassetteSlot:Slot9,Detail_objectId:2970299:service_10:67,State:Unknown)",service_10,0.003
2025-06-03 11:35:04:168,service_21,package_3.package_4.interface_15.function_23,infrastructure,57d5d46a-130d-4bbc-bff5-a6251400608b,04272fdb-94f7-4a60-9314-058eb83b4b4f,"-> Client, 2970299:service_3:4, function_23 CartridgeDetectionBegin",service_3,0.26
2025-06-03 11:35:04:425,service_3,package_1.package_7.package_8.package_9.interface_16.function_3,infrastructure,57d5d46a-130d-4bbc-bff5-a6251400608b,04272fdb-94f7-4a60-9314-058eb83b4b4f,"-> Client, 2970299:service_4:41, function_3 X, 0.004",service_4,0.003
2025-06-03 11:35:04:430,service_3,package_1.package_7.package_8.package_9.interface_17.function_24,infrastructure,57d5d46a-130d-4bbc-bff5-a6251400608b,04272fdb-94f7-4a60-9314-058eb83b4b4f,"-> Client, 2970299:service_4:159, function_24",service_4,0.004
2025-06-03 11:35:04:431,service_4,package_3.package_10.interface_18.function_25,infrastructure,57d5d46a-130d-4bbc-bff5-a6251400608b,04272fdb-94f7-4a60-9314-058eb83b4b4f,"-> Client, 2970299:service_8:3, function_25 (MoveCorrection:,MoveType:Absolute,Parameterfunction_1:,Position:0.004,Velocity:0)",service_8,0.003
2025-06-03 11:35:04:434,service_3,package_1.package_7.package_8.package_9.interface_17.function_26,infrastructure,57d5d46a-130d-4bbc-bff5-a6251400608b,04272fdb-94f7-4a60-9314-058eb83b4b4f,"-> Client, 2970299:service_4:159, function_26 60",service_4,0.114
2025-06-03 11:35:04:435,service_4,package_3.package_10.interface_18.function_26,infrastructure,57d5d46a-130d-4bbc-bff5-a6251400608b,04272fdb-94f7-4a60-9314-058eb83b4b4f,"-> Client, 2970299:service_8:3, function_26 60",service_8,0.113
2025-06-03 11:35:04:553,service_21,package_3.package_4.interface_20.function_34,infrastructure,57d5d46a-130d-4bbc-bff5-a6251400608b,04272fdb-94f7-4a60-9314-058eb83b4b4f,"-> Client, 2970299:service_3:8, function_34",service_3,0.007
2025-06-03 11:35:04:555,service_3,package_1.package_2.interface_1.function_1,infrastructure,57d5d46a-130d-4bbc-bff5-a6251400608b,04272fdb-94f7-4a60-9314-058eb83b4b4f,"-> Client, 2970299:service_18:223, function_1 1",service_18,0.005
2025-06-03 11:35:04:556,service_18,package_3.package_10.interface_13.function_58,infrastructure,57d5d46a-130d-4bbc-bff5-a6251400608b,04272fdb-94f7-4a60-9314-058eb83b4b4f,"-> Client, 2970299:service_8:2, function_58",service_8,0.004
2025-06-03 11:35:04:564,service_21,package_3.package_4.interface_15.function_23,infrastructure,57d5d46a-130d-4bbc-bff5-a6251400608b,04272fdb-94f7-4a60-9314-058eb83b4b4f,"-> Client, 2970299:service_3:4, function_23 CartridgeDetectionEnd",service_3,0.312
2025-06-03 11:35:04:874,service_3,package_1.package_7.package_8.package_9.interface_16.function_3,infrastructure,57d5d46a-130d-4bbc-bff5-a6251400608b,04272fdb-94f7-4a60-9314-058eb83b4b4f,"-> Client, 2970299:service_4:41, function_3 X, 0.003",service_4,0.002
2025-06-03 11:35:04:878,service_3,package_1.package_7.package_8.package_9.interface_17.function_24,infrastructure,57d5d46a-130d-4bbc-bff5-a6251400608b,04272fdb-94f7-4a60-9314-058eb83b4b4f,"-> Client, 2970299:service_4:160, function_24",service_4,0.004
2025-06-03 11:35:04:879,service_4,package_3.package_10.interface_18.function_25,infrastructure,57d5d46a-130d-4bbc-bff5-a6251400608b,04272fdb-94f7-4a60-9314-058eb83b4b4f,"-> Client, 2970299:service_8:3, function_25 (MoveCorrection:,MoveType:Absolute,Parameterfunction_1:,Position:0.003,Velocity:0)",service_8,0.003
2025-06-03 11:35:04:884,service_3,package_1.package_7.package_8.package_9.interface_17.function_26,infrastructure,57d5d46a-130d-4bbc-bff5-a6251400608b,04272fdb-94f7-4a60-9314-058eb83b4b4f,"-> Client, 2970299:service_4:160, function_26 60",service_4,0.125
2025-06-03 11:35:04:885,service_4,package_3.package_10.interface_18.function_26,infrastructure,57d5d46a-130d-4bbc-bff5-a6251400608b,04272fdb-94f7-4a60-9314-058eb83b4b4f,"-> Client, 2970299:service_8:3, function_26 60",service_8,0.124
2025-06-03 11:35:05:015,service_21,package_3.package_4.interface_20.function_35,infrastructure,57d5d46a-130d-4bbc-bff5-a6251400608b,04272fdb-94f7-4a60-9314-058eb83b4b4f,"-> Client, 2970299:service_3:8, function_35",service_3,0.005
2025-06-03 11:35:05:016,service_3,package_1.package_2.interface_1.function_1,infrastructure,57d5d46a-130d-4bbc-bff5-a6251400608b,04272fdb-94f7-4a60-9314-058eb83b4b4f,"-> Client, 2970299:service_18:223, function_1 2",service_18,0.004
2025-06-03 11:35:05:017,service_18,package_3.package_10.interface_13.function_31,infrastructure,57d5d46a-130d-4bbc-bff5-a6251400608b,04272fdb-94f7-4a60-9314-058eb83b4b4f,"-> Client, 2970299:service_8:2, function_31",service_8,0.003
2025-06-03 11:35:05:029,service_21,package_3.interface_21.function_53,infrastructure,57d5d46a-130d-4bbc-bff5-a6251400608b,04272fdb-94f7-4a60-9314-058eb83b4b4f,"-> Client, 2970299:service_10:1, function_53 (CassetteSlot:Slot9,Detail_objectId:2970299:service_10:67,State:NotPresent)",service_10,0.003
2025-06-03 11:35:05:032,service_21,package_3.package_4.interface_15.function_23,infrastructure,57d5d46a-130d-4bbc-bff5-a6251400608b,04272fdb-94f7-4a60-9314-058eb83b4b4f,"-> Client, 2970299:service_3:4, function_23 Park",service_3,0.0
2025-06-03 11:35:05:356,service_3,package_1.package_7.package_8.package_9.interface_16.function_3,infrastructure,57d5d46a-130d-4bbc-bff5-a6251400608b,04272fdb-94f7-4a60-9314-058eb83b4b4f,"-> Client, 2970299:service_4:41, function_3 X, 0",service_4,0.002
2025-06-03 11:35:05:360,service_3,package_1.package_7.package_8.package_9.interface_17.function_24,infrastructure,57d5d46a-130d-4bbc-bff5-a6251400608b,04272fdb-94f7-4a60-9314-058eb83b4b4f,"-> Client, 2970299:service_4:161, function_24",service_4,0.004
2025-06-03 11:35:05:361,service_4,package_3.package_10.interface_18.function_25,infrastructure,57d5d46a-130d-4bbc-bff5-a6251400608b,04272fdb-94f7-4a60-9314-058eb83b4b4f,"-> Client, 2970299:service_8:3, function_25 (MoveCorrection:,MoveType:Absolute,Parameterfunction_1:,Position:0,Velocity:0)",service_8,0.003
2025-06-03 11:35:05:366,service_3,package_1.package_7.package_8.package_9.interface_17.function_26,infrastructure,57d5d46a-130d-4bbc-bff5-a6251400608b,04272fdb-94f7-4a60-9314-058eb83b4b4f,"-> Client, 2970299:service_4:161, function_26 60",service_4,0.118
2025-06-03 11:35:05:368,service_4,package_3.package_10.interface_18.function_26,infrastructure,57d5d46a-130d-4bbc-bff5-a6251400608b,04272fdb-94f7-4a60-9314-058eb83b4b4f,"-> Client, 2970299:service_8:3, function_26 60",service_8,0.116
2025-06-03 11:35:05:493,service_21,package_3.interface_21.function_62,infrastructure,57d5d46a-130d-4bbc-bff5-a6251400608b,04272fdb-94f7-4a60-9314-058eb83b4b4f,"-> Client, 2970299:service_10:1, function_62 (CassetteSlot:Slot9,Detail_objectId:2970299:service_10:67,State:NotPresent)",service_10,0.002
2025-06-03 11:35:05:496,service_21,package_3.interface_21.function_59,infrastructure,57d5d46a-130d-4bbc-bff5-a6251400608b,04272fdb-94f7-4a60-9314-058eb83b4b4f,"-> Client, 2970299:service_10:1, function_59",service_10,0.002
2025-06-03 11:35:05:498,service_21,package_3.interface_21.function_53,infrastructure,57d5d46a-130d-4bbc-bff5-a6251400608b,04272fdb-94f7-4a60-9314-058eb83b4b4f,"-> Client, 2970299:service_10:1, function_53 (CassetteSlot:Unknown,Detail_objectId:2970299:service_10:110,State:NotPresent)",service_10,0.0
2025-06-03 11:35:05:502,service_21,package_3.interface_21.function_62,infrastructure,57d5d46a-130d-4bbc-bff5-a6251400608b,04272fdb-94f7-4a60-9314-058eb83b4b4f,"-> Client, 2970299:service_10:1, function_62 (CassetteSlot:Slot9,Detail_objectId:2970299:service_10:67,State:NotPresent)",service_10,0.002
2025-06-03 11:35:05:565,service_21,package_3.package_4.interface_10.function_23,infrastructure,57d5d46a-130d-4bbc-bff5-a6251400608b,04272fdb-94f7-4a60-9314-058eb83b4b4f,"-> Client, 2970299:service_3:5, function_23 Slot9",service_3,0.005
2025-06-03 11:35:05:567,service_21,package_3.interface_21.function_32,infrastructure,-,-,"-> Client, 2970299:service_10:1, function_32 Unknown",service_10,0.003
2025-06-03 11:35:05:712,service_3,package_1.package_7.package_8.package_9.interface_16.function_3,infrastructure,57d5d46a-130d-4bbc-bff5-a6251400608b,04272fdb-94f7-4a60-9314-058eb83b4b4f,"-> Client, 2970299:service_4:34, function_3 Z, 0.033499999999999995",service_4,0.002
2025-06-03 11:35:05:717,service_3,package_1.package_7.package_8.package_9.interface_17.function_24,infrastructure,57d5d46a-130d-4bbc-bff5-a6251400608b,04272fdb-94f7-4a60-9314-058eb83b4b4f,"-> Client, 2970299:service_4:162, function_24",service_4,0.004
2025-06-03 11:35:05:718,service_4,package_3.package_10.interface_18.function_25,infrastructure,57d5d46a-130d-4bbc-bff5-a6251400608b,04272fdb-94f7-4a60-9314-058eb83b4b4f,"-> Client, 2970299:service_8:4, function_25 (MoveCorrection:,MoveType:Absolute,Parameterfunction_1:,Position:0.0335,Velocity:0)",service_8,0.003
2025-06-03 11:35:05:723,service_3,package_1.package_7.package_8.package_9.interface_17.function_26,infrastructure,57d5d46a-130d-4bbc-bff5-a6251400608b,04272fdb-94f7-4a60-9314-058eb83b4b4f,"-> Client, 2970299:service_4:162, function_26 60",service_4,0.117
2025-06-03 11:35:05:724,service_4,package_3.package_10.interface_18.function_26,infrastructure,57d5d46a-130d-4bbc-bff5-a6251400608b,04272fdb-94f7-4a60-9314-058eb83b4b4f,"-> Client, 2970299:service_8:4, function_26 60",service_8,0.116
2025-06-03 11:35:06:003,service_21,package_3.package_4.interface_20.function_34,infrastructure,57d5d46a-130d-4bbc-bff5-a6251400608b,04272fdb-94f7-4a60-9314-058eb83b4b4f,"-> Client, 2970299:service_3:9, function_34",service_3,0.002
2025-06-03 11:35:06:006,service_21,package_3.package_4.interface_20.function_35,infrastructure,57d5d46a-130d-4bbc-bff5-a6251400608b,04272fdb-94f7-4a60-9314-058eb83b4b4f,"-> Client, 2970299:service_3:9, function_35",service_3,0.003
2025-06-03 11:35:06:015,service_21,package_3.interface_21.function_32,infrastructure,57d5d46a-130d-4bbc-bff5-a6251400608b,04272fdb-94f7-4a60-9314-058eb83b4b4f,"-> Client, 2970299:service_10:1, function_32 Present",service_10,0.002
2025-06-03 11:35:06:017,service_21,package_3.interface_21.function_43,infrastructure,57d5d46a-130d-4bbc-bff5-a6251400608b,04272fdb-94f7-4a60-9314-058eb83b4b4f,"-> Client, 2970299:service_10:1, function_43 Unknown",service_10,0.0
2025-06-03 11:35:06:020,service_21,package_3.package_4.interface_22.function_44,infrastructure,57d5d46a-130d-4bbc-bff5-a6251400608b,04272fdb-94f7-4a60-9314-058eb83b4b4f,"-> Client, 2970299:service_3:2, function_44",service_3,0.007
2025-06-03 11:35:06:022,service_3,package_1.package_2.interface_1.function_1,infrastructure,57d5d46a-130d-4bbc-bff5-a6251400608b,04272fdb-94f7-4a60-9314-058eb83b4b4f,"-> Client, 2970299:service_18:226, function_1 1",service_18,0.005
2025-06-03 11:35:06:023,service_18,package_3.package_10.interface_13.function_44,infrastructure,57d5d46a-130d-4bbc-bff5-a6251400608b,04272fdb-94f7-4a60-9314-058eb83b4b4f,"-> Client, 2970299:service_8:2, function_44",service_8,0.004
2025-06-03 11:35:06:031,service_21,package_3.interface_21.function_43,infrastructure,-,-,"-> Client, 2970299:service_10:1, function_43 Unknown",service_10,0.003
2025-06-03 11:35:06:035,service_21,package_3.interface_21.function_43,infrastructure,-,-,"-> Client, 2970299:service_10:1, function_43 Unknown",service_10,0.002
2025-06-03 11:35:06:042,service_21,package_3.interface_21.function_43,infrastructure,-,-,"-> Client, 2970299:service_10:1, function_43 Unknown",service_10,0.001
2025-06-03 11:35:06:043,service_21,package_3.package_4.interface_10.function_23,infrastructure,57d5d46a-130d-4bbc-bff5-a6251400608b,04272fdb-94f7-4a60-9314-058eb83b4b4f,"-> Client, 2970299:service_3:5, function_23 Slot10",service_3,0.001
2025-06-03 11:35:06:046,service_21,package_3.interface_21.function_32,infrastructure,-,-,"-> Client, 2970299:service_10:1, function_32 Unknown",service_10,0.003
2025-06-03 11:35:06:199,service_3,package_1.package_7.package_8.package_9.interface_16.function_3,infrastructure,57d5d46a-130d-4bbc-bff5-a6251400608b,04272fdb-94f7-4a60-9314-058eb83b4b4f,"-> Client, 2970299:service_4:34, function_3 Z, 0.037",service_4,0.003
2025-06-03 11:35:06:203,service_3,package_1.package_7.package_8.package_9.interface_17.function_24,infrastructure,57d5d46a-130d-4bbc-bff5-a6251400608b,04272fdb-94f7-4a60-9314-058eb83b4b4f,"-> Client, 2970299:service_4:163, function_24",service_4,0.006
2025-06-03 11:35:06:205,service_4,package_3.package_10.interface_18.function_25,infrastructure,57d5d46a-130d-4bbc-bff5-a6251400608b,04272fdb-94f7-4a60-9314-058eb83b4b4f,"-> Client, 2970299:service_8:4, function_25 (MoveCorrection:,MoveType:Absolute,Parameterfunction_1:,Position:0.037,Velocity:0)",service_8,0.004
2025-06-03 11:35:06:210,service_3,package_1.package_7.package_8.package_9.interface_17.function_26,infrastructure,57d5d46a-130d-4bbc-bff5-a6251400608b,04272fdb-94f7-4a60-9314-058eb83b4b4f,"-> Client, 2970299:service_4:163, function_26 60",service_4,0.0
2025-06-03 11:35:06:211,service_4,package_3.package_10.interface_18.function_26,infrastructure,57d5d46a-130d-4bbc-bff5-a6251400608b,04272fdb-94f7-4a60-9314-058eb83b4b4f,"-> Client, 2970299:service_8:4, function_26 60",service_8,0.123
2025-06-03 11:35:06:340,service_21,package_3.package_4.interface_22.function_33,infrastructure,57d5d46a-130d-4bbc-bff5-a6251400608b,04272fdb-94f7-4a60-9314-058eb83b4b4f,"-> Client, 2970299:service_3:2, function_33",service_3,0.006
2025-06-03 11:35:06:341,service_3,package_1.package_2.interface_1.function_1,infrastructure,57d5d46a-130d-4bbc-bff5-a6251400608b,04272fdb-94f7-4a60-9314-058eb83b4b4f,"-> Client, 2970299:service_18:226, function_1 2",service_18,0.005
2025-06-03 11:35:06:342,service_18,package_3.package_10.interface_13.function_33,infrastructure,57d5d46a-130d-4bbc-bff5-a6251400608b,04272fdb-94f7-4a60-9314-058eb83b4b4f,"-> Client, 2970299:service_8:2, function_33",service_8,0.004
2025-06-03 11:35:06:390,service_21,package_3.interface_21.function_43,infrastructure,57d5d46a-130d-4bbc-bff5-a6251400608b,04272fdb-94f7-4a60-9314-058eb83b4b4f,"-> Client, 2970299:service_10:1, function_43 Slot10",service_10,0.003
2025-06-03 11:35:06:393,service_21,package_3.package_4.interface_10.function_23,infrastructure,57d5d46a-130d-4bbc-bff5-a6251400608b,04272fdb-94f7-4a60-9314-058eb83b4b4f,"-> Client, 2970299:service_3:5, function_23 Park",service_3,0.0
2025-06-03 11:35:06:396,service_21,package_3.interface_21.function_32,infrastructure,-,-,"-> Client, 2970299:service_10:1, function_32 Unknown",service_10,0.002
2025-06-03 11:35:06:564,service_3,package_1.package_7.package_8.package_9.interface_16.function_3,infrastructure,57d5d46a-130d-4bbc-bff5-a6251400608b,04272fdb-94f7-4a60-9314-058eb83b4b4f,"-> Client, 2970299:service_4:34, function_3 Z, 0",service_4,0.003
2025-06-03 11:35:06:570,service_3,package_1.package_7.package_8.package_9.interface_17.function_24,infrastructure,57d5d46a-130d-4bbc-bff5-a6251400608b,04272fdb-94f7-4a60-9314-058eb83b4b4f,"-> Client, 2970299:service_4:164, function_24",service_4,0.006
2025-06-03 11:35:06:571,service_4,package_3.package_10.interface_18.function_25,infrastructure,57d5d46a-130d-4bbc-bff5-a6251400608b,04272fdb-94f7-4a60-9314-058eb83b4b4f,"-> Client, 2970299:service_8:4, function_25 (MoveCorrection:,MoveType:Absolute,Parameterfunction_1:,Position:0,Velocity:0)",service_8,0.005
2025-06-03 11:35:06:578,service_3,package_1.package_7.package_8.package_9.interface_17.function_26,infrastructure,57d5d46a-130d-4bbc-bff5-a6251400608b,04272fdb-94f7-4a60-9314-058eb83b4b4f,"-> Client, 2970299:service_4:164, function_26 60",service_4,0.124
2025-06-03 11:35:06:579,service_4,package_3.package_10.interface_18.function_26,infrastructure,57d5d46a-130d-4bbc-bff5-a6251400608b,04272fdb-94f7-4a60-9314-058eb83b4b4f,"-> Client, 2970299:service_8:4, function_26 60",service_8,0.123
2025-06-03 11:35:06:879,service_21,package_3.package_4.interface_20.function_34,infrastructure,57d5d46a-130d-4bbc-bff5-a6251400608b,04272fdb-94f7-4a60-9314-058eb83b4b4f,"-> Client, 2970299:service_3:9, function_34",service_3,0.002
2025-06-03 11:35:06:882,service_21,package_3.package_4.interface_20.function_35,infrastructure,57d5d46a-130d-4bbc-bff5-a6251400608b,04272fdb-94f7-4a60-9314-058eb83b4b4f,"-> Client, 2970299:service_3:9, function_35",service_3,0.002
2025-06-03 11:35:06:887,service_21,package_3.interface_21.function_32,infrastructure,57d5d46a-130d-4bbc-bff5-a6251400608b,04272fdb-94f7-4a60-9314-058eb83b4b4f,"-> Client, 2970299:service_10:1, function_32 NotPresent",service_10,0.003
2025-06-03 11:35:06:890,service_21,package_3.package_4.interface_19.function_51,infrastructure,57d5d46a-130d-4bbc-bff5-a6251400608b,04272fdb-94f7-4a60-9314-058eb83b4b4f,"-> Client, 2970299:service_3:6, function_51",service_3,0.0
2025-06-03 11:35:06:891,service_3,package_1.package_2.interface_1.function_1,infrastructure,57d5d46a-130d-4bbc-bff5-a6251400608b,04272fdb-94f7-4a60-9314-058eb83b4b4f,"-> Client, 2970299:service_18:224, function_1 1",service_18,0.004
2025-06-03 11:35:06:893,service_18,package_3.package_10.interface_13.function_52,infrastructure,57d5d46a-130d-4bbc-bff5-a6251400608b,04272fdb-94f7-4a60-9314-058eb83b4b4f,"-> Client, 2970299:service_8:2, function_52",service_8,0.002
2025-06-03 11:35:06:900,service_21,package_3.interface_21.function_53,infrastructure,-,-,"-> Client, 2970299:service_10:1, function_53 (CassetteSlot:Unknown,Detail_objectId:2970299:service_10:111,State:Unknown)",service_10,0.002
2025-06-03 11:35:06:918,service_21,package_3.package_4.interface_15.function_23,infrastructure,57d5d46a-130d-4bbc-bff5-a6251400608b,04272fdb-94f7-4a60-9314-058eb83b4b4f,"-> Client, 2970299:service_3:4, function_23 Docker",service_3,0.003
2025-06-03 11:35:06:919,service_21,package_3.interface_21.function_53,infrastructure,-,-,"-> Client, 2970299:service_10:1, function_53 (CassetteSlot:Unknown,Detail_objectId:2970299:service_10:111,State:Unknown)",service_10,0.002
2025-06-03 11:35:07:227,service_3,package_1.package_7.package_8.package_9.interface_16.function_3,infrastructure,57d5d46a-130d-4bbc-bff5-a6251400608b,04272fdb-94f7-4a60-9314-058eb83b4b4f,"-> Client, 2970299:service_4:41, function_3 X, 0.018",service_4,0.002
2025-06-03 11:35:07:231,service_3,package_1.package_7.package_8.package_9.interface_17.function_24,infrastructure,57d5d46a-130d-4bbc-bff5-a6251400608b,04272fdb-94f7-4a60-9314-058eb83b4b4f,"-> Client, 2970299:service_4:165, function_24",service_4,0.004
2025-06-03 11:35:07:232,service_4,package_3.package_10.interface_18.function_25,infrastructure,57d5d46a-130d-4bbc-bff5-a6251400608b,04272fdb-94f7-4a60-9314-058eb83b4b4f,"-> Client, 2970299:service_8:3, function_25 (MoveCorrection:,MoveType:Absolute,Parameterfunction_1:,Position:0.018,Velocity:0)",service_8,0.003
2025-06-03 11:35:07:236,service_3,package_1.package_7.package_8.package_9.interface_17.function_26,infrastructure,57d5d46a-130d-4bbc-bff5-a6251400608b,04272fdb-94f7-4a60-9314-058eb83b4b4f,"-> Client, 2970299:service_4:165, function_26 60",service_4,0.115
2025-06-03 11:35:07:236,service_4,package_3.package_10.interface_18.function_26,infrastructure,57d5d46a-130d-4bbc-bff5-a6251400608b,04272fdb-94f7-4a60-9314-058eb83b4b4f,"-> Client, 2970299:service_8:3, function_26 60",service_8,0.115
2025-06-03 11:35:07:359,service_21,package_3.package_4.interface_19.function_27,infrastructure,57d5d46a-130d-4bbc-bff5-a6251400608b,04272fdb-94f7-4a60-9314-058eb83b4b4f,"-> Client, 2970299:service_3:6, function_27",service_3,0.005
2025-06-03 11:35:07:360,service_3,package_1.package_2.interface_1.function_1,infrastructure,57d5d46a-130d-4bbc-bff5-a6251400608b,04272fdb-94f7-4a60-9314-058eb83b4b4f,"-> Client, 2970299:service_18:224, function_1 2",service_18,0.004
2025-06-03 11:35:07:361,service_18,package_3.package_10.interface_13.function_29,infrastructure,57d5d46a-130d-4bbc-bff5-a6251400608b,04272fdb-94f7-4a60-9314-058eb83b4b4f,"-> Client, 2970299:service_8:2, function_29",service_8,0.003
2025-06-03 11:35:07:368,service_21,package_3.interface_21.function_53,infrastructure,-,-,"-> Client, 2970299:service_10:1, function_53 (CassetteSlot:Unknown,Detail_objectId:2970299:service_10:111,State:Unknown)",service_10,0.003
2025-06-03 11:35:07:386,service_21,package_3.interface_21.function_59,infrastructure,57d5d46a-130d-4bbc-bff5-a6251400608b,04272fdb-94f7-4a60-9314-058eb83b4b4f,"-> Client, 2970299:service_10:1, function_59",service_10,0.002
2025-06-03 11:35:07:388,service_21,package_3.interface_21.function_62,infrastructure,57d5d46a-130d-4bbc-bff5-a6251400608b,04272fdb-94f7-4a60-9314-058eb83b4b4f,"-> Client, 2970299:service_10:1, function_62 (CassetteSlot:Slot10,Detail_objectId:2970299:service_10:112,State:NotPresent)",service_10,0.004
2025-06-03 11:35:07:395,service_21,package_3.interface_21.function_53,infrastructure,57d5d46a-130d-4bbc-bff5-a6251400608b,04272fdb-94f7-4a60-9314-058eb83b4b4f,"-> Client, 2970299:service_10:1, function_53 (CassetteSlot:Slot10,Detail_objectId:2970299:service_10:68,State:NotPresent)",service_10,0.004
2025-06-03 11:35:07:404,service_21,package_3.package_4.interface_15.function_23,infrastructure,57d5d46a-130d-4bbc-bff5-a6251400608b,04272fdb-94f7-4a60-9314-058eb83b4b4f,"-> Client, 2970299:service_3:4, function_23 CartridgeDetectionBegin",service_3,0.309
2025-06-03 11:35:07:710,service_3,package_1.package_7.package_8.package_9.interface_16.function_3,infrastructure,57d5d46a-130d-4bbc-bff5-a6251400608b,04272fdb-94f7-4a60-9314-058eb83b4b4f,"-> Client, 2970299:service_4:41, function_3 X, 0.004",service_4,0.003
2025-06-03 11:35:07:714,service_3,package_1.package_7.package_8.package_9.interface_17.function_24,infrastructure,57d5d46a-130d-4bbc-bff5-a6251400608b,04272fdb-94f7-4a60-9314-058eb83b4b4f,"-> Client, 2970299:service_4:166, function_24",service_4,0.005
2025-06-03 11:35:07:716,service_4,package_3.package_10.interface_18.function_25,infrastructure,57d5d46a-130d-4bbc-bff5-a6251400608b,04272fdb-94f7-4a60-9314-058eb83b4b4f,"-> Client, 2970299:service_8:3, function_25 (MoveCorrection:,MoveType:Absolute,Parameterfunction_1:,Position:0.004,Velocity:0)",service_8,0.003
2025-06-03 11:35:07:720,service_4,package_3.package_10.interface_18.function_26,infrastructure,57d5d46a-130d-4bbc-bff5-a6251400608b,04272fdb-94f7-4a60-9314-058eb83b4b4f,"-> Client, 2970299:service_8:3, function_26 60",service_8,0.12
2025-06-03 11:35:07:720,service_3,package_1.package_7.package_8.package_9.interface_17.function_26,infrastructure,57d5d46a-130d-4bbc-bff5-a6251400608b,04272fdb-94f7-4a60-9314-058eb83b4b4f,"-> Client, 2970299:service_4:166, function_26 60",service_4,0.12
2025-06-03 11:35:07:847,service_21,package_3.package_4.interface_20.function_34,infrastructure,57d5d46a-130d-4bbc-bff5-a6251400608b,04272fdb-94f7-4a60-9314-058eb83b4b4f,"-> Client, 2970299:service_3:8, function_34",service_3,0.0
2025-06-03 11:35:07:848,service_3,package_1.package_2.interface_1.function_1,infrastructure,57d5d46a-130d-4bbc-bff5-a6251400608b,04272fdb-94f7-4a60-9314-058eb83b4b4f,"-> Client, 2970299:service_18:223, function_1 1",service_18,0.004
2025-06-03 11:35:07:849,service_18,package_3.package_10.interface_13.function_58,infrastructure,57d5d46a-130d-4bbc-bff5-a6251400608b,04272fdb-94f7-4a60-9314-058eb83b4b4f,"-> Client, 2970299:service_8:2, function_58",service_8,0.003
2025-06-03 11:35:07:858,service_21,package_3.package_4.interface_15.function_23,infrastructure,57d5d46a-130d-4bbc-bff5-a6251400608b,04272fdb-94f7-4a60-9314-058eb83b4b4f,"-> Client, 2970299:service_3:4, function_23 CartridgeDetectionEnd",service_3,0.3
2025-06-03 11:35:08:156,service_3,package_1.package_7.package_8.package_9.interface_16.function_3,infrastructure,57d5d46a-130d-4bbc-bff5-a6251400608b,04272fdb-94f7-4a60-9314-058eb83b4b4f,"-> Client, 2970299:service_4:41, function_3 X, 0.003",service_4,0.002
2025-06-03 11:35:08:159,service_3,package_1.package_7.package_8.package_9.interface_17.function_24,infrastructure,57d5d46a-130d-4bbc-bff5-a6251400608b,04272fdb-94f7-4a60-9314-058eb83b4b4f,"-> Client, 2970299:service_4:167, function_24",service_4,0.004
2025-06-03 11:35:08:160,service_4,package_3.package_10.interface_18.function_25,infrastructure,57d5d46a-130d-4bbc-bff5-a6251400608b,04272fdb-94f7-4a60-9314-058eb83b4b4f,"-> Client, 2970299:service_8:3, function_25 (MoveCorrection:,MoveType:Absolute,Parameterfunction_1:,Position:0.003,Velocity:0)",service_8,0.003
2025-06-03 11:35:08:164,service_3,package_1.package_7.package_8.package_9.interface_17.function_26,infrastructure,57d5d46a-130d-4bbc-bff5-a6251400608b,04272fdb-94f7-4a60-9314-058eb83b4b4f,"-> Client, 2970299:service_4:167, function_26 60",service_4,0.0
2025-06-03 11:35:08:165,service_4,package_3.package_10.interface_18.function_26,infrastructure,57d5d46a-130d-4bbc-bff5-a6251400608b,04272fdb-94f7-4a60-9314-058eb83b4b4f,"-> Client, 2970299:service_8:3, function_26 60",service_8,0.121
2025-06-03 11:35:08:292,service_21,package_3.package_4.interface_20.function_35,infrastructure,57d5d46a-130d-4bbc-bff5-a6251400608b,04272fdb-94f7-4a60-9314-058eb83b4b4f,"-> Client, 2970299:service_3:8, function_35",service_3,0.005
2025-06-03 11:35:08:293,service_3,package_1.package_2.interface_1.function_1,infrastructure,57d5d46a-130d-4bbc-bff5-a6251400608b,04272fdb-94f7-4a60-9314-058eb83b4b4f,"-> Client, 2970299:service_18:223, function_1 2",service_18,0.004
2025-06-03 11:35:08:294,service_18,package_3.package_10.interface_13.function_31,infrastructure,57d5d46a-130d-4bbc-bff5-a6251400608b,04272fdb-94f7-4a60-9314-058eb83b4b4f,"-> Client, 2970299:service_8:2, function_31",service_8,0.003
2025-06-03 11:35:08:307,service_21,package_3.interface_21.function_53,infrastructure,57d5d46a-130d-4bbc-bff5-a6251400608b,04272fdb-94f7-4a60-9314-058eb83b4b4f,"-> Client, 2970299:service_10:1, function_53 (CassetteSlot:Slot10,Detail_objectId:2970299:service_10:68,State:NotPresent)",service_10,0.002
2025-06-03 11:35:08:310,service_21,package_3.package_4.interface_15.function_23,infrastructure,57d5d46a-130d-4bbc-bff5-a6251400608b,04272fdb-94f7-4a60-9314-058eb83b4b4f,"-> Client, 2970299:service_3:4, function_23 Docker",service_3,0.334
2025-06-03 11:35:08:641,service_3,package_1.package_7.package_8.package_9.interface_16.function_3,infrastructure,57d5d46a-130d-4bbc-bff5-a6251400608b,04272fdb-94f7-4a60-9314-058eb83b4b4f,"-> Client, 2970299:service_4:41, function_3 X, 0.018",service_4,0.003
2025-06-03 11:35:08:646,service_3,package_1.package_7.package_8.package_9.interface_17.function_24,infrastructure,57d5d46a-130d-4bbc-bff5-a6251400608b,04272fdb-94f7-4a60-9314-058eb83b4b4f,"-> Client, 2970299:service_4:168, function_24",service_4,0.005
2025-06-03 11:35:08:647,service_4,package_3.package_10.interface_18.function_25,infrastructure,57d5d46a-130d-4bbc-bff5-a6251400608b,04272fdb-94f7-4a60-9314-058eb83b4b4f,"-> Client, 2970299:service_8:3, function_25 (MoveCorrection:,MoveType:Absolute,Parameterfunction_1:,Position:0.018,Velocity:0)",service_8,0.004
2025-06-03 11:35:08:652,service_3,package_1.package_7.package_8.package_9.interface_17.function_26,infrastructure,57d5d46a-130d-4bbc-bff5-a6251400608b,04272fdb-94f7-4a60-9314-058eb83b4b4f,"-> Client, 2970299:service_4:168, function_26 60",service_4,0.125
2025-06-03 11:35:08:654,service_4,package_3.package_10.interface_18.function_26,infrastructure,57d5d46a-130d-4bbc-bff5-a6251400608b,04272fdb-94f7-4a60-9314-058eb83b4b4f,"-> Client, 2970299:service_8:3, function_26 60",service_8,0.123
2025-06-03 11:35:08:783,service_21,package_3.package_4.interface_19.function_51,infrastructure,57d5d46a-130d-4bbc-bff5-a6251400608b,04272fdb-94f7-4a60-9314-058eb83b4b4f,"-> Client, 2970299:service_3:6, function_51",service_3,0.007
2025-06-03 11:35:08:784,service_3,package_1.package_2.interface_1.function_1,infrastructure,57d5d46a-130d-4bbc-bff5-a6251400608b,04272fdb-94f7-4a60-9314-058eb83b4b4f,"-> Client, 2970299:service_18:224, function_1 1",service_18,0.006
2025-06-03 11:35:08:785,service_18,package_3.package_10.interface_13.function_52,infrastructure,57d5d46a-130d-4bbc-bff5-a6251400608b,04272fdb-94f7-4a60-9314-058eb83b4b4f,"-> Client, 2970299:service_8:2, function_52",service_8,0.005
2025-06-03 11:35:08:795,service_21,package_3.interface_21.function_53,infrastructure,-,-,"-> Client, 2970299:service_10:1, function_53 (CassetteSlot:Slot10,Detail_objectId:2970299:service_10:68,State:Unknown)",service_10,0.003
2025-06-03 11:35:08:811,service_21,package_3.package_4.interface_15.function_23,infrastructure,57d5d46a-130d-4bbc-bff5-a6251400608b,04272fdb-94f7-4a60-9314-058eb83b4b4f,"-> Client, 2970299:service_3:4, function_23 CartridgeDetectionBegin",service_3,0.0
2025-06-03 11:35:08:812,service_21,package_3.interface_21.function_53,infrastructure,-,-,"-> Client, 2970299:service_10:1, function_53 (CassetteSlot:Slot10,Detail_objectId:2970299:service_10:68,State:Unknown)",service_10,0.003
2025-06-03 11:35:09:113,service_3,package_1.package_7.package_8.package_9.interface_16.function_3,infrastructure,57d5d46a-130d-4bbc-bff5-a6251400608b,04272fdb-94f7-4a60-9314-058eb83b4b4f,"-> Client, 2970299:service_4:41, function_3 X, 0.004",service_4,0.002
2025-06-03 11:35:09:117,service_3,package_1.package_7.package_8.package_9.interface_17.function_24,infrastructure,57d5d46a-130d-4bbc-bff5-a6251400608b,04272fdb-94f7-4a60-9314-058eb83b4b4f,"-> Client, 2970299:service_4:169, function_24",service_4,0.005
2025-06-03 11:35:09:118,service_4,package_3.package_10.interface_18.function_25,infrastructure,57d5d46a-130d-4bbc-bff5-a6251400608b,04272fdb-94f7-4a60-9314-058eb83b4b4f,"-> Client, 2970299:service_8:3, function_25 (MoveCorrection:,MoveType:Absolute,Parameterfunction_1:,Position:0.004,Velocity:0)",service_8,0.004
2025-06-03 11:35:09:123,service_3,package_1.package_7.package_8.package_9.interface_17.function_26,infrastructure,57d5d46a-130d-4bbc-bff5-a6251400608b,04272fdb-94f7-4a60-9314-058eb83b4b4f,"-> Client, 2970299:service_4:169, function_26 60",service_4,0.0
2025-06-03 11:35:09:125,service_4,package_3.package_10.interface_18.function_26,infrastructure,57d5d46a-130d-4bbc-bff5-a6251400608b,04272fdb-94f7-4a60-9314-058eb83b4b4f,"-> Client, 2970299:service_8:3, function_26 60",service_8,0.114
2025-06-03 11:35:09:246,service_21,package_3.package_4.interface_19.function_27,infrastructure,57d5d46a-130d-4bbc-bff5-a6251400608b,04272fdb-94f7-4a60-9314-058eb83b4b4f,"-> Client, 2970299:service_3:6, function_27",service_3,0.005
2025-06-03 11:35:09:247,service_3,package_1.package_2.interface_1.function_1,infrastructure,57d5d46a-130d-4bbc-bff5-a6251400608b,04272fdb-94f7-4a60-9314-058eb83b4b4f,"-> Client, 2970299:service_18:224, function_1 2",service_18,0.004
2025-06-03 11:35:09:248,service_18,package_3.package_10.interface_13.function_29,infrastructure,57d5d46a-130d-4bbc-bff5-a6251400608b,04272fdb-94f7-4a60-9314-058eb83b4b4f,"-> Client, 2970299:service_8:2, function_29",service_8,0.003
2025-06-03 11:35:09:256,service_21,package_3.interface_21.function_53,infrastructure,-,-,"-> Client, 2970299:service_10:1, function_53 (CassetteSlot:Slot10,Detail_objectId:2970299:service_10:68,State:Unknown)",service_10,0.001
2025-06-03 11:35:09:273,service_21,package_3.package_4.interface_15.function_23,infrastructure,57d5d46a-130d-4bbc-bff5-a6251400608b,04272fdb-94f7-4a60-9314-058eb83b4b4f,"-> Client, 2970299:service_3:4, function_23 CartridgeDetectionBegin",service_3,0.327
2025-06-03 11:35:09:598,service_3,package_1.package_7.package_8.package_9.interface_16.function_3,infrastructure,57d5d46a-130d-4bbc-bff5-a6251400608b,04272fdb-94f7-4a60-9314-058eb83b4b4f,"-> Client, 2970299:service_4:41, function_3 X, 0.004",service_4,0.002
2025-06-03 11:35:09:603,service_3,package_1.package_7.package_8.package_9.interface_17.function_24,infrastructure,57d5d46a-130d-4bbc-bff5-a6251400608b,04272fdb-94f7-4a60-9314-058eb83b4b4f,"-> Client, 2970299:service_4:170, function_24",service_4,0.004
2025-06-03 11:35:09:604,service_4,package_3.package_10.interface_18.function_25,infrastructure,57d5d46a-130d-4bbc-bff5-a6251400608b,04272fdb-94f7-4a60-9314-058eb83b4b4f,"-> Client, 2970299:service_8:3, function_25 (MoveCorrection:,MoveType:Absolute,Parameterfunction_1:,Position:0.004,Velocity:0)",service_8,0.003
2025-06-03 11:35:09:608,service_3,package_1.package_7.package_8.package_9.interface_17.function_26,infrastructure,57d5d46a-130d-4bbc-bff5-a6251400608b,04272fdb-94f7-4a60-9314-058eb83b4b4f,"-> Client, 2970299:service_4:170, function_26 60",service_4,0.0
2025-06-03 11:35:09:608,service_4,package_3.package_10.interface_18.function_26,infrastructure,57d5d46a-130d-4bbc-bff5-a6251400608b,04272fdb-94f7-4a60-9314-058eb83b4b4f,"-> Client, 2970299:service_8:3, function_26 60",service_8,0.0
2025-06-03 11:35:09:736,service_21,package_3.package_4.interface_20.function_34,infrastructure,57d5d46a-130d-4bbc-bff5-a6251400608b,04272fdb-94f7-4a60-9314-058eb83b4b4f,"-> Client, 2970299:service_3:8, function_34",service_3,0.005
2025-06-03 11:35:09:737,service_3,package_1.package_2.interface_1.function_1,infrastructure,57d5d46a-130d-4bbc-bff5-a6251400608b,04272fdb-94f7-4a60-9314-058eb83b4b4f,"-> Client, 2970299:service_18:223, function_1 1",service_18,0.004
2025-06-03 11:35:09:738,service_18,package_3.package_10.interface_13.function_58,infrastructure,57d5d46a-130d-4bbc-bff5-a6251400608b,04272fdb-94f7-4a60-9314-058eb83b4b4f,"-> Client, 2970299:service_8:2, function_58",service_8,0.003
2025-06-03 11:35:09:743,service_21,package_3.package_4.interface_15.function_23,infrastructure,57d5d46a-130d-4bbc-bff5-a6251400608b,04272fdb-94f7-4a60-9314-058eb83b4b4f,"-> Client, 2970299:service_3:4, function_23 CartridgeDetectionEnd",service_3,0.0
2025-06-03 11:35:10:147,service_3,package_1.package_7.package_8.package_9.interface_16.function_3,infrastructure,57d5d46a-130d-4bbc-bff5-a6251400608b,04272fdb-94f7-4a60-9314-058eb83b4b4f,"-> Client, 2970299:service_4:41, function_3 X, 0.003",service_4,0.003
2025-06-03 11:35:10:152,service_3,package_1.package_7.package_8.package_9.interface_17.function_24,infrastructure,57d5d46a-130d-4bbc-bff5-a6251400608b,04272fdb-94f7-4a60-9314-058eb83b4b4f,"-> Client, 2970299:service_4:171, function_24",service_4,0.006
2025-06-03 11:35:10:154,service_4,package_3.package_10.interface_18.function_25,infrastructure,57d5d46a-130d-4bbc-bff5-a6251400608b,04272fdb-94f7-4a60-9314-058eb83b4b4f,"-> Client, 2970299:service_8:3, function_25 (MoveCorrection:,MoveType:Absolute,Parameterfunction_1:,Position:0.003,Velocity:0)",service_8,0.004
2025-06-03 11:35:10:160,service_3,package_1.package_7.package_8.package_9.interface_17.function_26,infrastructure,57d5d46a-130d-4bbc-bff5-a6251400608b,04272fdb-94f7-4a60-9314-058eb83b4b4f,"-> Client, 2970299:service_4:171, function_26 60",service_4,0.123
2025-06-03 11:35:10:161,service_4,package_3.package_10.interface_18.function_26,infrastructure,57d5d46a-130d-4bbc-bff5-a6251400608b,04272fdb-94f7-4a60-9314-058eb83b4b4f,"-> Client, 2970299:service_8:3, function_26 60",service_8,0.122
2025-06-03 11:35:10:290,service_21,package_3.package_4.interface_20.function_35,infrastructure,57d5d46a-130d-4bbc-bff5-a6251400608b,04272fdb-94f7-4a60-9314-058eb83b4b4f,"-> Client, 2970299:service_3:8, function_35",service_3,0.0
2025-06-03 11:35:10:291,service_3,package_1.package_2.interface_1.function_1,infrastructure,57d5d46a-130d-4bbc-bff5-a6251400608b,04272fdb-94f7-4a60-9314-058eb83b4b4f,"-> Client, 2970299:service_18:223, function_1 2",service_18,0.005
2025-06-03 11:35:10:293,service_18,package_3.package_10.interface_13.function_31,infrastructure,57d5d46a-130d-4bbc-bff5-a6251400608b,04272fdb-94f7-4a60-9314-058eb83b4b4f,"-> Client, 2970299:service_8:2, function_31",service_8,0.003
2025-06-03 11:35:10:308,service_21,package_3.interface_21.function_53,infrastructure,57d5d46a-130d-4bbc-bff5-a6251400608b,04272fdb-94f7-4a60-9314-058eb83b4b4f,"-> Client, 2970299:service_10:1, function_53 (CassetteSlot:Slot10,Detail_objectId:2970299:service_10:68,State:NotPresent)",service_10,0.004
2025-06-03 11:35:10:312,service_21,package_3.package_4.interface_15.function_23,infrastructure,57d5d46a-130d-4bbc-bff5-a6251400608b,04272fdb-94f7-4a60-9314-058eb83b4b4f,"-> Client, 2970299:service_3:4, function_23 Park",service_3,0.0
2025-06-03 11:35:10:695,service_3,package_1.package_7.package_8.package_9.interface_16.function_3,infrastructure,57d5d46a-130d-4bbc-bff5-a6251400608b,04272fdb-94f7-4a60-9314-058eb83b4b4f,"-> Client, 2970299:service_4:41, function_3 X, 0",service_4,0.002
2025-06-03 11:35:10:698,service_3,package_1.package_7.package_8.package_9.interface_17.function_24,infrastructure,57d5d46a-130d-4bbc-bff5-a6251400608b,04272fdb-94f7-4a60-9314-058eb83b4b4f,"-> Client, 2970299:service_4:172, function_24",service_4,0.003
2025-06-03 11:35:10:699,service_4,package_3.package_10.interface_18.function_25,infrastructure,57d5d46a-130d-4bbc-bff5-a6251400608b,04272fdb-94f7-4a60-9314-058eb83b4b4f,"-> Client, 2970299:service_8:3, function_25 (MoveCorrection:,MoveType:Absolute,Parameterfunction_1:,Position:0,Velocity:0)",service_8,0.002
2025-06-03 11:35:10:702,service_3,package_1.package_7.package_8.package_9.interface_17.function_26,infrastructure,57d5d46a-130d-4bbc-bff5-a6251400608b,04272fdb-94f7-4a60-9314-058eb83b4b4f,"-> Client, 2970299:service_4:172, function_26 60",service_4,0.0
2025-06-03 11:35:10:703,service_4,package_3.package_10.interface_18.function_26,infrastructure,57d5d46a-130d-4bbc-bff5-a6251400608b,04272fdb-94f7-4a60-9314-058eb83b4b4f,"-> Client, 2970299:service_8:3, function_26 60",service_8,0.12
2025-06-03 11:35:10:832,service_21,package_3.interface_21.function_62,infrastructure,57d5d46a-130d-4bbc-bff5-a6251400608b,04272fdb-94f7-4a60-9314-058eb83b4b4f,"-> Client, 2970299:service_10:1, function_62 (CassetteSlot:Slot10,Detail_objectId:2970299:service_10:68,State:NotPresent)",service_10,0.003
2025-06-03 11:35:10:836,service_21,package_3.interface_21.function_59,infrastructure,57d5d46a-130d-4bbc-bff5-a6251400608b,04272fdb-94f7-4a60-9314-058eb83b4b4f,"-> Client, 2970299:service_10:1, function_59",service_10,0.002
2025-06-03 11:35:10:838,service_21,package_3.interface_21.function_53,infrastructure,57d5d46a-130d-4bbc-bff5-a6251400608b,04272fdb-94f7-4a60-9314-058eb83b4b4f,"-> Client, 2970299:service_10:1, function_53 (CassetteSlot:Unknown,Detail_objectId:2970299:service_10:113,State:NotPresent)",service_10,0.002
2025-06-03 11:35:10:842,service_21,package_3.interface_21.function_62,infrastructure,57d5d46a-130d-4bbc-bff5-a6251400608b,04272fdb-94f7-4a60-9314-058eb83b4b4f,"-> Client, 2970299:service_10:1, function_62 (CassetteSlot:Slot10,Detail_objectId:2970299:service_10:68,State:NotPresent)",service_10,0.002
2025-06-03 11:35:11:002,service_21,package_3.package_4.interface_10.function_23,infrastructure,57d5d46a-130d-4bbc-bff5-a6251400608b,04272fdb-94f7-4a60-9314-058eb83b4b4f,"-> Client, 2970299:service_3:5, function_23 Slot10",service_3,0.005
2025-06-03 11:35:11:004,service_21,package_3.interface_21.function_32,infrastructure,-,-,"-> Client, 2970299:service_10:1, function_32 Unknown",service_10,0.003
2025-06-03 11:35:11:213,service_3,package_1.package_7.package_8.package_9.interface_16.function_3,infrastructure,57d5d46a-130d-4bbc-bff5-a6251400608b,04272fdb-94f7-4a60-9314-058eb83b4b4f,"-> Client, 2970299:service_4:34, function_3 Z, 0.037",service_4,0.003
2025-06-03 11:35:11:218,service_3,package_1.package_7.package_8.package_9.interface_17.function_24,infrastructure,57d5d46a-130d-4bbc-bff5-a6251400608b,04272fdb-94f7-4a60-9314-058eb83b4b4f,"-> Client, 2970299:service_4:173, function_24",service_4,0.004
2025-06-03 11:35:11:219,service_4,package_3.package_10.interface_18.function_25,infrastructure,57d5d46a-130d-4bbc-bff5-a6251400608b,04272fdb-94f7-4a60-9314-058eb83b4b4f,"-> Client, 2970299:service_8:4, function_25 (MoveCorrection:,MoveType:Absolute,Parameterfunction_1:,Position:0.037,Velocity:0)",service_8,0.003
2025-06-03 11:35:11:224,service_3,package_1.package_7.package_8.package_9.interface_17.function_26,infrastructure,57d5d46a-130d-4bbc-bff5-a6251400608b,04272fdb-94f7-4a60-9314-058eb83b4b4f,"-> Client, 2970299:service_4:173, function_26 60",service_4,0.0
2025-06-03 11:35:11:225,service_4,package_3.package_10.interface_18.function_26,infrastructure,57d5d46a-130d-4bbc-bff5-a6251400608b,04272fdb-94f7-4a60-9314-058eb83b4b4f,"-> Client, 2970299:service_8:4, function_26 60",service_8,0.122
2025-06-03 11:35:11:576,service_21,package_3.package_4.interface_20.function_34,infrastructure,57d5d46a-130d-4bbc-bff5-a6251400608b,04272fdb-94f7-4a60-9314-058eb83b4b4f,"-> Client, 2970299:service_3:9, function_34",service_3,0.001
2025-06-03 11:35:11:577,service_21,package_3.package_4.interface_20.function_35,infrastructure,57d5d46a-130d-4bbc-bff5-a6251400608b,04272fdb-94f7-4a60-9314-058eb83b4b4f,"-> Client, 2970299:service_3:9, function_35",service_3,0.001
2025-06-03 11:35:11:580,service_21,package_3.interface_21.function_32,infrastructure,57d5d46a-130d-4bbc-bff5-a6251400608b,04272fdb-94f7-4a60-9314-058eb83b4b4f,"-> Client, 2970299:service_10:1, function_32 Present",service_10,0.002
2025-06-03 11:35:11:583,service_21,package_3.interface_21.function_43,infrastructure,57d5d46a-130d-4bbc-bff5-a6251400608b,04272fdb-94f7-4a60-9314-058eb83b4b4f,"-> Client, 2970299:service_10:1, function_43 Unknown",service_10,0.002
2025-06-03 11:35:11:585,service_21,package_3.package_4.interface_22.function_44,infrastructure,57d5d46a-130d-4bbc-bff5-a6251400608b,04272fdb-94f7-4a60-9314-058eb83b4b4f,"-> Client, 2970299:service_3:2, function_44",service_3,0.005
2025-06-03 11:35:11:586,service_3,package_1.package_2.interface_1.function_1,infrastructure,57d5d46a-130d-4bbc-bff5-a6251400608b,04272fdb-94f7-4a60-9314-058eb83b4b4f,"-> Client, 2970299:service_18:226, function_1 1",service_18,0.004
2025-06-03 11:35:11:587,service_18,package_3.package_10.interface_13.function_44,infrastructure,57d5d46a-130d-4bbc-bff5-a6251400608b,04272fdb-94f7-4a60-9314-058eb83b4b4f,"-> Client, 2970299:service_8:2, function_44",service_8,0.003
2025-06-03 11:35:11:592,service_21,package_3.interface_21.function_43,infrastructure,-,-,"-> Client, 2970299:service_10:1, function_43 Unknown",service_10,0.001
2025-06-03 11:35:11:595,service_21,package_3.interface_21.function_43,infrastructure,-,-,"-> Client, 2970299:service_10:1, function_43 Unknown",service_10,0.002
2025-06-03 11:35:11:610,service_21,package_3.interface_21.function_43,infrastructure,-,-,"-> Client, 2970299:service_10:1, function_43 Unknown",service_10,0.001
2025-06-03 11:35:11:611,service_21,package_3.package_4.interface_10.function_23,infrastructure,57d5d46a-130d-4bbc-bff5-a6251400608b,04272fdb-94f7-4a60-9314-058eb83b4b4f,"-> Client, 2970299:service_3:5, function_23 Slot11",service_3,0.0
2025-06-03 11:35:11:614,service_21,package_3.interface_21.function_32,infrastructure,-,-,"-> Client, 2970299:service_10:1, function_32 Unknown",service_10,0.002
2025-06-03 11:35:11:802,service_3,package_1.package_7.package_8.package_9.interface_16.function_3,infrastructure,57d5d46a-130d-4bbc-bff5-a6251400608b,04272fdb-94f7-4a60-9314-058eb83b4b4f,"-> Client, 2970299:service_4:34, function_3 Z, 0.040499999999999994",service_4,0.003
2025-06-03 11:35:11:807,service_3,package_1.package_7.package_8.package_9.interface_17.function_24,infrastructure,57d5d46a-130d-4bbc-bff5-a6251400608b,04272fdb-94f7-4a60-9314-058eb83b4b4f,"-> Client, 2970299:service_4:174, function_24",service_4,0.004
2025-06-03 11:35:11:808,service_4,package_3.package_10.interface_18.function_25,infrastructure,57d5d46a-130d-4bbc-bff5-a6251400608b,04272fdb-94f7-4a60-9314-058eb83b4b4f,"-> Client, 2970299:service_8:4, function_25 (MoveCorrection:,MoveType:Absolute,Parameterfunction_1:,Position:0.0405,Velocity:0)",service_8,0.003
2025-06-03 11:35:11:812,service_3,package_1.package_7.package_8.package_9.interface_17.function_26,infrastructure,57d5d46a-130d-4bbc-bff5-a6251400608b,04272fdb-94f7-4a60-9314-058eb83b4b4f,"-> Client, 2970299:service_4:174, function_26 60",service_4,0.118
2025-06-03 11:35:11:812,service_4,package_3.package_10.interface_18.function_26,infrastructure,57d5d46a-130d-4bbc-bff5-a6251400608b,04272fdb-94f7-4a60-9314-058eb83b4b4f,"-> Client, 2970299:service_8:4, function_26 60",service_8,0.118
2025-06-03 11:35:11:936,service_21,package_3.package_4.interface_22.function_33,infrastructure,57d5d46a-130d-4bbc-bff5-a6251400608b,04272fdb-94f7-4a60-9314-058eb83b4b4f,"-> Client, 2970299:service_3:2, function_33",service_3,0.007
2025-06-03 11:35:11:938,service_3,package_1.package_2.interface_1.function_1,infrastructure,57d5d46a-130d-4bbc-bff5-a6251400608b,04272fdb-94f7-4a60-9314-058eb83b4b4f,"-> Client, 2970299:service_18:226, function_1 2",service_18,0.005
2025-06-03 11:35:11:939,service_18,package_3.package_10.interface_13.function_33,infrastructure,57d5d46a-130d-4bbc-bff5-a6251400608b,04272fdb-94f7-4a60-9314-058eb83b4b4f,"-> Client, 2970299:service_8:2, function_33",service_8,0.004
2025-06-03 11:35:11:982,service_21,package_3.interface_21.function_43,infrastructure,57d5d46a-130d-4bbc-bff5-a6251400608b,04272fdb-94f7-4a60-9314-058eb83b4b4f,"-> Client, 2970299:service_10:1, function_43 Slot11",service_10,0.003
2025-06-03 11:35:11:985,service_21,package_3.package_4.interface_10.function_23,infrastructure,57d5d46a-130d-4bbc-bff5-a6251400608b,04272fdb-94f7-4a60-9314-058eb83b4b4f,"-> Client, 2970299:service_3:5, function_23 Park",service_3,0.0
2025-06-03 11:35:11:987,service_21,package_3.interface_21.function_32,infrastructure,-,-,"-> Client, 2970299:service_10:1, function_32 Unknown",service_10,0.002
2025-06-03 11:35:12:206,service_3,package_1.package_7.package_8.package_9.interface_16.function_3,infrastructure,57d5d46a-130d-4bbc-bff5-a6251400608b,04272fdb-94f7-4a60-9314-058eb83b4b4f,"-> Client, 2970299:service_4:34, function_3 Z, 0",service_4,0.002
2025-06-03 11:35:12:211,service_3,package_1.package_7.package_8.package_9.interface_17.function_24,infrastructure,57d5d46a-130d-4bbc-bff5-a6251400608b,04272fdb-94f7-4a60-9314-058eb83b4b4f,"-> Client, 2970299:service_4:175, function_24",service_4,0.005
2025-06-03 11:35:12:212,service_4,package_3.package_10.interface_18.function_25,infrastructure,57d5d46a-130d-4bbc-bff5-a6251400608b,04272fdb-94f7-4a60-9314-058eb83b4b4f,"-> Client, 2970299:service_8:4, function_25 (MoveCorrection:,MoveType:Absolute,Parameterfunction_1:,Position:0,Velocity:0)",service_8,0.004
2025-06-03 11:35:12:217,service_3,package_1.package_7.package_8.package_9.interface_17.function_26,infrastructure,57d5d46a-130d-4bbc-bff5-a6251400608b,04272fdb-94f7-4a60-9314-058eb83b4b4f,"-> Client, 2970299:service_4:175, function_26 60",service_4,0.112
2025-06-03 11:35:12:218,service_4,package_3.package_10.interface_18.function_26,infrastructure,57d5d46a-130d-4bbc-bff5-a6251400608b,04272fdb-94f7-4a60-9314-058eb83b4b4f,"-> Client, 2970299:service_8:4, function_26 60",service_8,0.111
2025-06-03 11:35:12:553,service_21,package_3.package_4.interface_20.function_34,infrastructure,57d5d46a-130d-4bbc-bff5-a6251400608b,04272fdb-94f7-4a60-9314-058eb83b4b4f,"-> Client, 2970299:service_3:9, function_34",service_3,0.003
2025-06-03 11:35:12:556,service_21,package_3.package_4.interface_20.function_35,infrastructure,57d5d46a-130d-4bbc-bff5-a6251400608b,04272fdb-94f7-4a60-9314-058eb83b4b4f,"-> Client, 2970299:service_3:9, function_35",service_3,0.0
2025-06-03 11:35:12:564,service_21,package_3.interface_21.function_32,infrastructure,57d5d46a-130d-4bbc-bff5-a6251400608b,04272fdb-94f7-4a60-9314-058eb83b4b4f,"-> Client, 2970299:service_10:1, function_32 NotPresent",service_10,0.003
2025-06-03 11:35:12:567,service_21,package_3.package_4.interface_19.function_51,infrastructure,57d5d46a-130d-4bbc-bff5-a6251400608b,04272fdb-94f7-4a60-9314-058eb83b4b4f,"-> Client, 2970299:service_3:6, function_51",service_3,0.0
2025-06-03 11:35:12:569,service_3,package_1.package_2.interface_1.function_1,infrastructure,57d5d46a-130d-4bbc-bff5-a6251400608b,04272fdb-94f7-4a60-9314-058eb83b4b4f,"-> Client, 2970299:service_18:224, function_1 1",service_18,0.005
2025-06-03 11:35:12:570,service_18,package_3.package_10.interface_13.function_52,infrastructure,57d5d46a-130d-4bbc-bff5-a6251400608b,04272fdb-94f7-4a60-9314-058eb83b4b4f,"-> Client, 2970299:service_8:2, function_52",service_8,0.004
2025-06-03 11:35:12:578,service_21,package_3.interface_21.function_53,infrastructure,-,-,"-> Client, 2970299:service_10:1, function_53 (CassetteSlot:Unknown,Detail_objectId:2970299:service_10:114,State:Unknown)",service_10,0.003
2025-06-03 11:35:12:590,service_21,package_3.package_4.interface_15.function_23,infrastructure,57d5d46a-130d-4bbc-bff5-a6251400608b,04272fdb-94f7-4a60-9314-058eb83b4b4f,"-> Client, 2970299:service_3:4, function_23 Docker",service_3,0.0
2025-06-03 11:35:12:591,service_21,package_3.interface_21.function_53,infrastructure,-,-,"-> Client, 2970299:service_10:1, function_53 (CassetteSlot:Unknown,Detail_objectId:2970299:service_10:114,State:Unknown)",service_10,0.002
2025-06-03 11:35:13:005,service_3,package_1.package_7.package_8.package_9.interface_16.function_3,infrastructure,57d5d46a-130d-4bbc-bff5-a6251400608b,04272fdb-94f7-4a60-9314-058eb83b4b4f,"-> Client, 2970299:service_4:41, function_3 X, 0.018",service_4,0.001
2025-06-03 11:35:13:008,service_3,package_1.package_7.package_8.package_9.interface_17.function_24,infrastructure,57d5d46a-130d-4bbc-bff5-a6251400608b,04272fdb-94f7-4a60-9314-058eb83b4b4f,"-> Client, 2970299:service_4:176, function_24",service_4,0.004
2025-06-03 11:35:13:009,service_4,package_3.package_10.interface_18.function_25,infrastructure,57d5d46a-130d-4bbc-bff5-a6251400608b,04272fdb-94f7-4a60-9314-058eb83b4b4f,"-> Client, 2970299:service_8:3, function_25 (MoveCorrection:,MoveType:Absolute,Parameterfunction_1:,Position:0.018,Velocity:0)",service_8,0.003
2025-06-03 11:35:13:013,service_3,package_1.package_7.package_8.package_9.interface_17.function_26,infrastructure,57d5d46a-130d-4bbc-bff5-a6251400608b,04272fdb-94f7-4a60-9314-058eb83b4b4f,"-> Client, 2970299:service_4:176, function_26 60",service_4,0.118
2025-06-03 11:35:13:014,service_4,package_3.package_10.interface_18.function_26,infrastructure,57d5d46a-130d-4bbc-bff5-a6251400608b,04272fdb-94f7-4a60-9314-058eb83b4b4f,"-> Client, 2970299:service_8:3, function_26 60",service_8,0.117
2025-06-03 11:35:13:138,service_21,package_3.package_4.interface_19.function_27,infrastructure,57d5d46a-130d-4bbc-bff5-a6251400608b,04272fdb-94f7-4a60-9314-058eb83b4b4f,"-> Client, 2970299:service_3:6, function_27",service_3,0.0
2025-06-03 11:35:13:140,service_3,package_1.package_2.interface_1.function_1,infrastructure,57d5d46a-130d-4bbc-bff5-a6251400608b,04272fdb-94f7-4a60-9314-058eb83b4b4f,"-> Client, 2970299:service_18:224, function_1 2",service_18,0.006
2025-06-03 11:35:13:142,service_18,package_3.package_10.interface_13.function_29,infrastructure,57d5d46a-130d-4bbc-bff5-a6251400608b,04272fdb-94f7-4a60-9314-058eb83b4b4f,"-> Client, 2970299:service_8:2, function_29",service_8,0.004
2025-06-03 11:35:13:150,service_21,package_3.interface_21.function_53,infrastructure,-,-,"-> Client, 2970299:service_10:1, function_53 (CassetteSlot:Unknown,Detail_objectId:2970299:service_10:114,State:Unknown)",service_10,0.003
2025-06-03 11:35:13:169,service_21,package_3.interface_21.function_59,infrastructure,57d5d46a-130d-4bbc-bff5-a6251400608b,04272fdb-94f7-4a60-9314-058eb83b4b4f,"-> Client, 2970299:service_10:1, function_59",service_10,0.002
2025-06-03 11:35:13:172,service_21,package_3.interface_21.function_62,infrastructure,57d5d46a-130d-4bbc-bff5-a6251400608b,04272fdb-94f7-4a60-9314-058eb83b4b4f,"-> Client, 2970299:service_10:1, function_62 (CassetteSlot:Slot11,Detail_objectId:2970299:service_10:115,State:NotPresent)",service_10,0.005
2025-06-03 11:35:13:180,service_21,package_3.interface_21.function_53,infrastructure,57d5d46a-130d-4bbc-bff5-a6251400608b,04272fdb-94f7-4a60-9314-058eb83b4b4f,"-> Client, 2970299:service_10:1, function_53 (CassetteSlot:Slot11,Detail_objectId:2970299:service_10:69,State:NotPresent)",service_10,0.003
2025-06-03 11:35:13:187,service_21,package_3.package_4.interface_15.function_23,infrastructure,57d5d46a-130d-4bbc-bff5-a6251400608b,04272fdb-94f7-4a60-9314-058eb83b4b4f,"-> Client, 2970299:service_3:4, function_23 CartridgeDetectionBegin",service_3,0.363
2025-06-03 11:35:13:548,service_3,package_1.package_7.package_8.package_9.interface_16.function_3,infrastructure,57d5d46a-130d-4bbc-bff5-a6251400608b,04272fdb-94f7-4a60-9314-058eb83b4b4f,"-> Client, 2970299:service_4:41, function_3 X, 0.004",service_4,0.002
2025-06-03 11:35:13:553,service_3,package_1.package_7.package_8.package_9.interface_17.function_24,infrastructure,57d5d46a-130d-4bbc-bff5-a6251400608b,04272fdb-94f7-4a60-9314-058eb83b4b4f,"-> Client, 2970299:service_4:177, function_24",service_4,0.004
2025-06-03 11:35:13:554,service_4,package_3.package_10.interface_18.function_25,infrastructure,57d5d46a-130d-4bbc-bff5-a6251400608b,04272fdb-94f7-4a60-9314-058eb83b4b4f,"-> Client, 2970299:service_8:3, function_25 (MoveCorrection:,MoveType:Absolute,Parameterfunction_1:,Position:0.004,Velocity:0)",service_8,0.003
2025-06-03 11:35:13:558,service_3,package_1.package_7.package_8.package_9.interface_17.function_26,infrastructure,57d5d46a-130d-4bbc-bff5-a6251400608b,04272fdb-94f7-4a60-9314-058eb83b4b4f,"-> Client, 2970299:service_4:177, function_26 60",service_4,0.112
2025-06-03 11:35:13:560,service_4,package_3.package_10.interface_18.function_26,infrastructure,57d5d46a-130d-4bbc-bff5-a6251400608b,04272fdb-94f7-4a60-9314-058eb83b4b4f,"-> Client, 2970299:service_8:3, function_26 60",service_8,0.11
2025-06-03 11:35:13:677,service_21,package_3.package_4.interface_20.function_34,infrastructure,57d5d46a-130d-4bbc-bff5-a6251400608b,04272fdb-94f7-4a60-9314-058eb83b4b4f,"-> Client, 2970299:service_3:8, function_34",service_3,0.0
2025-06-03 11:35:13:679,service_3,package_1.package_2.interface_1.function_1,infrastructure,57d5d46a-130d-4bbc-bff5-a6251400608b,04272fdb-94f7-4a60-9314-058eb83b4b4f,"-> Client, 2970299:service_18:223, function_1 1",service_18,0.004
2025-06-03 11:35:13:680,service_18,package_3.package_10.interface_13.function_58,infrastructure,57d5d46a-130d-4bbc-bff5-a6251400608b,04272fdb-94f7-4a60-9314-058eb83b4b4f,"-> Client, 2970299:service_8:2, function_58",service_8,0.003
2025-06-03 11:35:13:689,service_21,package_3.package_4.interface_15.function_23,infrastructure,57d5d46a-130d-4bbc-bff5-a6251400608b,04272fdb-94f7-4a60-9314-058eb83b4b4f,"-> Client, 2970299:service_3:4, function_23 CartridgeDetectionEnd",service_3,0.328
2025-06-03 11:35:14:016,service_3,package_1.package_7.package_8.package_9.interface_16.function_3,infrastructure,57d5d46a-130d-4bbc-bff5-a6251400608b,04272fdb-94f7-4a60-9314-058eb83b4b4f,"-> Client, 2970299:service_4:41, function_3 X, 0.003",service_4,0.001
2025-06-03 11:35:14:019,service_3,package_1.package_7.package_8.package_9.interface_17.function_24,infrastructure,57d5d46a-130d-4bbc-bff5-a6251400608b,04272fdb-94f7-4a60-9314-058eb83b4b4f,"-> Client, 2970299:service_4:178, function_24",service_4,0.005
2025-06-03 11:35:14:020,service_4,package_3.package_10.interface_18.function_25,infrastructure,57d5d46a-130d-4bbc-bff5-a6251400608b,04272fdb-94f7-4a60-9314-058eb83b4b4f,"-> Client, 2970299:service_8:3, function_25 (MoveCorrection:,MoveType:Absolute,Parameterfunction_1:,Position:0.003,Velocity:0)",service_8,0.004
2025-06-03 11:35:14:025,service_3,package_1.package_7.package_8.package_9.interface_17.function_26,infrastructure,57d5d46a-130d-4bbc-bff5-a6251400608b,04272fdb-94f7-4a60-9314-058eb83b4b4f,"-> Client, 2970299:service_4:178, function_26 60",service_4,0.126
2025-06-03 11:35:14:026,service_4,package_3.package_10.interface_18.function_26,infrastructure,57d5d46a-130d-4bbc-bff5-a6251400608b,04272fdb-94f7-4a60-9314-058eb83b4b4f,"-> Client, 2970299:service_8:3, function_26 60",service_8,0.125
2025-06-03 11:35:14:158,service_21,package_3.package_4.interface_20.function_35,infrastructure,57d5d46a-130d-4bbc-bff5-a6251400608b,04272fdb-94f7-4a60-9314-058eb83b4b4f,"-> Client, 2970299:service_3:8, function_35",service_3,0.0
2025-06-03 11:35:14:159,service_3,package_1.package_2.interface_1.function_1,infrastructure,57d5d46a-130d-4bbc-bff5-a6251400608b,04272fdb-94f7-4a60-9314-058eb83b4b4f,"-> Client, 2970299:service_18:223, function_1 2",service_18,0.006
2025-06-03 11:35:14:161,service_18,package_3.package_10.interface_13.function_31,infrastructure,57d5d46a-130d-4bbc-bff5-a6251400608b,04272fdb-94f7-4a60-9314-058eb83b4b4f,"-> Client, 2970299:service_8:2, function_31",service_8,0.004
2025-06-03 11:35:14:174,service_21,package_3.interface_21.function_53,infrastructure,57d5d46a-130d-4bbc-bff5-a6251400608b,04272fdb-94f7-4a60-9314-058eb83b4b4f,"-> Client, 2970299:service_10:1, function_53 (CassetteSlot:Slot11,Detail_objectId:2970299:service_10:69,State:NotPresent)",service_10,0.001
2025-06-03 11:35:14:177,service_21,package_3.package_4.interface_15.function_23,infrastructure,57d5d46a-130d-4bbc-bff5-a6251400608b,04272fdb-94f7-4a60-9314-058eb83b4b4f,"-> Client, 2970299:service_3:4, function_23 Docker",service_3,0.352
2025-06-03 11:35:14:526,service_3,package_1.package_7.package_8.package_9.interface_16.function_3,infrastructure,57d5d46a-130d-4bbc-bff5-a6251400608b,04272fdb-94f7-4a60-9314-058eb83b4b4f,"-> Client, 2970299:service_4:41, function_3 X, 0.018",service_4,0.003
2025-06-03 11:35:14:531,service_3,package_1.package_7.package_8.package_9.interface_17.function_24,infrastructure,57d5d46a-130d-4bbc-bff5-a6251400608b,04272fdb-94f7-4a60-9314-058eb83b4b4f,"-> Client, 2970299:service_4:179, function_24",service_4,0.004
2025-06-03 11:35:14:532,service_4,package_3.package_10.interface_18.function_25,infrastructure,57d5d46a-130d-4bbc-bff5-a6251400608b,04272fdb-94f7-4a60-9314-058eb83b4b4f,"-> Client, 2970299:service_8:3, function_25 (MoveCorrection:,MoveType:Absolute,Parameterfunction_1:,Position:0.018,Velocity:0)",service_8,0.003
2025-06-03 11:35:14:536,service_3,package_1.package_7.package_8.package_9.interface_17.function_26,infrastructure,57d5d46a-130d-4bbc-bff5-a6251400608b,04272fdb-94f7-4a60-9314-058eb83b4b4f,"-> Client, 2970299:service_4:179, function_26 60",service_4,0.119
2025-06-03 11:35:14:537,service_4,package_3.package_10.interface_18.function_26,infrastructure,57d5d46a-130d-4bbc-bff5-a6251400608b,04272fdb-94f7-4a60-9314-058eb83b4b4f,"-> Client, 2970299:service_8:3, function_26 60",service_8,0.118
2025-06-03 11:35:14:662,service_21,package_3.package_4.interface_19.function_51,infrastructure,57d5d46a-130d-4bbc-bff5-a6251400608b,04272fdb-94f7-4a60-9314-058eb83b4b4f,"-> Client, 2970299:service_3:6, function_51",service_3,0.005
2025-06-03 11:35:14:663,service_3,package_1.package_2.interface_1.function_1,infrastructure,57d5d46a-130d-4bbc-bff5-a6251400608b,04272fdb-94f7-4a60-9314-058eb83b4b4f,"-> Client, 2970299:service_18:224, function_1 1",service_18,0.004
2025-06-03 11:35:14:665,service_18,package_3.package_10.interface_13.function_52,infrastructure,57d5d46a-130d-4bbc-bff5-a6251400608b,04272fdb-94f7-4a60-9314-058eb83b4b4f,"-> Client, 2970299:service_8:2, function_52",service_8,0.002
2025-06-03 11:35:14:672,service_21,package_3.interface_21.function_53,infrastructure,-,-,"-> Client, 2970299:service_10:1, function_53 (CassetteSlot:Slot11,Detail_objectId:2970299:service_10:69,State:Unknown)",service_10,0.002
2025-06-03 11:35:14:688,service_21,package_3.package_4.interface_15.function_23,infrastructure,57d5d46a-130d-4bbc-bff5-a6251400608b,04272fdb-94f7-4a60-9314-058eb83b4b4f,"-> Client, 2970299:service_3:4, function_23 CartridgeDetectionBegin",service_3,0.003
2025-06-03 11:35:14:688,service_21,package_3.interface_21.function_53,infrastructure,-,-,"-> Client, 2970299:service_10:1, function_53 (CassetteSlot:Slot11,Detail_objectId:2970299:service_10:69,State:Unknown)",service_10,0.003
2025-06-03 11:35:14:988,service_3,package_1.package_7.package_8.package_9.interface_16.function_3,infrastructure,57d5d46a-130d-4bbc-bff5-a6251400608b,04272fdb-94f7-4a60-9314-058eb83b4b4f,"-> Client, 2970299:service_4:41, function_3 X, 0.004",service_4,0.003
2025-06-03 11:35:14:994,service_3,package_1.package_7.package_8.package_9.interface_17.function_24,infrastructure,57d5d46a-130d-4bbc-bff5-a6251400608b,04272fdb-94f7-4a60-9314-058eb83b4b4f,"-> Client, 2970299:service_4:180, function_24",service_4,0.005
2025-06-03 11:35:14:996,service_4,package_3.package_10.interface_18.function_25,infrastructure,57d5d46a-130d-4bbc-bff5-a6251400608b,04272fdb-94f7-4a60-9314-058eb83b4b4f,"-> Client, 2970299:service_8:3, function_25 (MoveCorrection:,MoveType:Absolute,Parameterfunction_1:,Position:0.004,Velocity:0)",service_8,0.003
2025-06-03 11:35:15:000,service_3,package_1.package_7.package_8.package_9.interface_17.function_26,infrastructure,57d5d46a-130d-4bbc-bff5-a6251400608b,04272fdb-94f7-4a60-9314-058eb83b4b4f,"-> Client, 2970299:service_4:180, function_26 60",service_4,0.0
2025-06-03 11:35:15:002,service_4,package_3.package_10.interface_18.function_26,infrastructure,57d5d46a-130d-4bbc-bff5-a6251400608b,04272fdb-94f7-4a60-9314-058eb83b4b4f,"-> Client, 2970299:service_8:3, function_26 60",service_8,0.115
2025-06-03 11:35:15:123,service_21,package_3.package_4.interface_19.function_27,infrastructure,57d5d46a-130d-4bbc-bff5-a6251400608b,04272fdb-94f7-4a60-9314-058eb83b4b4f,"-> Client, 2970299:service_3:6, function_27",service_3,0.0
2025-06-03 11:35:15:124,service_3,package_1.package_2.interface_1.function_1,infrastructure,57d5d46a-130d-4bbc-bff5-a6251400608b,04272fdb-94f7-4a60-9314-058eb83b4b4f,"-> Client, 2970299:service_18:224, function_1 2",service_18,0.004
2025-06-03 11:35:15:125,service_18,package_3.package_10.interface_13.function_29,infrastructure,57d5d46a-130d-4bbc-bff5-a6251400608b,04272fdb-94f7-4a60-9314-058eb83b4b4f,"-> Client, 2970299:service_8:2, function_29",service_8,0.003
2025-06-03 11:35:15:133,service_21,package_3.interface_21.function_53,infrastructure,-,-,"-> Client, 2970299:service_10:1, function_53 (CassetteSlot:Slot11,Detail_objectId:2970299:service_10:69,State:Unknown)",service_10,0.001
2025-06-03 11:35:15:150,service_21,package_3.package_4.interface_15.function_23,infrastructure,57d5d46a-130d-4bbc-bff5-a6251400608b,04272fdb-94f7-4a60-9314-058eb83b4b4f,"-> Client, 2970299:service_3:4, function_23 CartridgeDetectionBegin",service_3,0.296
2025-06-03 11:35:15:444,service_3,package_1.package_7.package_8.package_9.interface_16.function_3,infrastructure,57d5d46a-130d-4bbc-bff5-a6251400608b,04272fdb-94f7-4a60-9314-058eb83b4b4f,"-> Client, 2970299:service_4:41, function_3 X, 0.004",service_4,0.002
2025-06-03 11:35:15:448,service_3,package_1.package_7.package_8.package_9.interface_17.function_24,infrastructure,57d5d46a-130d-4bbc-bff5-a6251400608b,04272fdb-94f7-4a60-9314-058eb83b4b4f,"-> Client, 2970299:service_4:181, function_24",service_4,0.004
2025-06-03 11:35:15:449,service_4,package_3.package_10.interface_18.function_25,infrastructure,57d5d46a-130d-4bbc-bff5-a6251400608b,04272fdb-94f7-4a60-9314-058eb83b4b4f,"-> Client, 2970299:service_8:3, function_25 (MoveCorrection:,MoveType:Absolute,Parameterfunction_1:,Position:0.004,Velocity:0)",service_8,0.003
2025-06-03 11:35:15:453,service_3,package_1.package_7.package_8.package_9.interface_17.function_26,infrastructure,57d5d46a-130d-4bbc-bff5-a6251400608b,04272fdb-94f7-4a60-9314-058eb83b4b4f,"-> Client, 2970299:service_4:181, function_26 60",service_4,0.12
2025-06-03 11:35:15:454,service_4,package_3.package_10.interface_18.function_26,infrastructure,57d5d46a-130d-4bbc-bff5-a6251400608b,04272fdb-94f7-4a60-9314-058eb83b4b4f,"-> Client, 2970299:service_8:3, function_26 60",service_8,0.119
2025-06-03 11:35:15:578,service_21,package_3.package_4.interface_20.function_34,infrastructure,57d5d46a-130d-4bbc-bff5-a6251400608b,04272fdb-94f7-4a60-9314-058eb83b4b4f,"-> Client, 2970299:service_3:8, function_34",service_3,0.0
2025-06-03 11:35:15:579,service_3,package_1.package_2.interface_1.function_1,infrastructure,57d5d46a-130d-4bbc-bff5-a6251400608b,04272fdb-94f7-4a60-9314-058eb83b4b4f,"-> Client, 2970299:service_18:223, function_1 1",service_18,0.005
2025-06-03 11:35:15:581,service_18,package_3.package_10.interface_13.function_58,infrastructure,57d5d46a-130d-4bbc-bff5-a6251400608b,04272fdb-94f7-4a60-9314-058eb83b4b4f,"-> Client, 2970299:service_8:2, function_58",service_8,0.003
2025-06-03 11:35:15:589,service_21,package_3.package_4.interface_15.function_23,infrastructure,57d5d46a-130d-4bbc-bff5-a6251400608b,04272fdb-94f7-4a60-9314-058eb83b4b4f,"-> Client, 2970299:service_3:4, function_23 CartridgeDetectionEnd",service_3,0.318
2025-06-03 11:35:15:905,service_3,package_1.package_7.package_8.package_9.interface_16.function_3,infrastructure,57d5d46a-130d-4bbc-bff5-a6251400608b,04272fdb-94f7-4a60-9314-058eb83b4b4f,"-> Client, 2970299:service_4:41, function_3 X, 0.003",service_4,0.002
2025-06-03 11:35:15:909,service_3,package_1.package_7.package_8.package_9.interface_17.function_24,infrastructure,57d5d46a-130d-4bbc-bff5-a6251400608b,04272fdb-94f7-4a60-9314-058eb83b4b4f,"-> Client, 2970299:service_4:182, function_24",service_4,0.004
2025-06-03 11:35:15:910,service_4,package_3.package_10.interface_18.function_25,infrastructure,57d5d46a-130d-4bbc-bff5-a6251400608b,04272fdb-94f7-4a60-9314-058eb83b4b4f,"-> Client, 2970299:service_8:3, function_25 (MoveCorrection:,MoveType:Absolute,Parameterfunction_1:,Position:0.003,Velocity:0)",service_8,0.003
2025-06-03 11:35:15:914,service_3,package_1.package_7.package_8.package_9.interface_17.function_26,infrastructure,57d5d46a-130d-4bbc-bff5-a6251400608b,04272fdb-94f7-4a60-9314-058eb83b4b4f,"-> Client, 2970299:service_4:182, function_26 60",service_4,0.123
2025-06-03 11:35:15:915,service_4,package_3.package_10.interface_18.function_26,infrastructure,57d5d46a-130d-4bbc-bff5-a6251400608b,04272fdb-94f7-4a60-9314-058eb83b4b4f,"-> Client, 2970299:service_8:3, function_26 60",service_8,0.122
2025-06-03 11:35:16:043,service_21,package_3.package_4.interface_20.function_35,infrastructure,57d5d46a-130d-4bbc-bff5-a6251400608b,04272fdb-94f7-4a60-9314-058eb83b4b4f,"-> Client, 2970299:service_3:8, function_35",service_3,0.008
2025-06-03 11:35:16:046,service_3,package_1.package_2.interface_1.function_1,infrastructure,57d5d46a-130d-4bbc-bff5-a6251400608b,04272fdb-94f7-4a60-9314-058eb83b4b4f,"-> Client, 2970299:service_18:223, function_1 2",service_18,0.005
2025-06-03 11:35:16:047,service_18,package_3.package_10.interface_13.function_31,infrastructure,57d5d46a-130d-4bbc-bff5-a6251400608b,04272fdb-94f7-4a60-9314-058eb83b4b4f,"-> Client, 2970299:service_8:2, function_31",service_8,0.004
2025-06-03 11:35:16:063,service_21,package_3.interface_21.function_53,infrastructure,57d5d46a-130d-4bbc-bff5-a6251400608b,04272fdb-94f7-4a60-9314-058eb83b4b4f,"-> Client, 2970299:service_10:1, function_53 (CassetteSlot:Slot11,Detail_objectId:2970299:service_10:69,State:NotPresent)",service_10,0.003
2025-06-03 11:35:16:066,service_21,package_3.package_4.interface_15.function_23,infrastructure,57d5d46a-130d-4bbc-bff5-a6251400608b,04272fdb-94f7-4a60-9314-058eb83b4b4f,"-> Client, 2970299:service_3:4, function_23 Park",service_3,0.305
2025-06-03 11:35:16:370,service_3,package_1.package_7.package_8.package_9.interface_16.function_3,infrastructure,57d5d46a-130d-4bbc-bff5-a6251400608b,04272fdb-94f7-4a60-9314-058eb83b4b4f,"-> Client, 2970299:service_4:41, function_3 X, 0",service_4,0.001
2025-06-03 11:35:16:371,service_12,package_1.package_2.interface_1.function_1,infrastructure,-,-,"-> Client, 2970299:service_18:114, function_1 3",service_18,0.0
2025-06-03 11:35:16:371,service_17,package_1.package_2.interface_1.function_1,infrastructure,-,-,"-> Client, 2970299:service_19:34, function_1 3",service_19,0.002
2025-06-03 11:35:16:372,service_3,package_1.package_7.package_8.package_9.interface_17.function_24,infrastructure,57d5d46a-130d-4bbc-bff5-a6251400608b,04272fdb-94f7-4a60-9314-058eb83b4b4f,"-> Client, 2970299:service_4:183, function_24",service_4,0.001
2025-06-03 11:35:16:372,service_4,package_3.package_10.interface_18.function_25,infrastructure,57d5d46a-130d-4bbc-bff5-a6251400608b,04272fdb-94f7-4a60-9314-058eb83b4b4f,"-> Client, 2970299:service_8:3, function_25 (MoveCorrection:,MoveType:Absolute,Parameterfunction_1:,Position:0,Velocity:0)",service_8,0.001
2025-06-03 11:35:16:375,service_3,package_1.package_7.package_8.package_9.interface_17.function_26,infrastructure,57d5d46a-130d-4bbc-bff5-a6251400608b,04272fdb-94f7-4a60-9314-058eb83b4b4f,"-> Client, 2970299:service_4:183, function_26 60",service_4,0.0
2025-06-03 11:35:16:375,service_4,package_3.package_10.interface_18.function_26,infrastructure,57d5d46a-130d-4bbc-bff5-a6251400608b,04272fdb-94f7-4a60-9314-058eb83b4b4f,"-> Client, 2970299:service_8:3, function_26 60",service_8,0.125
2025-06-03 11:35:16:512,service_21,package_3.interface_21.function_62,infrastructure,57d5d46a-130d-4bbc-bff5-a6251400608b,04272fdb-94f7-4a60-9314-058eb83b4b4f,"-> Client, 2970299:service_10:1, function_62 (CassetteSlot:Slot11,Detail_objectId:2970299:service_10:69,State:NotPresent)",service_10,0.005
2025-06-03 11:35:16:517,service_21,package_3.interface_21.function_59,infrastructure,57d5d46a-130d-4bbc-bff5-a6251400608b,04272fdb-94f7-4a60-9314-058eb83b4b4f,"-> Client, 2970299:service_10:1, function_59",service_10,0.003
2025-06-03 11:35:16:520,service_21,package_3.interface_21.function_53,infrastructure,57d5d46a-130d-4bbc-bff5-a6251400608b,04272fdb-94f7-4a60-9314-058eb83b4b4f,"-> Client, 2970299:service_10:1, function_53 (CassetteSlot:Unknown,Detail_objectId:2970299:service_10:116,State:NotPresent)",service_10,0.004
2025-06-03 11:35:16:527,service_21,package_3.interface_21.function_62,infrastructure,57d5d46a-130d-4bbc-bff5-a6251400608b,04272fdb-94f7-4a60-9314-058eb83b4b4f,"-> Client, 2970299:service_10:1, function_62 (CassetteSlot:Slot11,Detail_objectId:2970299:service_10:69,State:NotPresent)",service_10,0.003
2025-06-03 11:35:16:599,service_21,package_3.package_4.interface_10.function_23,infrastructure,57d5d46a-130d-4bbc-bff5-a6251400608b,04272fdb-94f7-4a60-9314-058eb83b4b4f,"-> Client, 2970299:service_3:5, function_23 Slot11",service_3,0.003
2025-06-03 11:35:16:601,service_21,package_3.interface_21.function_32,infrastructure,-,-,"-> Client, 2970299:service_10:1, function_32 Unknown",service_10,0.001
2025-06-03 11:35:16:727,service_3,package_1.package_7.package_8.package_9.interface_16.function_3,infrastructure,57d5d46a-130d-4bbc-bff5-a6251400608b,04272fdb-94f7-4a60-9314-058eb83b4b4f,"-> Client, 2970299:service_4:34, function_3 Z, 0.040499999999999994",service_4,0.002
2025-06-03 11:35:16:730,service_3,package_1.package_7.package_8.package_9.interface_17.function_24,infrastructure,57d5d46a-130d-4bbc-bff5-a6251400608b,04272fdb-94f7-4a60-9314-058eb83b4b4f,"-> Client, 2970299:service_4:184, function_24",service_4,0.004
2025-06-03 11:35:16:731,service_4,package_3.package_10.interface_18.function_25,infrastructure,57d5d46a-130d-4bbc-bff5-a6251400608b,04272fdb-94f7-4a60-9314-058eb83b4b4f,"-> Client, 2970299:service_8:4, function_25 (MoveCorrection:,MoveType:Absolute,Parameterfunction_1:,Position:0.0405,Velocity:0)",service_8,0.003
2025-06-03 11:35:16:735,service_3,package_1.package_7.package_8.package_9.interface_17.function_26,infrastructure,57d5d46a-130d-4bbc-bff5-a6251400608b,04272fdb-94f7-4a60-9314-058eb83b4b4f,"-> Client, 2970299:service_4:184, function_26 60",service_4,0.115
2025-06-03 11:35:16:736,service_4,package_3.package_10.interface_18.function_26,infrastructure,57d5d46a-130d-4bbc-bff5-a6251400608b,04272fdb-94f7-4a60-9314-058eb83b4b4f,"-> Client, 2970299:service_8:4, function_26 60",service_8,0.114
2025-06-03 11:35:17:021,service_21,package_3.package_4.interface_20.function_34,infrastructure,57d5d46a-130d-4bbc-bff5-a6251400608b,04272fdb-94f7-4a60-9314-058eb83b4b4f,"-> Client, 2970299:service_3:9, function_34",service_3,0.002
2025-06-03 11:35:17:023,service_21,package_3.package_4.interface_20.function_35,infrastructure,57d5d46a-130d-4bbc-bff5-a6251400608b,04272fdb-94f7-4a60-9314-058eb83b4b4f,"-> Client, 2970299:service_3:9, function_35",service_3,0.0
2025-06-03 11:35:17:029,service_21,package_3.interface_21.function_32,infrastructure,57d5d46a-130d-4bbc-bff5-a6251400608b,04272fdb-94f7-4a60-9314-058eb83b4b4f,"-> Client, 2970299:service_10:1, function_32 Present",service_10,0.003
2025-06-03 11:35:17:033,service_21,package_3.interface_21.function_43,infrastructure,57d5d46a-130d-4bbc-bff5-a6251400608b,04272fdb-94f7-4a60-9314-058eb83b4b4f,"-> Client, 2970299:service_10:1, function_43 Unknown",service_10,0.002
2025-06-03 11:35:17:035,service_21,package_3.package_4.interface_22.function_44,infrastructure,57d5d46a-130d-4bbc-bff5-a6251400608b,04272fdb-94f7-4a60-9314-058eb83b4b4f,"-> Client, 2970299:service_3:2, function_44",service_3,0.008
2025-06-03 11:35:17:037,service_3,package_1.package_2.interface_1.function_1,infrastructure,57d5d46a-130d-4bbc-bff5-a6251400608b,04272fdb-94f7-4a60-9314-058eb83b4b4f,"-> Client, 2970299:service_18:226, function_1 1",service_18,0.006
2025-06-03 11:35:17:039,service_18,package_3.package_10.interface_13.function_44,infrastructure,57d5d46a-130d-4bbc-bff5-a6251400608b,04272fdb-94f7-4a60-9314-058eb83b4b4f,"-> Client, 2970299:service_8:2, function_44",service_8,0.004
2025-06-03 11:35:17:046,service_21,package_3.interface_21.function_43,infrastructure,-,-,"-> Client, 2970299:service_10:1, function_43 Unknown",service_10,0.003
2025-06-03 11:35:17:050,service_21,package_3.interface_21.function_43,infrastructure,-,-,"-> Client, 2970299:service_10:1, function_43 Unknown",service_10,0.002
2025-06-03 11:35:17:067,service_21,package_3.interface_21.function_43,infrastructure,-,-,"-> Client, 2970299:service_10:1, function_43 Unknown",service_10,0.001
2025-06-03 11:35:17:069,service_21,package_3.package_4.interface_10.function_23,infrastructure,57d5d46a-130d-4bbc-bff5-a6251400608b,04272fdb-94f7-4a60-9314-058eb83b4b4f,"-> Client, 2970299:service_3:5, function_23 Slot12",service_3,0.0
2025-06-03 11:35:17:071,service_21,package_3.interface_21.function_32,infrastructure,-,-,"-> Client, 2970299:service_10:1, function_32 Unknown",service_10,0.003
2025-06-03 11:35:17:211,service_3,package_1.package_7.package_8.package_9.interface_16.function_3,infrastructure,57d5d46a-130d-4bbc-bff5-a6251400608b,04272fdb-94f7-4a60-9314-058eb83b4b4f,"-> Client, 2970299:service_4:34, function_3 Z, 0.044",service_4,0.001
2025-06-03 11:35:17:213,service_4,package_3.package_10.interface_18.function_25,infrastructure,57d5d46a-130d-4bbc-bff5-a6251400608b,04272fdb-94f7-4a60-9314-058eb83b4b4f,"-> Client, 2970299:service_8:4, function_25 (MoveCorrection:,MoveType:Absolute,Parameterfunction_1:,Position:0.044,Velocity:0)",service_8,0.003
2025-06-03 11:35:17:213,service_3,package_1.package_7.package_8.package_9.interface_17.function_24,infrastructure,57d5d46a-130d-4bbc-bff5-a6251400608b,04272fdb-94f7-4a60-9314-058eb83b4b4f,"-> Client, 2970299:service_4:185, function_24",service_4,0.003
2025-06-03 11:35:17:216,service_3,package_1.package_7.package_8.package_9.interface_17.function_26,infrastructure,57d5d46a-130d-4bbc-bff5-a6251400608b,04272fdb-94f7-4a60-9314-058eb83b4b4f,"-> Client, 2970299:service_4:185, function_26 60",service_4,0.0
2025-06-03 11:35:17:217,service_4,package_3.package_10.interface_18.function_26,infrastructure,57d5d46a-130d-4bbc-bff5-a6251400608b,04272fdb-94f7-4a60-9314-058eb83b4b4f,"-> Client, 2970299:service_8:4, function_26 60",service_8,0.126
2025-06-03 11:35:17:350,service_21,package_3.package_4.interface_22.function_33,infrastructure,57d5d46a-130d-4bbc-bff5-a6251400608b,04272fdb-94f7-4a60-9314-058eb83b4b4f,"-> Client, 2970299:service_3:2, function_33",service_3,0.007
2025-06-03 11:35:17:351,service_3,package_1.package_2.interface_1.function_1,infrastructure,57d5d46a-130d-4bbc-bff5-a6251400608b,04272fdb-94f7-4a60-9314-058eb83b4b4f,"-> Client, 2970299:service_18:226, function_1 2",service_18,0.006
2025-06-03 11:35:17:353,service_18,package_3.package_10.interface_13.function_33,infrastructure,57d5d46a-130d-4bbc-bff5-a6251400608b,04272fdb-94f7-4a60-9314-058eb83b4b4f,"-> Client, 2970299:service_8:2, function_33",service_8,0.004
2025-06-03 11:35:17:397,service_21,package_3.interface_21.function_43,infrastructure,57d5d46a-130d-4bbc-bff5-a6251400608b,04272fdb-94f7-4a60-9314-058eb83b4b4f,"-> Client, 2970299:service_10:1, function_43 Slot12",service_10,0.003
2025-06-03 11:35:17:400,service_21,package_3.package_4.interface_10.function_23,infrastructure,57d5d46a-130d-4bbc-bff5-a6251400608b,04272fdb-94f7-4a60-9314-058eb83b4b4f,"-> Client, 2970299:service_3:5, function_23 Park",service_3,0.0
2025-06-03 11:35:17:402,service_21,package_3.interface_21.function_32,infrastructure,-,-,"-> Client, 2970299:service_10:1, function_32 Unknown",service_10,0.002
2025-06-03 11:35:17:551,service_3,package_1.package_7.package_8.package_9.interface_16.function_3,infrastructure,57d5d46a-130d-4bbc-bff5-a6251400608b,04272fdb-94f7-4a60-9314-058eb83b4b4f,"-> Client, 2970299:service_4:34, function_3 Z, 0",service_4,0.002
2025-06-03 11:35:17:556,service_3,package_1.package_7.package_8.package_9.interface_17.function_24,infrastructure,57d5d46a-130d-4bbc-bff5-a6251400608b,04272fdb-94f7-4a60-9314-058eb83b4b4f,"-> Client, 2970299:service_4:186, function_24",service_4,0.004
2025-06-03 11:35:17:557,service_4,package_3.package_10.interface_18.function_25,infrastructure,57d5d46a-130d-4bbc-bff5-a6251400608b,04272fdb-94f7-4a60-9314-058eb83b4b4f,"-> Client, 2970299:service_8:4, function_25 (MoveCorrection:,MoveType:Absolute,Parameterfunction_1:,Position:0,Velocity:0)",service_8,0.003
2025-06-03 11:35:17:561,service_3,package_1.package_7.package_8.package_9.interface_17.function_26,infrastructure,57d5d46a-130d-4bbc-bff5-a6251400608b,04272fdb-94f7-4a60-9314-058eb83b4b4f,"-> Client, 2970299:service_4:186, function_26 60",service_4,0.122
2025-06-03 11:35:17:562,service_4,package_3.package_10.interface_18.function_26,infrastructure,57d5d46a-130d-4bbc-bff5-a6251400608b,04272fdb-94f7-4a60-9314-058eb83b4b4f,"-> Client, 2970299:service_8:4, function_26 60",service_8,0.121
2025-06-03 11:35:17:843,service_21,package_3.package_4.interface_20.function_34,infrastructure,57d5d46a-130d-4bbc-bff5-a6251400608b,04272fdb-94f7-4a60-9314-058eb83b4b4f,"-> Client, 2970299:service_3:9, function_34",service_3,0.002
2025-06-03 11:35:17:846,service_21,package_3.package_4.interface_20.function_35,infrastructure,57d5d46a-130d-4bbc-bff5-a6251400608b,04272fdb-94f7-4a60-9314-058eb83b4b4f,"-> Client, 2970299:service_3:9, function_35",service_3,0.002
2025-06-03 11:35:17:852,service_21,package_3.interface_21.function_32,infrastructure,57d5d46a-130d-4bbc-bff5-a6251400608b,04272fdb-94f7-4a60-9314-058eb83b4b4f,"-> Client, 2970299:service_10:1, function_32 NotPresent",service_10,0.004
2025-06-03 11:35:17:856,service_21,package_3.package_4.interface_19.function_51,infrastructure,57d5d46a-130d-4bbc-bff5-a6251400608b,04272fdb-94f7-4a60-9314-058eb83b4b4f,"-> Client, 2970299:service_3:6, function_51",service_3,0.008
2025-06-03 11:35:17:858,service_3,package_1.package_2.interface_1.function_1,infrastructure,57d5d46a-130d-4bbc-bff5-a6251400608b,04272fdb-94f7-4a60-9314-058eb83b4b4f,"-> Client, 2970299:service_18:224, function_1 1",service_18,0.006
2025-06-03 11:35:17:860,service_18,package_3.package_10.interface_13.function_52,infrastructure,57d5d46a-130d-4bbc-bff5-a6251400608b,04272fdb-94f7-4a60-9314-058eb83b4b4f,"-> Client, 2970299:service_8:2, function_52",service_8,0.004
2025-06-03 11:35:17:869,service_21,package_3.interface_21.function_53,infrastructure,-,-,"-> Client, 2970299:service_10:1, function_53 (CassetteSlot:Unknown,Detail_objectId:2970299:service_10:117,State:Unknown)",service_10,0.003
2025-06-03 11:35:17:882,service_21,package_3.package_4.interface_15.function_23,infrastructure,57d5d46a-130d-4bbc-bff5-a6251400608b,04272fdb-94f7-4a60-9314-058eb83b4b4f,"-> Client, 2970299:service_3:4, function_23 Docker",service_3,0.004
2025-06-03 11:35:17:883,service_21,package_3.interface_21.function_53,infrastructure,-,-,"-> Client, 2970299:service_10:1, function_53 (CassetteSlot:Unknown,Detail_objectId:2970299:service_10:117,State:Unknown)",service_10,0.003
2025-06-03 11:35:18:185,service_3,package_1.package_7.package_8.package_9.interface_16.function_3,infrastructure,57d5d46a-130d-4bbc-bff5-a6251400608b,04272fdb-94f7-4a60-9314-058eb83b4b4f,"-> Client, 2970299:service_4:41, function_3 X, 0.018",service_4,0.002
2025-06-03 11:35:18:190,service_3,package_1.package_7.package_8.package_9.interface_17.function_24,infrastructure,57d5d46a-130d-4bbc-bff5-a6251400608b,04272fdb-94f7-4a60-9314-058eb83b4b4f,"-> Client, 2970299:service_4:187, function_24",service_4,0.004
2025-06-03 11:35:18:191,service_4,package_3.package_10.interface_18.function_25,infrastructure,57d5d46a-130d-4bbc-bff5-a6251400608b,04272fdb-94f7-4a60-9314-058eb83b4b4f,"-> Client, 2970299:service_8:3, function_25 (MoveCorrection:,MoveType:Absolute,Parameterfunction_1:,Position:0.018,Velocity:0)",service_8,0.003
2025-06-03 11:35:18:195,service_3,package_1.package_7.package_8.package_9.interface_17.function_26,infrastructure,57d5d46a-130d-4bbc-bff5-a6251400608b,04272fdb-94f7-4a60-9314-058eb83b4b4f,"-> Client, 2970299:service_4:187, function_26 60",service_4,0.0
2025-06-03 11:35:18:196,service_4,package_3.package_10.interface_18.function_26,infrastructure,57d5d46a-130d-4bbc-bff5-a6251400608b,04272fdb-94f7-4a60-9314-058eb83b4b4f,"-> Client, 2970299:service_8:3, function_26 60",service_8,0.114
2025-06-03 11:35:18:318,service_21,package_3.package_4.interface_19.function_27,infrastructure,57d5d46a-130d-4bbc-bff5-a6251400608b,04272fdb-94f7-4a60-9314-058eb83b4b4f,"-> Client, 2970299:service_3:6, function_27",service_3,0.006
2025-06-03 11:35:18:319,service_3,package_1.package_2.interface_1.function_1,infrastructure,57d5d46a-130d-4bbc-bff5-a6251400608b,04272fdb-94f7-4a60-9314-058eb83b4b4f,"-> Client, 2970299:service_18:224, function_1 2",service_18,0.005
2025-06-03 11:35:18:320,service_18,package_3.package_10.interface_13.function_29,infrastructure,57d5d46a-130d-4bbc-bff5-a6251400608b,04272fdb-94f7-4a60-9314-058eb83b4b4f,"-> Client, 2970299:service_8:2, function_29",service_8,0.004
2025-06-03 11:35:18:328,service_21,package_3.interface_21.function_53,infrastructure,-,-,"-> Client, 2970299:service_10:1, function_53 (CassetteSlot:Unknown,Detail_objectId:2970299:service_10:117,State:Unknown)",service_10,0.002
2025-06-03 11:35:18:344,service_21,package_3.interface_21.function_59,infrastructure,57d5d46a-130d-4bbc-bff5-a6251400608b,04272fdb-94f7-4a60-9314-058eb83b4b4f,"-> Client, 2970299:service_10:1, function_59",service_10,0.002
2025-06-03 11:35:18:346,service_21,package_3.interface_21.function_62,infrastructure,57d5d46a-130d-4bbc-bff5-a6251400608b,04272fdb-94f7-4a60-9314-058eb83b4b4f,"-> Client, 2970299:service_10:1, function_62 (CassetteSlot:Slot12,Detail_objectId:2970299:service_10:118,State:NotPresent)",service_10,0.0
2025-06-03 11:35:18:351,service_21,package_3.interface_21.function_53,infrastructure,57d5d46a-130d-4bbc-bff5-a6251400608b,04272fdb-94f7-4a60-9314-058eb83b4b4f,"-> Client, 2970299:service_10:1, function_53 (CassetteSlot:Slot12,Detail_objectId:2970299:service_10:70,State:NotPresent)",service_10,0.003
2025-06-03 11:35:18:358,service_21,package_3.package_4.interface_15.function_23,infrastructure,57d5d46a-130d-4bbc-bff5-a6251400608b,04272fdb-94f7-4a60-9314-058eb83b4b4f,"-> Client, 2970299:service_3:4, function_23 CartridgeDetectionBegin",service_3,0.313
2025-06-03 11:35:18:670,service_3,package_1.package_7.package_8.package_9.interface_16.function_3,infrastructure,57d5d46a-130d-4bbc-bff5-a6251400608b,04272fdb-94f7-4a60-9314-058eb83b4b4f,"-> Client, 2970299:service_4:41, function_3 X, 0.004",service_4,0.001
2025-06-03 11:35:18:673,service_3,package_1.package_7.package_8.package_9.interface_17.function_24,infrastructure,57d5d46a-130d-4bbc-bff5-a6251400608b,04272fdb-94f7-4a60-9314-058eb83b4b4f,"-> Client, 2970299:service_4:188, function_24",service_4,0.003
2025-06-03 11:35:18:674,service_4,package_3.package_10.interface_18.function_25,infrastructure,57d5d46a-130d-4bbc-bff5-a6251400608b,04272fdb-94f7-4a60-9314-058eb83b4b4f,"-> Client, 2970299:service_8:3, function_25 (MoveCorrection:,MoveType:Absolute,Parameterfunction_1:,Position:0.004,Velocity:0)",service_8,0.002
2025-06-03 11:35:18:677,service_3,package_1.package_7.package_8.package_9.interface_17.function_26,infrastructure,57d5d46a-130d-4bbc-bff5-a6251400608b,04272fdb-94f7-4a60-9314-058eb83b4b4f,"-> Client, 2970299:service_4:188, function_26 60",service_4,0.124
2025-06-03 11:35:18:678,service_4,package_3.package_10.interface_18.function_26,infrastructure,57d5d46a-130d-4bbc-bff5-a6251400608b,04272fdb-94f7-4a60-9314-058eb83b4b4f,"-> Client, 2970299:service_8:3, function_26 60",service_8,0.123
2025-06-03 11:35:18:809,service_21,package_3.package_4.interface_20.function_34,infrastructure,57d5d46a-130d-4bbc-bff5-a6251400608b,04272fdb-94f7-4a60-9314-058eb83b4b4f,"-> Client, 2970299:service_3:8, function_34",service_3,0.0
2025-06-03 11:35:18:810,service_3,package_1.package_2.interface_1.function_1,infrastructure,57d5d46a-130d-4bbc-bff5-a6251400608b,04272fdb-94f7-4a60-9314-058eb83b4b4f,"-> Client, 2970299:service_18:223, function_1 1",service_18,0.005
2025-06-03 11:35:18:812,service_18,package_3.package_10.interface_13.function_58,infrastructure,57d5d46a-130d-4bbc-bff5-a6251400608b,04272fdb-94f7-4a60-9314-058eb83b4b4f,"-> Client, 2970299:service_8:2, function_58",service_8,0.003
2025-06-03 11:35:18:821,service_21,package_3.package_4.interface_15.function_23,infrastructure,57d5d46a-130d-4bbc-bff5-a6251400608b,04272fdb-94f7-4a60-9314-058eb83b4b4f,"-> Client, 2970299:service_3:4, function_23 CartridgeDetectionEnd",service_3,0.302
2025-06-03 11:35:19:120,service_3,package_1.package_7.package_8.package_9.interface_16.function_3,infrastructure,57d5d46a-130d-4bbc-bff5-a6251400608b,04272fdb-94f7-4a60-9314-058eb83b4b4f,"-> Client, 2970299:service_4:41, function_3 X, 0.003",service_4,0.003
2025-06-03 11:35:19:126,service_3,package_1.package_7.package_8.package_9.interface_17.function_24,infrastructure,57d5d46a-130d-4bbc-bff5-a6251400608b,04272fdb-94f7-4a60-9314-058eb83b4b4f,"-> Client, 2970299:service_4:189, function_24",service_4,0.004
2025-06-03 11:35:19:127,service_4,package_3.package_10.interface_18.function_25,infrastructure,57d5d46a-130d-4bbc-bff5-a6251400608b,04272fdb-94f7-4a60-9314-058eb83b4b4f,"-> Client, 2970299:service_8:3, function_25 (MoveCorrection:,MoveType:Absolute,Parameterfunction_1:,Position:0.003,Velocity:0)",service_8,0.003
2025-06-03 11:35:19:131,service_3,package_1.package_7.package_8.package_9.interface_17.function_26,infrastructure,57d5d46a-130d-4bbc-bff5-a6251400608b,04272fdb-94f7-4a60-9314-058eb83b4b4f,"-> Client, 2970299:service_4:189, function_26 60",service_4,0.0
2025-06-03 11:35:19:133,service_4,package_3.package_10.interface_18.function_26,infrastructure,57d5d46a-130d-4bbc-bff5-a6251400608b,04272fdb-94f7-4a60-9314-058eb83b4b4f,"-> Client, 2970299:service_8:3, function_26 60",service_8,0.111
2025-06-03 11:35:19:250,service_21,package_3.package_4.interface_20.function_35,infrastructure,57d5d46a-130d-4bbc-bff5-a6251400608b,04272fdb-94f7-4a60-9314-058eb83b4b4f,"-> Client, 2970299:service_3:8, function_35",service_3,0.006
2025-06-03 11:35:19:251,service_3,package_1.package_2.interface_1.function_1,infrastructure,57d5d46a-130d-4bbc-bff5-a6251400608b,04272fdb-94f7-4a60-9314-058eb83b4b4f,"-> Client, 2970299:service_18:223, function_1 2",service_18,0.005
2025-06-03 11:35:19:252,service_18,package_3.package_10.interface_13.function_31,infrastructure,57d5d46a-130d-4bbc-bff5-a6251400608b,04272fdb-94f7-4a60-9314-058eb83b4b4f,"-> Client, 2970299:service_8:2, function_31",service_8,0.004
2025-06-03 11:35:19:268,service_21,package_3.interface_21.function_53,infrastructure,57d5d46a-130d-4bbc-bff5-a6251400608b,04272fdb-94f7-4a60-9314-058eb83b4b4f,"-> Client, 2970299:service_10:1, function_53 (CassetteSlot:Slot12,Detail_objectId:2970299:service_10:70,State:NotPresent)",service_10,0.002
2025-06-03 11:35:19:272,service_21,package_3.package_4.interface_15.function_23,infrastructure,57d5d46a-130d-4bbc-bff5-a6251400608b,04272fdb-94f7-4a60-9314-058eb83b4b4f,"-> Client, 2970299:service_3:4, function_23 Docker",service_3,0.291
2025-06-03 11:35:19:560,service_3,package_1.package_7.package_8.package_9.interface_16.function_3,infrastructure,57d5d46a-130d-4bbc-bff5-a6251400608b,04272fdb-94f7-4a60-9314-058eb83b4b4f,"-> Client, 2970299:service_4:41, function_3 X, 0.018",service_4,0.003
2025-06-03 11:35:19:564,service_3,package_1.package_7.package_8.package_9.interface_17.function_24,infrastructure,57d5d46a-130d-4bbc-bff5-a6251400608b,04272fdb-94f7-4a60-9314-058eb83b4b4f,"-> Client, 2970299:service_4:190, function_24",service_4,0.005
2025-06-03 11:35:19:566,service_4,package_3.package_10.interface_18.function_25,infrastructure,57d5d46a-130d-4bbc-bff5-a6251400608b,04272fdb-94f7-4a60-9314-058eb83b4b4f,"-> Client, 2970299:service_8:3, function_25 (MoveCorrection:,MoveType:Absolute,Parameterfunction_1:,Position:0.018,Velocity:0)",service_8,0.003
2025-06-03 11:35:19:571,service_3,package_1.package_7.package_8.package_9.interface_17.function_26,infrastructure,57d5d46a-130d-4bbc-bff5-a6251400608b,04272fdb-94f7-4a60-9314-058eb83b4b4f,"-> Client, 2970299:service_4:190, function_26 60",service_4,0.125
2025-06-03 11:35:19:572,service_4,package_3.package_10.interface_18.function_26,infrastructure,57d5d46a-130d-4bbc-bff5-a6251400608b,04272fdb-94f7-4a60-9314-058eb83b4b4f,"-> Client, 2970299:service_8:3, function_26 60",service_8,0.124
2025-06-03 11:35:19:704,service_21,package_3.package_4.interface_19.function_51,infrastructure,57d5d46a-130d-4bbc-bff5-a6251400608b,04272fdb-94f7-4a60-9314-058eb83b4b4f,"-> Client, 2970299:service_3:6, function_51",service_3,0.007
2025-06-03 11:35:19:705,service_3,package_1.package_2.interface_1.function_1,infrastructure,57d5d46a-130d-4bbc-bff5-a6251400608b,04272fdb-94f7-4a60-9314-058eb83b4b4f,"-> Client, 2970299:service_18:224, function_1 1",service_18,0.006
2025-06-03 11:35:19:707,service_18,package_3.package_10.interface_13.function_52,infrastructure,57d5d46a-130d-4bbc-bff5-a6251400608b,04272fdb-94f7-4a60-9314-058eb83b4b4f,"-> Client, 2970299:service_8:2, function_52",service_8,0.004
2025-06-03 11:35:19:715,service_21,package_3.interface_21.function_53,infrastructure,-,-,"-> Client, 2970299:service_10:1, function_53 (CassetteSlot:Slot12,Detail_objectId:2970299:service_10:70,State:Unknown)",service_10,0.003
2025-06-03 11:35:19:727,service_21,package_3.package_4.interface_15.function_23,infrastructure,57d5d46a-130d-4bbc-bff5-a6251400608b,04272fdb-94f7-4a60-9314-058eb83b4b4f,"-> Client, 2970299:service_3:4, function_23 CartridgeDetectionBegin",service_3,0.003
2025-06-03 11:35:19:728,service_21,package_3.interface_21.function_53,infrastructure,-,-,"-> Client, 2970299:service_10:1, function_53 (CassetteSlot:Slot12,Detail_objectId:2970299:service_10:70,State:Unknown)",service_10,0.002
2025-06-03 11:35:20:037,service_3,package_1.package_7.package_8.package_9.interface_16.function_3,infrastructure,57d5d46a-130d-4bbc-bff5-a6251400608b,04272fdb-94f7-4a60-9314-058eb83b4b4f,"-> Client, 2970299:service_4:41, function_3 X, 0.004",service_4,0.003
2025-06-03 11:35:20:042,service_4,package_3.package_10.interface_18.function_25,infrastructure,57d5d46a-130d-4bbc-bff5-a6251400608b,04272fdb-94f7-4a60-9314-058eb83b4b4f,"-> Client, 2970299:service_8:3, function_25 (MoveCorrection:,MoveType:Absolute,Parameterfunction_1:,Position:0.004,Velocity:0)",service_8,0.003
2025-06-03 11:35:20:042,service_3,package_1.package_7.package_8.package_9.interface_17.function_24,infrastructure,57d5d46a-130d-4bbc-bff5-a6251400608b,04272fdb-94f7-4a60-9314-058eb83b4b4f,"-> Client, 2970299:service_4:191, function_24",service_4,0.003
2025-06-03 11:35:20:046,service_3,package_1.package_7.package_8.package_9.interface_17.function_26,infrastructure,57d5d46a-130d-4bbc-bff5-a6251400608b,04272fdb-94f7-4a60-9314-058eb83b4b4f,"-> Client, 2970299:service_4:191, function_26 60",service_4,0.112
2025-06-03 11:35:20:047,service_4,package_3.package_10.interface_18.function_26,infrastructure,57d5d46a-130d-4bbc-bff5-a6251400608b,04272fdb-94f7-4a60-9314-058eb83b4b4f,"-> Client, 2970299:service_8:3, function_26 60",service_8,0.111
2025-06-03 11:35:20:163,service_21,package_3.package_4.interface_19.function_27,infrastructure,57d5d46a-130d-4bbc-bff5-a6251400608b,04272fdb-94f7-4a60-9314-058eb83b4b4f,"-> Client, 2970299:service_3:6, function_27",service_3,0.0
2025-06-03 11:35:20:164,service_3,package_1.package_2.interface_1.function_1,infrastructure,57d5d46a-130d-4bbc-bff5-a6251400608b,04272fdb-94f7-4a60-9314-058eb83b4b4f,"-> Client, 2970299:service_18:224, function_1 2",service_18,0.005
2025-06-03 11:35:20:166,service_18,package_3.package_10.interface_13.function_29,infrastructure,57d5d46a-130d-4bbc-bff5-a6251400608b,04272fdb-94f7-4a60-9314-058eb83b4b4f,"-> Client, 2970299:service_8:2, function_29",service_8,0.003
2025-06-03 11:35:20:172,service_21,package_3.interface_21.function_53,infrastructure,-,-,"-> Client, 2970299:service_10:1, function_53 (CassetteSlot:Slot12,Detail_objectId:2970299:service_10:70,State:Unknown)",service_10,0.001
2025-06-03 11:35:20:195,service_21,package_3.package_4.interface_15.function_23,infrastructure,57d5d46a-130d-4bbc-bff5-a6251400608b,04272fdb-94f7-4a60-9314-058eb83b4b4f,"-> Client, 2970299:service_3:4, function_23 CartridgeDetectionBegin",service_3,0.296
2025-06-03 11:35:20:489,service_3,package_1.package_7.package_8.package_9.interface_16.function_3,infrastructure,57d5d46a-130d-4bbc-bff5-a6251400608b,04272fdb-94f7-4a60-9314-058eb83b4b4f,"-> Client, 2970299:service_4:41, function_3 X, 0.004",service_4,0.002
2025-06-03 11:35:20:494,service_3,package_1.package_7.package_8.package_9.interface_17.function_24,infrastructure,57d5d46a-130d-4bbc-bff5-a6251400608b,04272fdb-94f7-4a60-9314-058eb83b4b4f,"-> Client, 2970299:service_4:192, function_24",service_4,0.003
2025-06-03 11:35:20:495,service_4,package_3.package_10.interface_18.function_25,infrastructure,57d5d46a-130d-4bbc-bff5-a6251400608b,04272fdb-94f7-4a60-9314-058eb83b4b4f,"-> Client, 2970299:service_8:3, function_25 (MoveCorrection:,MoveType:Absolute,Parameterfunction_1:,Position:0.004,Velocity:0)",service_8,0.002
2025-06-03 11:35:20:498,service_3,package_1.package_7.package_8.package_9.interface_17.function_26,infrastructure,57d5d46a-130d-4bbc-bff5-a6251400608b,04272fdb-94f7-4a60-9314-058eb83b4b4f,"-> Client, 2970299:service_4:192, function_26 60",service_4,0.0
2025-06-03 11:35:20:498,service_4,package_3.package_10.interface_18.function_26,infrastructure,57d5d46a-130d-4bbc-bff5-a6251400608b,04272fdb-94f7-4a60-9314-058eb83b4b4f,"-> Client, 2970299:service_8:3, function_26 60",service_8,0.0
2025-06-03 11:35:20:626,service_21,package_3.package_4.interface_20.function_34,infrastructure,57d5d46a-130d-4bbc-bff5-a6251400608b,04272fdb-94f7-4a60-9314-058eb83b4b4f,"-> Client, 2970299:service_3:8, function_34",service_3,0.0
2025-06-03 11:35:20:628,service_3,package_1.package_2.interface_1.function_1,infrastructure,57d5d46a-130d-4bbc-bff5-a6251400608b,04272fdb-94f7-4a60-9314-058eb83b4b4f,"-> Client, 2970299:service_18:223, function_1 1",service_18,0.004
2025-06-03 11:35:20:629,service_18,package_3.package_10.interface_13.function_58,infrastructure,57d5d46a-130d-4bbc-bff5-a6251400608b,04272fdb-94f7-4a60-9314-058eb83b4b4f,"-> Client, 2970299:service_8:2, function_58",service_8,0.003
2025-06-03 11:35:20:639,service_21,package_3.package_4.interface_15.function_23,infrastructure,57d5d46a-130d-4bbc-bff5-a6251400608b,04272fdb-94f7-4a60-9314-058eb83b4b4f,"-> Client, 2970299:service_3:4, function_23 CartridgeDetectionEnd",service_3,0.399
2025-06-03 11:35:21:036,service_3,package_1.package_7.package_8.package_9.interface_16.function_3,infrastructure,57d5d46a-130d-4bbc-bff5-a6251400608b,04272fdb-94f7-4a60-9314-058eb83b4b4f,"-> Client, 2970299:service_4:41, function_3 X, 0.003",service_4,0.002
2025-06-03 11:35:21:040,service_3,package_1.package_7.package_8.package_9.interface_17.function_24,infrastructure,57d5d46a-130d-4bbc-bff5-a6251400608b,04272fdb-94f7-4a60-9314-058eb83b4b4f,"-> Client, 2970299:service_4:193, function_24",service_4,0.004
2025-06-03 11:35:21:041,service_4,package_3.package_10.interface_18.function_25,infrastructure,57d5d46a-130d-4bbc-bff5-a6251400608b,04272fdb-94f7-4a60-9314-058eb83b4b4f,"-> Client, 2970299:service_8:3, function_25 (MoveCorrection:,MoveType:Absolute,Parameterfunction_1:,Position:0.003,Velocity:0)",service_8,0.003
2025-06-03 11:35:21:044,service_3,package_1.package_7.package_8.package_9.interface_17.function_26,infrastructure,57d5d46a-130d-4bbc-bff5-a6251400608b,04272fdb-94f7-4a60-9314-058eb83b4b4f,"-> Client, 2970299:service_4:193, function_26 60",service_4,0.0
2025-06-03 11:35:21:044,service_4,package_3.package_10.interface_18.function_26,infrastructure,57d5d46a-130d-4bbc-bff5-a6251400608b,04272fdb-94f7-4a60-9314-058eb83b4b4f,"-> Client, 2970299:service_8:3, function_26 60",service_8,0.0
2025-06-03 11:35:21:168,service_21,package_3.package_4.interface_20.function_35,infrastructure,57d5d46a-130d-4bbc-bff5-a6251400608b,04272fdb-94f7-4a60-9314-058eb83b4b4f,"-> Client, 2970299:service_3:8, function_35",service_3,0.008
2025-06-03 11:35:21:170,service_3,package_1.package_2.interface_1.function_1,infrastructure,57d5d46a-130d-4bbc-bff5-a6251400608b,04272fdb-94f7-4a60-9314-058eb83b4b4f,"-> Client, 2970299:service_18:223, function_1 2",service_18,0.006
2025-06-03 11:35:21:171,service_18,package_3.package_10.interface_13.function_31,infrastructure,57d5d46a-130d-4bbc-bff5-a6251400608b,04272fdb-94f7-4a60-9314-058eb83b4b4f,"-> Client, 2970299:service_8:2, function_31",service_8,0.005
2025-06-03 11:35:21:190,service_21,package_3.interface_21.function_53,infrastructure,57d5d46a-130d-4bbc-bff5-a6251400608b,04272fdb-94f7-4a60-9314-058eb83b4b4f,"-> Client, 2970299:service_10:1, function_53 (CassetteSlot:Slot12,Detail_objectId:2970299:service_10:70,State:NotPresent)",service_10,0.003
2025-06-03 11:35:21:193,service_21,package_3.package_4.interface_15.function_23,infrastructure,57d5d46a-130d-4bbc-bff5-a6251400608b,04272fdb-94f7-4a60-9314-058eb83b4b4f,"-> Client, 2970299:service_3:4, function_23 Park",service_3,0.0
2025-06-03 11:35:21:583,service_3,package_1.package_7.package_8.package_9.interface_16.function_3,infrastructure,57d5d46a-130d-4bbc-bff5-a6251400608b,04272fdb-94f7-4a60-9314-058eb83b4b4f,"-> Client, 2970299:service_4:41, function_3 X, 0",service_4,0.001
2025-06-03 11:35:21:585,service_3,package_1.package_7.package_8.package_9.interface_17.function_24,infrastructure,57d5d46a-130d-4bbc-bff5-a6251400608b,04272fdb-94f7-4a60-9314-058eb83b4b4f,"-> Client, 2970299:service_4:194, function_24",service_4,0.002
2025-06-03 11:35:21:585,service_4,package_3.package_10.interface_18.function_25,infrastructure,57d5d46a-130d-4bbc-bff5-a6251400608b,04272fdb-94f7-4a60-9314-058eb83b4b4f,"-> Client, 2970299:service_8:3, function_25 (MoveCorrection:,MoveType:Absolute,Parameterfunction_1:,Position:0,Velocity:0)",service_8,0.002
2025-06-03 11:35:21:587,service_3,package_1.package_7.package_8.package_9.interface_17.function_26,infrastructure,57d5d46a-130d-4bbc-bff5-a6251400608b,04272fdb-94f7-4a60-9314-058eb83b4b4f,"-> Client, 2970299:service_4:194, function_26 60",service_4,0.119
2025-06-03 11:35:21:588,service_4,package_3.package_10.interface_18.function_26,infrastructure,57d5d46a-130d-4bbc-bff5-a6251400608b,04272fdb-94f7-4a60-9314-058eb83b4b4f,"-> Client, 2970299:service_8:3, function_26 60",service_8,0.118
2025-06-03 11:35:21:714,service_21,package_3.interface_21.function_62,infrastructure,57d5d46a-130d-4bbc-bff5-a6251400608b,04272fdb-94f7-4a60-9314-058eb83b4b4f,"-> Client, 2970299:service_10:1, function_62 (CassetteSlot:Slot12,Detail_objectId:2970299:service_10:70,State:NotPresent)",service_10,0.003
2025-06-03 11:35:21:718,service_21,package_3.interface_21.function_59,infrastructure,57d5d46a-130d-4bbc-bff5-a6251400608b,04272fdb-94f7-4a60-9314-058eb83b4b4f,"-> Client, 2970299:service_10:1, function_59",service_10,0.002
2025-06-03 11:35:21:720,service_21,package_3.interface_21.function_53,infrastructure,57d5d46a-130d-4bbc-bff5-a6251400608b,04272fdb-94f7-4a60-9314-058eb83b4b4f,"-> Client, 2970299:service_10:1, function_53 (CassetteSlot:Unknown,Detail_objectId:2970299:service_10:119,State:NotPresent)",service_10,0.003
2025-06-03 11:35:21:724,service_21,package_3.interface_21.function_62,infrastructure,57d5d46a-130d-4bbc-bff5-a6251400608b,04272fdb-94f7-4a60-9314-058eb83b4b4f,"-> Client, 2970299:service_10:1, function_62 (CassetteSlot:Slot12,Detail_objectId:2970299:service_10:70,State:NotPresent)",service_10,0.002
2025-06-03 11:35:36:375,service_12,package_1.package_2.interface_1.function_1,infrastructure,-,-,"-> Client, 2970299:service_18:114, function_1 3",service_18,0.003
2025-06-03 11:35:36:375,service_17,package_1.package_2.interface_1.function_1,infrastructure,-,-,"-> Client, 2970299:service_19:34, function_1 3",service_19,0.003
2025-06-03 11:35:37:405,service_21,package_3.package_4.interface_31.function_63,infrastructure,a16bd573-419a-4f92-b491-ad8a9ceff621,cc478cdf-0288-4c94-87dc-e234921f9cb2,"-> Client, 2970299:service_3:3, function_63",service_3,0.009
2025-06-03 11:35:37:407,service_3,package_1.package_2.interface_1.function_1,infrastructure,a16bd573-419a-4f92-b491-ad8a9ceff621,cc478cdf-0288-4c94-87dc-e234921f9cb2,"-> Client, 2970299:service_18:221, function_1 1",service_18,0.007
2025-06-03 11:35:37:409,service_18,package_3.package_10.interface_13.function_64,infrastructure,a16bd573-419a-4f92-b491-ad8a9ceff621,cc478cdf-0288-4c94-87dc-e234921f9cb2,"-> Client, 2970299:service_8:2, function_64",service_8,0.005
2025-06-03 11:35:47:491,service_21,package_3.interface_27.function_65,infrastructure,a16bd573-419a-4f92-b491-ad8a9ceff621,cc478cdf-0288-4c94-87dc-e234921f9cb2,"-> Client, 2970299:service_14:1, function_65",service_14,0.003
2025-06-03 11:35:47:494,service_21,package_3.package_14.interface_32.function_24,infrastructure,a16bd573-419a-4f92-b491-ad8a9ceff621,cc478cdf-0288-4c94-87dc-e234921f9cb2,"-> Client, 2970299:service_14:21, function_24",service_14,0.0
2025-06-03 11:35:47:978,service_14,package_3.package_11.package_13.interface_28.function_56,infrastructure,-,-,"-> Client, 2970299:service_13:7, function_56",service_13,0.005
2025-06-03 11:35:47:979,service_13,package_1.package_2.interface_1.function_1,infrastructure,b50583bb-8ff7-4549-86ae-9d28fa4f99a1,adfa2723-c7d3-44da-883f-4d9ef28df767,"-> Client, 2970299:service_18:16, function_1 2",service_18,0.004
2025-06-03 11:35:47:980,service_18,package_3.package_10.interface_29.function_56,infrastructure,b50583bb-8ff7-4549-86ae-9d28fa4f99a1,adfa2723-c7d3-44da-883f-4d9ef28df767,"-> Client, 2970299:service_8:11, function_56",service_8,0.003
2025-06-03 11:35:48:116,service_14,package_3.package_11.package_13.interface_33.function_66,infrastructure,-,-,"-> Client, 2970299:service_13:12, function_66",service_13,0.01
2025-06-03 11:35:48:119,service_13,package_1.package_2.interface_1.function_1,infrastructure,16c43300-2f6f-49be-bd0b-8269e5d673df,288c42dc-fac1-4081-81e8-8e94c662f0e3,"-> Client, 2970299:service_18:63, function_1 1",service_18,0.007
2025-06-03 11:35:48:120,service_18,package_3.package_10.interface_34.function_67,infrastructure,16c43300-2f6f-49be-bd0b-8269e5d673df,288c42dc-fac1-4081-81e8-8e94c662f0e3,"-> Client, 2970299:service_8:31, function_67",service_8,0.006
2025-06-03 11:35:48:137,service_14,package_3.package_11.package_13.interface_28.function_56,infrastructure,-,-,"-> Client, 2970299:service_13:8, function_56",service_13,0.008
2025-06-03 11:35:48:140,service_13,package_1.package_2.interface_1.function_1,infrastructure,2fc79bcd-6b51-4d91-be23-b9179831b872,8b381aa7-8a22-478b-8e96-0d5cc75dca61,"-> Client, 2970299:service_18:12, function_1 2",service_18,0.005
2025-06-03 11:35:48:141,service_18,package_3.package_10.interface_29.function_56,infrastructure,2fc79bcd-6b51-4d91-be23-b9179831b872,8b381aa7-8a22-478b-8e96-0d5cc75dca61,"-> Client, 2970299:service_8:12, function_56",service_8,0.004
2025-06-03 11:35:50:302,service_14,package_3.package_11.package_13.interface_28.function_47,infrastructure,-,-,"-> Client, 2970299:service_13:10, function_47",service_13,0.009
2025-06-03 11:35:50:305,service_13,package_1.package_2.interface_1.function_1,infrastructure,64b2d684-8a18-4159-a16a-47f815bb73c9,c56cacbb-0abf-43fb-885b-864ac07ac0ee,"-> Client, 2970299:service_18:22, function_1 1",service_18,0.006
2025-06-03 11:35:50:307,service_18,package_3.package_10.interface_29.function_47,infrastructure,64b2d684-8a18-4159-a16a-47f815bb73c9,c56cacbb-0abf-43fb-885b-864ac07ac0ee,"-> Client, 2970299:service_8:14, function_47",service_8,0.004
2025-06-03 11:35:50:442,service_14,package_3.package_11.package_13.interface_28.function_56,infrastructure,-,-,"-> Client, 2970299:service_13:10, function_56",service_13,0.008
2025-06-03 11:35:50:444,service_13,package_1.package_2.interface_1.function_1,infrastructure,867313a4-e7ef-4811-90df-c4519a718a4f,4ee8b820-bd89-4a89-93f9-782d3e2d0654,"-> Client, 2970299:service_18:22, function_1 2",service_18,0.006
2025-06-03 11:35:50:446,service_18,package_3.package_10.interface_29.function_56,infrastructure,867313a4-e7ef-4811-90df-c4519a718a4f,4ee8b820-bd89-4a89-93f9-782d3e2d0654,"-> Client, 2970299:service_8:14, function_56",service_8,0.004
2025-06-03 11:35:50:591,service_21,package_3.interface_2.function_68,infrastructure,a16bd573-419a-4f92-b491-ad8a9ceff621,cc478cdf-0288-4c94-87dc-e234921f9cb2,"-> Client, 2970299:service_14:1, function_68 Required",service_14,0.003
2025-06-03 11:35:50:594,service_21,package_3.interface_26.function_24,infrastructure,a16bd573-419a-4f92-b491-ad8a9ceff621,cc478cdf-0288-4c94-87dc-e234921f9cb2,"-> Client, 2970299:service_14:29, function_24",service_14,0.0
2025-06-03 11:35:51:608,service_14,package_3.package_11.package_13.interface_28.function_47,infrastructure,-,-,"-> Client, 2970299:service_13:10, function_47",service_13,0.01
2025-06-03 11:35:51:612,service_13,package_1.package_2.interface_1.function_1,infrastructure,ec00f206-9801-4c89-81af-156b7168adb0,8dce24eb-562b-4b5c-9499-fd00a1d4c33b,"-> Client, 2970299:service_18:22, function_1 1",service_18,0.006
2025-06-03 11:35:51:614,service_18,package_3.package_10.interface_29.function_47,infrastructure,ec00f206-9801-4c89-81af-156b7168adb0,8dce24eb-562b-4b5c-9499-fd00a1d4c33b,"-> Client, 2970299:service_8:14, function_47",service_8,0.004
2025-06-03 11:35:51:748,service_14,package_3.package_11.package_13.interface_28.function_47,infrastructure,-,-,"-> Client, 2970299:service_13:5, function_47",service_13,0.009
2025-06-03 11:35:51:752,service_13,package_1.package_2.interface_1.function_1,infrastructure,35a5aac1-709e-4383-bf39-4090b67e029f,eed1210e-42d7-4314-8f16-af11d3b9920f,"-> Client, 2970299:service_18:8, function_1 1",service_18,0.005
2025-06-03 11:35:51:753,service_18,package_3.package_10.interface_29.function_47,infrastructure,35a5aac1-709e-4383-bf39-4090b67e029f,eed1210e-42d7-4314-8f16-af11d3b9920f,"-> Client, 2970299:service_8:9, function_47",service_8,0.004
2025-06-03 11:35:51:892,service_21,package_3.package_4.interface_10.function_23,infrastructure,a16bd573-419a-4f92-b491-ad8a9ceff621,cc478cdf-0288-4c94-87dc-e234921f9cb2,"-> Client, 2970299:service_3:5, function_23 Slot12",service_3,0.007
2025-06-03 11:35:51:896,service_21,package_3.interface_21.function_32,infrastructure,-,-,"-> Client, 2970299:service_10:1, function_32 Unknown",service_10,0.003
2025-06-03 11:35:52:047,service_3,package_1.package_7.package_8.package_9.interface_16.function_3,infrastructure,a16bd573-419a-4f92-b491-ad8a9ceff621,cc478cdf-0288-4c94-87dc-e234921f9cb2,"-> Client, 2970299:service_4:34, function_3 Z, 0.044",service_4,0.003
2025-06-03 11:35:52:053,service_3,package_1.package_7.package_8.package_9.interface_17.function_24,infrastructure,a16bd573-419a-4f92-b491-ad8a9ceff621,cc478cdf-0288-4c94-87dc-e234921f9cb2,"-> Client, 2970299:service_4:195, function_24",service_4,0.005
2025-06-03 11:35:52:054,service_4,package_3.package_10.interface_18.function_25,infrastructure,a16bd573-419a-4f92-b491-ad8a9ceff621,cc478cdf-0288-4c94-87dc-e234921f9cb2,"-> Client, 2970299:service_8:4, function_25 (MoveCorrection:,MoveType:Absolute,Parameterfunction_1:,Position:0.044,Velocity:0)",service_8,0.004
2025-06-03 11:35:52:059,service_3,package_1.package_7.package_8.package_9.interface_17.function_26,infrastructure,a16bd573-419a-4f92-b491-ad8a9ceff621,cc478cdf-0288-4c94-87dc-e234921f9cb2,"-> Client, 2970299:service_4:195, function_26 60",service_4,0.115
2025-06-03 11:35:52:061,service_4,package_3.package_10.interface_18.function_26,infrastructure,a16bd573-419a-4f92-b491-ad8a9ceff621,cc478cdf-0288-4c94-87dc-e234921f9cb2,"-> Client, 2970299:service_8:4, function_26 60",service_8,0.113
2025-06-03 11:35:52:182,service_21,package_3.interface_21.function_43,infrastructure,a16bd573-419a-4f92-b491-ad8a9ceff621,cc478cdf-0288-4c94-87dc-e234921f9cb2,"-> Client, 2970299:service_10:1, function_43 Unknown",service_10,0.003
2025-06-03 11:35:52:186,service_21,package_3.package_4.interface_22.function_44,infrastructure,a16bd573-419a-4f92-b491-ad8a9ceff621,cc478cdf-0288-4c94-87dc-e234921f9cb2,"-> Client, 2970299:service_3:2, function_44",service_3,0.007
2025-06-03 11:35:52:187,service_3,package_1.package_2.interface_1.function_1,infrastructure,a16bd573-419a-4f92-b491-ad8a9ceff621,cc478cdf-0288-4c94-87dc-e234921f9cb2,"-> Client, 2970299:service_18:226, function_1 1",service_18,0.006
2025-06-03 11:35:52:189,service_18,package_3.package_10.interface_13.function_44,infrastructure,a16bd573-419a-4f92-b491-ad8a9ceff621,cc478cdf-0288-4c94-87dc-e234921f9cb2,"-> Client, 2970299:service_8:2, function_44",service_8,0.004
2025-06-03 11:35:52:197,service_21,package_3.interface_21.function_43,infrastructure,-,-,"-> Client, 2970299:service_10:1, function_43 Unknown",service_10,0.003
2025-06-03 11:35:52:202,service_21,package_3.interface_21.function_43,infrastructure,-,-,"-> Client, 2970299:service_10:1, function_43 Unknown",service_10,0.002
2025-06-03 11:35:52:221,service_21,package_3.interface_21.function_43,infrastructure,-,-,"-> Client, 2970299:service_10:1, function_43 Unknown",service_10,0.002
2025-06-03 11:35:52:223,service_21,package_3.package_4.interface_10.function_23,infrastructure,a16bd573-419a-4f92-b491-ad8a9ceff621,cc478cdf-0288-4c94-87dc-e234921f9cb2,"-> Client, 2970299:service_3:5, function_23 Capsule",service_3,0.001
2025-06-03 11:35:52:226,service_21,package_3.interface_21.function_32,infrastructure,-,-,"-> Client, 2970299:service_10:1, function_32 Unknown",service_10,0.002
2025-06-03 11:35:52:436,service_3,package_1.package_7.package_8.package_9.interface_16.function_3,infrastructure,a16bd573-419a-4f92-b491-ad8a9ceff621,cc478cdf-0288-4c94-87dc-e234921f9cb2,"-> Client, 2970299:service_4:34, function_3 Z, 0.19",service_4,0.003
2025-06-03 11:35:52:441,service_3,package_1.package_7.package_8.package_9.interface_17.function_24,infrastructure,a16bd573-419a-4f92-b491-ad8a9ceff621,cc478cdf-0288-4c94-87dc-e234921f9cb2,"-> Client, 2970299:service_4:196, function_24",service_4,0.003
2025-06-03 11:35:52:442,service_4,package_3.package_10.interface_18.function_25,infrastructure,a16bd573-419a-4f92-b491-ad8a9ceff621,cc478cdf-0288-4c94-87dc-e234921f9cb2,"-> Client, 2970299:service_8:4, function_25 (MoveCorrection:,MoveType:Absolute,Parameterfunction_1:,Position:0.19,Velocity:0)",service_8,0.002
2025-06-03 11:35:52:445,service_3,package_1.package_7.package_8.package_9.interface_17.function_26,infrastructure,a16bd573-419a-4f92-b491-ad8a9ceff621,cc478cdf-0288-4c94-87dc-e234921f9cb2,"-> Client, 2970299:service_4:196, function_26 60",service_4,0.129
2025-06-03 11:35:52:446,service_4,package_3.package_10.interface_18.function_26,infrastructure,a16bd573-419a-4f92-b491-ad8a9ceff621,cc478cdf-0288-4c94-87dc-e234921f9cb2,"-> Client, 2970299:service_8:4, function_26 60",service_8,0.128
2025-06-03 11:35:52:581,service_21,package_3.interface_21.function_69,infrastructure,a16bd573-419a-4f92-b491-ad8a9ceff621,cc478cdf-0288-4c94-87dc-e234921f9cb2,"-> Client, 2970299:service_10:1, function_69 list[size:0]",service_10,0.037
2025-06-03 11:35:52:624,service_21,package_3.interface_21.function_53,infrastructure,a16bd573-419a-4f92-b491-ad8a9ceff621,cc478cdf-0288-4c94-87dc-e234921f9cb2,"-> Client, 2970299:service_10:1, function_53 (CassetteSlot:Unknown,Detail_objectId:2970299:service_10:120,State:NotPresent)",service_10,0.003
2025-06-03 11:35:52:627,service_21,package_3.interface_21.function_54,infrastructure,a16bd573-419a-4f92-b491-ad8a9ceff621,cc478cdf-0288-4c94-87dc-e234921f9cb2,"-> Client, 2970299:service_10:1, function_54 (CassetteSlot:Unknown,Detail_objectId:2970299:service_10:84,State:NotPresent)",service_10,0.002
2025-06-03 11:35:52:629,service_21,package_3.package_4.interface_19.function_51,infrastructure,a16bd573-419a-4f92-b491-ad8a9ceff621,cc478cdf-0288-4c94-87dc-e234921f9cb2,"-> Client, 2970299:service_3:7, function_51",service_3,0.006
2025-06-03 11:35:52:630,service_3,package_1.package_2.interface_1.function_1,infrastructure,a16bd573-419a-4f92-b491-ad8a9ceff621,cc478cdf-0288-4c94-87dc-e234921f9cb2,"-> Client, 2970299:service_18:225, function_1 1",service_18,0.005
2025-06-03 11:35:52:632,service_18,package_3.package_10.interface_13.function_70,infrastructure,a16bd573-419a-4f92-b491-ad8a9ceff621,cc478cdf-0288-4c94-87dc-e234921f9cb2,"-> Client, 2970299:service_8:2, function_70",service_8,0.003
2025-06-03 11:35:52:636,service_21,package_3.interface_21.function_32,infrastructure,-,-,"-> Client, 2970299:service_10:1, function_32 Unknown",service_10,0.001
2025-06-03 11:35:52:639,service_21,package_3.interface_21.function_32,infrastructure,-,-,"-> Client, 2970299:service_10:1, function_32 Unknown",service_10,0.0
2025-06-03 11:35:52:647,service_21,package_3.interface_21.function_32,infrastructure,-,-,"-> Client, 2970299:service_10:1, function_32 Unknown",service_10,0.001
2025-06-03 11:35:52:648,service_21,package_3.package_4.interface_19.function_51,infrastructure,a16bd573-419a-4f92-b491-ad8a9ceff621,cc478cdf-0288-4c94-87dc-e234921f9cb2,"-> Client, 2970299:service_3:7, function_51",service_3,0.0
2025-06-03 11:35:52:649,service_3,package_1.package_2.interface_1.function_1,infrastructure,a16bd573-419a-4f92-b491-ad8a9ceff621,cc478cdf-0288-4c94-87dc-e234921f9cb2,"-> Client, 2970299:service_18:225, function_1 1",service_18,0.005
2025-06-03 11:35:52:650,service_18,package_3.package_10.interface_13.function_70,infrastructure,a16bd573-419a-4f92-b491-ad8a9ceff621,cc478cdf-0288-4c94-87dc-e234921f9cb2,"-> Client, 2970299:service_8:2, function_70",service_8,0.004
2025-06-03 11:35:52:655,service_21,package_3.interface_21.function_32,infrastructure,-,-,"-> Client, 2970299:service_10:1, function_32 Unknown",service_10,0.0
2025-06-03 11:35:52:680,service_21,package_3.interface_21.function_32,infrastructure,-,-,"-> Client, 2970299:service_10:1, function_32 Unknown",service_10,0.002
2025-06-03 11:35:52:682,service_21,package_3.package_4.interface_10.function_23,infrastructure,a16bd573-419a-4f92-b491-ad8a9ceff621,cc478cdf-0288-4c94-87dc-e234921f9cb2,"-> Client, 2970299:service_3:5, function_23 Park",service_3,0.001
2025-06-03 11:35:52:684,service_21,package_3.interface_21.function_32,infrastructure,-,-,"-> Client, 2970299:service_10:1, function_32 Unknown",service_10,0.002
2025-06-03 11:35:52:809,service_3,package_1.package_7.package_8.package_9.interface_16.function_3,infrastructure,a16bd573-419a-4f92-b491-ad8a9ceff621,cc478cdf-0288-4c94-87dc-e234921f9cb2,"-> Client, 2970299:service_4:34, function_3 Z, 0",service_4,0.002
2025-06-03 11:35:52:814,service_3,package_1.package_7.package_8.package_9.interface_17.function_24,infrastructure,a16bd573-419a-4f92-b491-ad8a9ceff621,cc478cdf-0288-4c94-87dc-e234921f9cb2,"-> Client, 2970299:service_4:197, function_24",service_4,0.004
2025-06-03 11:35:52:815,service_4,package_3.package_10.interface_18.function_25,infrastructure,a16bd573-419a-4f92-b491-ad8a9ceff621,cc478cdf-0288-4c94-87dc-e234921f9cb2,"-> Client, 2970299:service_8:4, function_25 (MoveCorrection:,MoveType:Absolute,Parameterfunction_1:,Position:0,Velocity:0)",service_8,0.003
2025-06-03 11:35:52:820,service_3,package_1.package_7.package_8.package_9.interface_17.function_26,infrastructure,a16bd573-419a-4f92-b491-ad8a9ceff621,cc478cdf-0288-4c94-87dc-e234921f9cb2,"-> Client, 2970299:service_4:197, function_26 60",service_4,0.124
2025-06-03 11:35:52:821,service_4,package_3.package_10.interface_18.function_26,infrastructure,a16bd573-419a-4f92-b491-ad8a9ceff621,cc478cdf-0288-4c94-87dc-e234921f9cb2,"-> Client, 2970299:service_8:4, function_26 60",service_8,0.123
2025-06-03 11:35:52:952,service_21,package_3.interface_2.function_71,infrastructure,a16bd573-419a-4f92-b491-ad8a9ceff621,cc478cdf-0288-4c94-87dc-e234921f9cb2,"-> Client, 2970299:service_14:1, function_71",service_14,0.111
2025-06-03 11:35:53:922,service_14,package_3.package_11.package_13.interface_28.function_56,infrastructure,-,-,"-> Client, 2970299:service_13:5, function_56",service_13,0.006
2025-06-03 11:35:53:924,service_13,package_1.package_2.interface_1.function_1,infrastructure,0628a22e-a6c3-435a-83c4-f9594c022afe,061adc64-d176-4e04-86ef-7e5154122ca5,"-> Client, 2970299:service_18:8, function_1 2",service_18,0.004
2025-06-03 11:35:53:925,service_18,package_3.package_10.interface_29.function_56,infrastructure,0628a22e-a6c3-435a-83c4-f9594c022afe,061adc64-d176-4e04-86ef-7e5154122ca5,"-> Client, 2970299:service_8:9, function_56",service_8,0.003
2025-06-03 11:35:54:044,service_14,package_3.package_11.package_13.interface_28.function_56,infrastructure,-,-,"-> Client, 2970299:service_13:10, function_56",service_13,0.006
2025-06-03 11:35:54:045,service_13,package_1.package_2.interface_1.function_1,infrastructure,62ad6922-fde4-4281-bbcd-8f9dc2d5e710,fce4613f-e353-4abb-811f-d98f3a836ca3,"-> Client, 2970299:service_18:22, function_1 2",service_18,0.005
2025-06-03 11:35:54:046,service_18,package_3.package_10.interface_29.function_56,infrastructure,62ad6922-fde4-4281-bbcd-8f9dc2d5e710,fce4613f-e353-4abb-811f-d98f3a836ca3,"-> Client, 2970299:service_8:14, function_56",service_8,0.004
2025-06-03 11:35:54:191,service_21,package_3.package_4.interface_31.function_72,infrastructure,a16bd573-419a-4f92-b491-ad8a9ceff621,cc478cdf-0288-4c94-87dc-e234921f9cb2,"-> Client, 2970299:service_3:3, function_72",service_3,0.009
2025-06-03 11:35:54:193,service_3,package_1.package_2.interface_1.function_1,infrastructure,a16bd573-419a-4f92-b491-ad8a9ceff621,cc478cdf-0288-4c94-87dc-e234921f9cb2,"-> Client, 2970299:service_18:221, function_1 2",service_18,0.007
2025-06-03 11:35:54:195,service_18,package_3.package_10.interface_13.function_73,infrastructure,a16bd573-419a-4f92-b491-ad8a9ceff621,cc478cdf-0288-4c94-87dc-e234921f9cb2,"-> Client, 2970299:service_8:2, function_73",service_8,0.005
2025-06-03 11:35:54:223,service_21,package_3.package_4.interface_19.function_27,infrastructure,a16bd573-419a-4f92-b491-ad8a9ceff621,cc478cdf-0288-4c94-87dc-e234921f9cb2,"-> Client, 2970299:service_3:7, function_27",service_3,0.006
2025-06-03 11:35:54:224,service_3,package_1.package_2.interface_1.function_1,infrastructure,a16bd573-419a-4f92-b491-ad8a9ceff621,cc478cdf-0288-4c94-87dc-e234921f9cb2,"-> Client, 2970299:service_18:225, function_1 2",service_18,0.005
2025-06-03 11:35:54:226,service_18,package_3.package_10.interface_13.function_28,infrastructure,a16bd573-419a-4f92-b491-ad8a9ceff621,cc478cdf-0288-4c94-87dc-e234921f9cb2,"-> Client, 2970299:service_8:2, function_28",service_8,0.003
2025-06-03 11:35:54:251,service_21,package_3.package_4.interface_22.function_33,infrastructure,a16bd573-419a-4f92-b491-ad8a9ceff621,cc478cdf-0288-4c94-87dc-e234921f9cb2,"-> Client, 2970299:service_3:2, function_33",service_3,0.005
2025-06-03 11:35:54:252,service_3,package_1.package_2.interface_1.function_1,infrastructure,a16bd573-419a-4f92-b491-ad8a9ceff621,cc478cdf-0288-4c94-87dc-e234921f9cb2,"-> Client, 2970299:service_18:226, function_1 2",service_18,0.004
2025-06-03 11:35:54:253,service_18,package_3.package_10.interface_13.function_33,infrastructure,a16bd573-419a-4f92-b491-ad8a9ceff621,cc478cdf-0288-4c94-87dc-e234921f9cb2,"-> Client, 2970299:service_8:2, function_33",service_8,0.003
2025-06-03 11:35:54:479,service_21,package_3.package_4.interface_20.function_34,infrastructure,a16bd573-419a-4f92-b491-ad8a9ceff621,cc478cdf-0288-4c94-87dc-e234921f9cb2,"-> Client, 2970299:service_3:9, function_34",service_3,0.001
2025-06-03 11:35:54:480,service_21,package_3.package_4.interface_20.function_35,infrastructure,a16bd573-419a-4f92-b491-ad8a9ceff621,cc478cdf-0288-4c94-87dc-e234921f9cb2,"-> Client, 2970299:service_3:9, function_35",service_3,0.0
2025-06-03 11:35:54:483,service_21,package_3.interface_21.function_32,infrastructure,a16bd573-419a-4f92-b491-ad8a9ceff621,cc478cdf-0288-4c94-87dc-e234921f9cb2,"-> Client, 2970299:service_10:1, function_32 NotPresent",service_10,0.002
2025-06-03 11:35:54:486,service_21,package_3.interface_27.function_74,infrastructure,a16bd573-419a-4f92-b491-ad8a9ceff621,cc478cdf-0288-4c94-87dc-e234921f9cb2,"-> Client, 2970299:service_14:1, function_74",service_14,0.003
2025-06-03 11:35:54:489,service_21,package_3.package_14.interface_32.function_24,infrastructure,a16bd573-419a-4f92-b491-ad8a9ceff621,cc478cdf-0288-4c94-87dc-e234921f9cb2,"-> Client, 2970299:service_14:18, function_24",service_14,0.0
2025-06-03 11:35:55:242,service_14,package_3.package_11.package_13.interface_28.function_47,infrastructure,-,-,"-> Client, 2970299:service_13:8, function_47",service_13,0.008
2025-06-03 11:35:55:245,service_13,package_1.package_2.interface_1.function_1,infrastructure,550c5e3f-a12b-4ef5-b2eb-eb87279a9e25,a557eb9c-99aa-4fd6-a3f4-9b398800dc3b,"-> Client, 2970299:service_18:12, function_1 1",service_18,0.005
2025-06-03 11:35:55:246,service_18,package_3.package_10.interface_29.function_47,infrastructure,550c5e3f-a12b-4ef5-b2eb-eb87279a9e25,a557eb9c-99aa-4fd6-a3f4-9b398800dc3b,"-> Client, 2970299:service_8:12, function_47",service_8,0.004
2025-06-03 11:35:56:389,service_17,package_1.package_2.interface_1.function_1,infrastructure,-,-,"-> Client, 2970299:service_19:34, function_1 3",service_19,0.002
2025-06-03 11:35:56:389,service_12,package_1.package_2.interface_1.function_1,infrastructure,-,-,"-> Client, 2970299:service_18:114, function_1 3",service_18,0.002
2025-06-03 11:35:58:378,service_14,package_3.package_11.package_13.interface_28.function_47,infrastructure,-,-,"-> Client, 2970299:service_13:7, function_47",service_13,0.007
2025-06-03 11:35:58:381,service_18,package_3.package_10.interface_29.function_47,infrastructure,82ef01e4-6575-46b4-b59d-01b47548d104,b94df113-17aa-4716-9083-7e8996814ff1,"-> Client, 2970299:service_8:11, function_47",service_8,0.004
2025-06-03 11:35:58:381,service_13,package_1.package_2.interface_1.function_1,infrastructure,82ef01e4-6575-46b4-b59d-01b47548d104,b94df113-17aa-4716-9083-7e8996814ff1,"-> Client, 2970299:service_18:16, function_1 1",service_18,0.004
2025-06-03 11:35:58:513,service_14,package_3.package_11.package_13.interface_33.function_75,infrastructure,-,-,"-> Client, 2970299:service_13:12, function_75",service_13,0.015
2025-06-03 11:35:58:516,service_13,package_1.package_2.interface_1.function_1,infrastructure,1fee84ca-b7bc-473d-a3af-166c6499e23c,f2f47e86-bfe0-4b2c-a285-9a34687c7c36,"-> Client, 2970299:service_18:63, function_1 2",service_18,0.012
2025-06-03 11:35:58:517,service_18,package_3.package_10.interface_34.function_76,infrastructure,1fee84ca-b7bc-473d-a3af-166c6499e23c,f2f47e86-bfe0-4b2c-a285-9a34687c7c36,"-> Client, 2970299:service_8:31, function_76",service_8,0.011
2025-06-03 11:36:06:540,service_21,package_3.package_4.interface_5.function_39,infrastructure,a16bd573-419a-4f92-b491-ad8a9ceff621,cc478cdf-0288-4c94-87dc-e234921f9cb2,"-> Client, 2970299:service_3:1, function_39",service_3,0.005
2025-06-03 11:36:06:542,service_3,package_1.package_2.interface_1.function_1,infrastructure,a16bd573-419a-4f92-b491-ad8a9ceff621,cc478cdf-0288-4c94-87dc-e234921f9cb2,"-> Client, 2970299:service_18:222, function_1 1",service_18,0.003
2025-06-03 11:36:06:552,service_21,package_3.package_4.interface_3.function_40,infrastructure,a16bd573-419a-4f92-b491-ad8a9ceff621,cc478cdf-0288-4c94-87dc-e234921f9cb2,"-> Client, 2970299:service_3:4, function_40 0.0035",service_3,0.006
2025-06-03 11:36:06:555,service_3,package_1.package_7.package_8.package_9.interface_16.function_3,infrastructure,a16bd573-419a-4f92-b491-ad8a9ceff621,cc478cdf-0288-4c94-87dc-e234921f9cb2,"-> Client, 2970299:service_4:41, function_3 X, 0.0035",service_4,0.003
2025-06-03 11:36:06:560,service_3,package_1.package_7.package_8.package_9.interface_17.function_24,infrastructure,a16bd573-419a-4f92-b491-ad8a9ceff621,cc478cdf-0288-4c94-87dc-e234921f9cb2,"-> Client, 2970299:service_4:198, function_24",service_4,0.005
2025-06-03 11:36:06:561,service_4,package_3.package_10.interface_18.function_25,infrastructure,a16bd573-419a-4f92-b491-ad8a9ceff621,cc478cdf-0288-4c94-87dc-e234921f9cb2,"-> Client, 2970299:service_8:3, function_25 (MoveCorrection:,MoveType:Absolute,Parameterfunction_1:,Position:0.0035,Velocity:0)",service_8,0.004
2025-06-03 11:36:06:566,service_3,package_1.package_7.package_8.package_9.interface_17.function_26,infrastructure,a16bd573-419a-4f92-b491-ad8a9ceff621,cc478cdf-0288-4c94-87dc-e234921f9cb2,"-> Client, 2970299:service_4:198, function_26 60",service_4,0.0
2025-06-03 11:36:06:567,service_4,package_3.package_10.interface_18.function_26,infrastructure,a16bd573-419a-4f92-b491-ad8a9ceff621,cc478cdf-0288-4c94-87dc-e234921f9cb2,"-> Client, 2970299:service_8:3, function_26 60",service_8,0.117
2025-06-03 11:36:06:698,service_21,package_3.interface_21.function_41,infrastructure,a16bd573-419a-4f92-b491-ad8a9ceff621,cc478cdf-0288-4c94-87dc-e234921f9cb2,"-> Client, 2970299:service_10:1, function_41 CartridgeGripperIcingSuspected",service_10,0.003
2025-06-03 11:36:06:702,service_21,package_3.package_4.interface_25.function_42,infrastructure,a16bd573-419a-4f92-b491-ad8a9ceff621,cc478cdf-0288-4c94-87dc-e234921f9cb2,"-> Client, 2970299:service_3:15, function_42",service_3,0.004
2025-06-03 11:36:06:703,service_3,package_1.package_2.interface_1.function_1,infrastructure,a16bd573-419a-4f92-b491-ad8a9ceff621,cc478cdf-0288-4c94-87dc-e234921f9cb2,"-> Client, 2970299:service_18:222, function_1 2",service_18,0.003
2025-06-03 11:36:06:717,service_21,package_3.package_4.interface_15.function_23,infrastructure,a16bd573-419a-4f92-b491-ad8a9ceff621,cc478cdf-0288-4c94-87dc-e234921f9cb2,"-> Client, 2970299:service_3:4, function_23 Park",service_3,0.288
2025-06-03 11:36:07:003,service_3,package_1.package_7.package_8.package_9.interface_16.function_3,infrastructure,a16bd573-419a-4f92-b491-ad8a9ceff621,cc478cdf-0288-4c94-87dc-e234921f9cb2,"-> Client, 2970299:service_4:41, function_3 X, 0",service_4,0.002
2025-06-03 11:36:07:007,service_3,package_1.package_7.package_8.package_9.interface_17.function_24,infrastructure,a16bd573-419a-4f92-b491-ad8a9ceff621,cc478cdf-0288-4c94-87dc-e234921f9cb2,"-> Client, 2970299:service_4:199, function_24",service_4,0.004
2025-06-03 11:36:07:008,service_4,package_3.package_10.interface_18.function_25,infrastructure,a16bd573-419a-4f92-b491-ad8a9ceff621,cc478cdf-0288-4c94-87dc-e234921f9cb2,"-> Client, 2970299:service_8:3, function_25 (MoveCorrection:,MoveType:Absolute,Parameterfunction_1:,Position:0,Velocity:0)",service_8,0.003
2025-06-03 11:36:07:012,service_3,package_1.package_7.package_8.package_9.interface_17.function_26,infrastructure,a16bd573-419a-4f92-b491-ad8a9ceff621,cc478cdf-0288-4c94-87dc-e234921f9cb2,"-> Client, 2970299:service_4:199, function_26 60",service_4,0.116
2025-06-03 11:36:07:013,service_4,package_3.package_10.interface_18.function_26,infrastructure,a16bd573-419a-4f92-b491-ad8a9ceff621,cc478cdf-0288-4c94-87dc-e234921f9cb2,"-> Client, 2970299:service_8:3, function_26 60",service_8,0.115
2025-06-03 11:36:16:405,service_17,package_1.package_2.interface_1.function_1,infrastructure,-,-,"-> Client, 2970299:service_19:34, function_1 3",service_19,0.002
2025-06-03 11:36:16:405,service_12,package_1.package_2.interface_1.function_1,infrastructure,-,-,"-> Client, 2970299:service_18:114, function_1 3",service_18,0.002
2025-06-03 11:36:36:416,service_17,package_1.package_2.interface_1.function_1,infrastructure,-,-,"-> Client, 2970299:service_19:34, function_1 3",service_19,0.002
2025-06-03 11:36:36:416,service_12,package_1.package_2.interface_1.function_1,infrastructure,-,-,"-> Client, 2970299:service_18:114, function_1 3",service_18,0.002
2025-06-03 11:36:56:424,service_17,package_1.package_2.interface_1.function_1,infrastructure,-,-,"-> Client, 2970299:service_19:34, function_1 3",service_19,0.003
2025-06-03 11:36:56:424,service_12,package_1.package_2.interface_1.function_1,infrastructure,-,-,"-> Client, 2970299:service_18:114, function_1 3",service_18,0.003
2025-06-03 11:37:16:441,service_12,package_1.package_2.interface_1.function_1,infrastructure,-,-,"-> Client, 2970299:service_18:114, function_1 3",service_18,0.003
2025-06-03 11:37:16:441,service_17,package_1.package_2.interface_1.function_1,infrastructure,-,-,"-> Client, 2970299:service_19:34, function_1 3",service_19,0.003
2025-06-03 11:37:36:458,service_12,package_1.package_2.interface_1.function_1,infrastructure,-,-,"-> Client, 2970299:service_18:114, function_1 3",service_18,0.002
2025-06-03 11:37:36:458,service_17,package_1.package_2.interface_1.function_1,infrastructure,-,-,"-> Client, 2970299:service_19:34, function_1 3",service_19,0.002
2025-06-03 11:37:56:467,service_17,package_1.package_2.interface_1.function_1,infrastructure,-,-,"-> Client, 2970299:service_19:34, function_1 3",service_19,0.001
2025-06-03 11:37:56:467,service_12,package_1.package_2.interface_1.function_1,infrastructure,-,-,"-> Client, 2970299:service_18:114, function_1 3",service_18,0.001
2025-06-03 11:38:16:475,service_12,package_1.package_2.interface_1.function_1,infrastructure,-,-,"-> Client, 2970299:service_18:114, function_1 3",service_18,0.002
2025-06-03 11:38:16:475,service_17,package_1.package_2.interface_1.function_1,infrastructure,-,-,"-> Client, 2970299:service_19:34, function_1 3",service_19,0.002
2025-06-03 11:38:36:482,service_17,package_1.package_2.interface_1.function_1,infrastructure,-,-,"-> Client, 2970299:service_19:34, function_1 3",service_19,0.001
2025-06-03 11:38:36:482,service_12,package_1.package_2.interface_1.function_1,infrastructure,-,-,"-> Client, 2970299:service_18:114, function_1 3",service_18,0.001
2025-06-03 11:38:56:484,service_12,package_1.package_2.interface_1.function_1,infrastructure,-,-,"-> Client, 2970299:service_18:114, function_1 3",service_18,0.002
2025-06-03 11:38:56:499,service_17,package_1.package_2.interface_1.function_1,infrastructure,-,-,"-> Client, 2970299:service_19:34, function_1 3",service_19,0.003
2025-06-03 11:39:16:495,service_12,package_1.package_2.interface_1.function_1,infrastructure,-,-,"-> Client, 2970299:service_18:114, function_1 3",service_18,0.003
2025-06-03 11:39:16:510,service_17,package_1.package_2.interface_1.function_1,infrastructure,-,-,"-> Client, 2970299:service_19:34, function_1 3",service_19,0.002
2025-06-03 11:39:36:509,service_12,package_1.package_2.interface_1.function_1,infrastructure,-,-,"-> Client, 2970299:service_18:114, function_1 3",service_18,0.002
2025-06-03 11:39:36:525,service_17,package_1.package_2.interface_1.function_1,infrastructure,-,-,"-> Client, 2970299:service_19:34, function_1 3",service_19,0.002
2025-06-03 11:39:56:512,service_12,package_1.package_2.interface_1.function_1,infrastructure,-,-,"-> Client, 2970299:service_18:114, function_1 3",service_18,0.003
2025-06-03 11:39:56:528,service_17,package_1.package_2.interface_1.function_1,infrastructure,-,-,"-> Client, 2970299:service_19:34, function_1 3",service_19,0.005
2025-06-03 11:40:16:522,service_12,package_1.package_2.interface_1.function_1,infrastructure,-,-,"-> Client, 2970299:service_18:114, function_1 3",service_18,0.003
2025-06-03 11:40:16:539,service_17,package_1.package_2.interface_1.function_1,infrastructure,-,-,"-> Client, 2970299:service_19:34, function_1 3",service_19,0.002
2025-06-03 11:40:36:534,service_12,package_1.package_2.interface_1.function_1,infrastructure,-,-,"-> Client, 2970299:service_18:114, function_1 3",service_18,0.004
2025-06-03 11:40:36:548,service_17,package_1.package_2.interface_1.function_1,infrastructure,-,-,"-> Client, 2970299:service_19:34, function_1 3",service_19,0.006
2025-06-03 11:40:56:539,service_12,package_1.package_2.interface_1.function_1,infrastructure,-,-,"-> Client, 2970299:service_18:114, function_1 3",service_18,0.002
2025-06-03 11:40:56:556,service_17,package_1.package_2.interface_1.function_1,infrastructure,-,-,"-> Client, 2970299:service_19:34, function_1 3",service_19,0.003
2025-06-03 11:41:16:555,service_12,package_1.package_2.interface_1.function_1,infrastructure,-,-,"-> Client, 2970299:service_18:114, function_1 3",service_18,0.002
2025-06-03 11:41:16:570,service_17,package_1.package_2.interface_1.function_1,infrastructure,-,-,"-> Client, 2970299:service_19:34, function_1 3",service_19,0.002
2025-06-03 11:41:36:565,service_12,package_1.package_2.interface_1.function_1,infrastructure,-,-,"-> Client, 2970299:service_18:114, function_1 3",service_18,0.001
2025-06-03 11:41:36:581,service_17,package_1.package_2.interface_1.function_1,infrastructure,-,-,"-> Client, 2970299:service_19:34, function_1 3",service_19,0.003
2025-06-03 11:41:56:576,service_12,package_1.package_2.interface_1.function_1,infrastructure,-,-,"-> Client, 2970299:service_18:114, function_1 3",service_18,0.003
2025-06-03 11:41:56:600,service_17,package_1.package_2.interface_1.function_1,infrastructure,-,-,"-> Client, 2970299:service_19:34, function_1 3",service_19,0.003
2025-06-03 11:42:16:590,service_12,package_1.package_2.interface_1.function_1,infrastructure,-,-,"-> Client, 2970299:service_18:114, function_1 3",service_18,0.003
2025-06-03 11:42:16:606,service_17,package_1.package_2.interface_1.function_1,infrastructure,-,-,"-> Client, 2970299:service_19:34, function_1 3",service_19,0.003
2025-06-03 11:42:36:602,service_12,package_1.package_2.interface_1.function_1,infrastructure,-,-,"-> Client, 2970299:service_18:114, function_1 3",service_18,0.004
2025-06-03 11:42:36:618,service_17,package_1.package_2.interface_1.function_1,infrastructure,-,-,"-> Client, 2970299:service_19:34, function_1 3",service_19,0.006
2025-06-03 11:42:56:610,service_12,package_1.package_2.interface_1.function_1,infrastructure,-,-,"-> Client, 2970299:service_18:114, function_1 3",service_18,0.002
2025-06-03 11:42:56:644,service_17,package_1.package_2.interface_1.function_1,infrastructure,-,-,"-> Client, 2970299:service_19:34, function_1 3",service_19,0.002
2025-06-03 11:43:16:621,service_12,package_1.package_2.interface_1.function_1,infrastructure,-,-,"-> Client, 2970299:service_18:114, function_1 3",service_18,0.004
2025-06-03 11:43:16:653,service_17,package_1.package_2.interface_1.function_1,infrastructure,-,-,"-> Client, 2970299:service_19:34, function_1 3",service_19,0.006
2025-06-03 11:43:36:639,service_12,package_1.package_2.interface_1.function_1,infrastructure,-,-,"-> Client, 2970299:service_18:114, function_1 3",service_18,0.003
2025-06-03 11:43:36:670,service_17,package_1.package_2.interface_1.function_1,infrastructure,-,-,"-> Client, 2970299:service_19:34, function_1 3",service_19,0.004
2025-06-03 11:43:56:643,service_12,package_1.package_2.interface_1.function_1,infrastructure,-,-,"-> Client, 2970299:service_18:114, function_1 3",service_18,0.004
2025-06-03 11:43:56:689,service_17,package_1.package_2.interface_1.function_1,infrastructure,-,-,"-> Client, 2970299:service_19:34, function_1 3",service_19,0.002
2025-06-03 11:44:16:648,service_12,package_1.package_2.interface_1.function_1,infrastructure,-,-,"-> Client, 2970299:service_18:114, function_1 3",service_18,0.001
2025-06-03 11:44:16:694,service_17,package_1.package_2.interface_1.function_1,infrastructure,-,-,"-> Client, 2970299:service_19:34, function_1 3",service_19,0.004
2025-06-03 11:44:36:652,service_12,package_1.package_2.interface_1.function_1,infrastructure,-,-,"-> Client, 2970299:service_18:114, function_1 3",service_18,0.001
2025-06-03 11:44:36:713,service_17,package_1.package_2.interface_1.function_1,infrastructure,-,-,"-> Client, 2970299:service_19:34, function_1 3",service_19,0.002
2025-06-03 11:44:56:660,service_12,package_1.package_2.interface_1.function_1,infrastructure,-,-,"-> Client, 2970299:service_18:114, function_1 3",service_18,0.003
2025-06-03 11:44:56:721,service_17,package_1.package_2.interface_1.function_1,infrastructure,-,-,"-> Client, 2970299:service_19:34, function_1 3",service_19,0.003
2025-06-03 11:45:16:670,service_12,package_1.package_2.interface_1.function_1,infrastructure,-,-,"-> Client, 2970299:service_18:114, function_1 3",service_18,0.002
2025-06-03 11:45:16:733,service_17,package_1.package_2.interface_1.function_1,infrastructure,-,-,"-> Client, 2970299:service_19:34, function_1 3",service_19,0.002
2025-06-03 11:45:36:678,service_12,package_1.package_2.interface_1.function_1,infrastructure,-,-,"-> Client, 2970299:service_18:114, function_1 3",service_18,0.002
2025-06-03 11:45:36:741,service_17,package_1.package_2.interface_1.function_1,infrastructure,-,-,"-> Client, 2970299:service_19:34, function_1 3",service_19,0.002
2025-06-03 11:45:56:686,service_12,package_1.package_2.interface_1.function_1,infrastructure,-,-,"-> Client, 2970299:service_18:114, function_1 3",service_18,0.001
2025-06-03 11:45:56:750,service_17,package_1.package_2.interface_1.function_1,infrastructure,-,-,"-> Client, 2970299:service_19:34, function_1 3",service_19,0.002
2025-06-03 11:46:16:696,service_12,package_1.package_2.interface_1.function_1,infrastructure,-,-,"-> Client, 2970299:service_18:114, function_1 3",service_18,0.002
2025-06-03 11:46:16:759,service_17,package_1.package_2.interface_1.function_1,infrastructure,-,-,"-> Client, 2970299:service_19:34, function_1 3",service_19,0.003
2025-06-03 11:46:36:703,service_12,package_1.package_2.interface_1.function_1,infrastructure,-,-,"-> Client, 2970299:service_18:114, function_1 3",service_18,0.003
2025-06-03 11:46:36:764,service_17,package_1.package_2.interface_1.function_1,infrastructure,-,-,"-> Client, 2970299:service_19:34, function_1 3",service_19,0.003
2025-06-03 11:46:56:710,service_12,package_1.package_2.interface_1.function_1,infrastructure,-,-,"-> Client, 2970299:service_18:114, function_1 3",service_18,0.001
2025-06-03 11:46:56:772,service_17,package_1.package_2.interface_1.function_1,infrastructure,-,-,"-> Client, 2970299:service_19:34, function_1 3",service_19,0.002
2025-06-03 11:47:16:714,service_12,package_1.package_2.interface_1.function_1,infrastructure,-,-,"-> Client, 2970299:service_18:114, function_1 3",service_18,0.002
2025-06-03 11:47:16:775,service_17,package_1.package_2.interface_1.function_1,infrastructure,-,-,"-> Client, 2970299:service_19:34, function_1 3",service_19,0.002
2025-06-03 11:47:36:728,service_12,package_1.package_2.interface_1.function_1,infrastructure,-,-,"-> Client, 2970299:service_18:114, function_1 3",service_18,0.002
2025-06-03 11:47:36:788,service_17,package_1.package_2.interface_1.function_1,infrastructure,-,-,"-> Client, 2970299:service_19:34, function_1 3",service_19,0.003
2025-06-03 11:47:56:736,service_12,package_1.package_2.interface_1.function_1,infrastructure,-,-,"-> Client, 2970299:service_18:114, function_1 3",service_18,0.003
2025-06-03 11:47:56:798,service_17,package_1.package_2.interface_1.function_1,infrastructure,-,-,"-> Client, 2970299:service_19:34, function_1 3",service_19,0.003
2025-06-03 11:48:16:741,service_12,package_1.package_2.interface_1.function_1,infrastructure,-,-,"-> Client, 2970299:service_18:114, function_1 3",service_18,0.001
2025-06-03 11:48:16:804,service_17,package_1.package_2.interface_1.function_1,infrastructure,-,-,"-> Client, 2970299:service_19:34, function_1 3",service_19,0.002
2025-06-03 11:48:36:747,service_12,package_1.package_2.interface_1.function_1,infrastructure,-,-,"-> Client, 2970299:service_18:114, function_1 3",service_18,0.003
2025-06-03 11:48:36:807,service_17,package_1.package_2.interface_1.function_1,infrastructure,-,-,"-> Client, 2970299:service_19:34, function_1 3",service_19,0.005
2025-06-03 11:48:56:764,service_12,package_1.package_2.interface_1.function_1,infrastructure,-,-,"-> Client, 2970299:service_18:114, function_1 3",service_18,0.002
2025-06-03 11:48:56:826,service_17,package_1.package_2.interface_1.function_1,infrastructure,-,-,"-> Client, 2970299:service_19:34, function_1 3",service_19,0.002
2025-06-03 11:49:16:771,service_12,package_1.package_2.interface_1.function_1,infrastructure,-,-,"-> Client, 2970299:service_18:114, function_1 3",service_18,0.001
2025-06-03 11:49:16:835,service_17,package_1.package_2.interface_1.function_1,infrastructure,-,-,"-> Client, 2970299:service_19:34, function_1 3",service_19,0.006
2025-06-03 11:49:36:774,service_12,package_1.package_2.interface_1.function_1,infrastructure,-,-,"-> Client, 2970299:service_18:114, function_1 3",service_18,0.004
2025-06-03 11:49:36:851,service_17,package_1.package_2.interface_1.function_1,infrastructure,-,-,"-> Client, 2970299:service_19:34, function_1 3",service_19,0.002
2025-06-03 11:49:56:787,service_12,package_1.package_2.interface_1.function_1,infrastructure,-,-,"-> Client, 2970299:service_18:114, function_1 3",service_18,0.002
2025-06-03 11:49:56:866,service_17,package_1.package_2.interface_1.function_1,infrastructure,-,-,"-> Client, 2970299:service_19:34, function_1 3",service_19,0.003
2025-06-03 11:50:16:800,service_12,package_1.package_2.interface_1.function_1,infrastructure,-,-,"-> Client, 2970299:service_18:114, function_1 3",service_18,0.002
2025-06-03 11:50:16:879,service_17,package_1.package_2.interface_1.function_1,infrastructure,-,-,"-> Client, 2970299:service_19:34, function_1 3",service_19,0.002
2025-06-03 11:50:36:809,service_12,package_1.package_2.interface_1.function_1,infrastructure,-,-,"-> Client, 2970299:service_18:114, function_1 3",service_18,0.002
2025-06-03 11:50:36:887,service_17,package_1.package_2.interface_1.function_1,infrastructure,-,-,"-> Client, 2970299:service_19:34, function_1 3",service_19,0.001
2025-06-03 11:50:56:812,service_12,package_1.package_2.interface_1.function_1,infrastructure,-,-,"-> Client, 2970299:service_18:114, function_1 3",service_18,0.005
2025-06-03 11:50:56:905,service_17,package_1.package_2.interface_1.function_1,infrastructure,-,-,"-> Client, 2970299:service_19:34, function_1 3",service_19,0.002
2025-06-03 11:51:16:832,service_12,package_1.package_2.interface_1.function_1,infrastructure,-,-,"-> Client, 2970299:service_18:114, function_1 3",service_18,0.002
2025-06-03 11:51:16:909,service_17,package_1.package_2.interface_1.function_1,infrastructure,-,-,"-> Client, 2970299:service_19:34, function_1 3",service_19,0.002
2025-06-03 11:51:36:844,service_12,package_1.package_2.interface_1.function_1,infrastructure,-,-,"-> Client, 2970299:service_18:114, function_1 3",service_18,0.003
2025-06-03 11:51:36:922,service_17,package_1.package_2.interface_1.function_1,infrastructure,-,-,"-> Client, 2970299:service_19:34, function_1 3",service_19,0.001
2025-06-03 11:51:56:863,service_12,package_1.package_2.interface_1.function_1,infrastructure,-,-,"-> Client, 2970299:service_18:114, function_1 3",service_18,0.002
2025-06-03 11:51:56:939,service_17,package_1.package_2.interface_1.function_1,infrastructure,-,-,"-> Client, 2970299:service_19:34, function_1 3",service_19,0.002
2025-06-03 11:52:16:870,service_12,package_1.package_2.interface_1.function_1,infrastructure,-,-,"-> Client, 2970299:service_18:114, function_1 3",service_18,0.003
2025-06-03 11:52:16:942,service_17,package_1.package_2.interface_1.function_1,infrastructure,-,-,"-> Client, 2970299:service_19:34, function_1 3",service_19,0.003
2025-06-03 11:52:36:882,service_12,package_1.package_2.interface_1.function_1,infrastructure,-,-,"-> Client, 2970299:service_18:114, function_1 3",service_18,0.003
2025-06-03 11:52:36:960,service_17,package_1.package_2.interface_1.function_1,infrastructure,-,-,"-> Client, 2970299:service_19:34, function_1 3",service_19,0.01
2025-06-03 11:52:56:901,service_12,package_1.package_2.interface_1.function_1,infrastructure,-,-,"-> Client, 2970299:service_18:114, function_1 3",service_18,0.004
2025-06-03 11:52:56:979,service_17,package_1.package_2.interface_1.function_1,infrastructure,-,-,"-> Client, 2970299:service_19:34, function_1 3",service_19,0.002
2025-06-03 11:53:16:913,service_12,package_1.package_2.interface_1.function_1,infrastructure,-,-,"-> Client, 2970299:service_18:114, function_1 3",service_18,0.002
2025-06-03 11:53:16:992,service_17,package_1.package_2.interface_1.function_1,infrastructure,-,-,"-> Client, 2970299:service_19:34, function_1 3",service_19,0.004
2025-06-03 11:53:36:924,service_12,package_1.package_2.interface_1.function_1,infrastructure,-,-,"-> Client, 2970299:service_18:114, function_1 3",service_18,0.004
2025-06-03 11:53:37:001,service_17,package_1.package_2.interface_1.function_1,infrastructure,-,-,"-> Client, 2970299:service_19:34, function_1 3",service_19,0.002
2025-06-03 11:53:56:931,service_12,package_1.package_2.interface_1.function_1,infrastructure,-,-,"-> Client, 2970299:service_18:114, function_1 3",service_18,0.004
2025-06-03 11:53:57:006,service_17,package_1.package_2.interface_1.function_1,infrastructure,-,-,"-> Client, 2970299:service_19:34, function_1 3",service_19,0.004
2025-06-03 11:54:16:939,service_12,package_1.package_2.interface_1.function_1,infrastructure,-,-,"-> Client, 2970299:service_18:114, function_1 3",service_18,0.003
2025-06-03 11:54:17:017,service_17,package_1.package_2.interface_1.function_1,infrastructure,-,-,"-> Client, 2970299:service_19:34, function_1 3",service_19,0.002
2025-06-03 11:54:36:957,service_12,package_1.package_2.interface_1.function_1,infrastructure,-,-,"-> Client, 2970299:service_18:114, function_1 3",service_18,0.006
2025-06-03 11:54:37:051,service_17,package_1.package_2.interface_1.function_1,infrastructure,-,-,"-> Client, 2970299:service_19:34, function_1 3",service_19,0.002
2025-06-03 11:54:56:967,service_12,package_1.package_2.interface_1.function_1,infrastructure,-,-,"-> Client, 2970299:service_18:114, function_1 3",service_18,0.003
2025-06-03 11:54:57:060,service_17,package_1.package_2.interface_1.function_1,infrastructure,-,-,"-> Client, 2970299:service_19:34, function_1 3",service_19,0.002
2025-06-03 11:55:16:974,service_12,package_1.package_2.interface_1.function_1,infrastructure,-,-,"-> Client, 2970299:service_18:114, function_1 3",service_18,0.002
2025-06-03 11:55:17:068,service_17,package_1.package_2.interface_1.function_1,infrastructure,-,-,"-> Client, 2970299:service_19:34, function_1 3",service_19,0.002
2025-06-03 11:55:36:986,service_12,package_1.package_2.interface_1.function_1,infrastructure,-,-,"-> Client, 2970299:service_18:114, function_1 3",service_18,0.001
2025-06-03 11:55:37:080,service_17,package_1.package_2.interface_1.function_1,infrastructure,-,-,"-> Client, 2970299:service_19:34, function_1 3",service_19,0.002
2025-06-03 11:55:57:001,service_12,package_1.package_2.interface_1.function_1,infrastructure,-,-,"-> Client, 2970299:service_18:114, function_1 3",service_18,0.003
2025-06-03 11:55:57:092,service_17,package_1.package_2.interface_1.function_1,infrastructure,-,-,"-> Client, 2970299:service_19:34, function_1 3",service_19,0.003
2025-06-03 11:56:17:018,service_12,package_1.package_2.interface_1.function_1,infrastructure,-,-,"-> Client, 2970299:service_18:114, function_1 3",service_18,0.002
2025-06-03 11:56:17:109,service_17,package_1.package_2.interface_1.function_1,infrastructure,-,-,"-> Client, 2970299:service_19:34, function_1 3",service_19,0.003
2025-06-03 11:56:37:034,service_12,package_1.package_2.interface_1.function_1,infrastructure,-,-,"-> Client, 2970299:service_18:114, function_1 3",service_18,0.003
2025-06-03 11:56:37:134,service_17,package_1.package_2.interface_1.function_1,infrastructure,-,-,"-> Client, 2970299:service_19:34, function_1 3",service_19,0.003
2025-06-03 11:56:57:037,service_12,package_1.package_2.interface_1.function_1,infrastructure,-,-,"-> Client, 2970299:service_18:114, function_1 3",service_18,0.002
2025-06-03 11:56:57:145,service_17,package_1.package_2.interface_1.function_1,infrastructure,-,-,"-> Client, 2970299:service_19:34, function_1 3",service_19,0.002
2025-06-03 11:57:17:048,service_12,package_1.package_2.interface_1.function_1,infrastructure,-,-,"-> Client, 2970299:service_18:114, function_1 3",service_18,0.003
2025-06-03 11:57:17:157,service_17,package_1.package_2.interface_1.function_1,infrastructure,-,-,"-> Client, 2970299:service_19:34, function_1 3",service_19,0.002
2025-06-03 11:57:37:057,service_12,package_1.package_2.interface_1.function_1,infrastructure,-,-,"-> Client, 2970299:service_18:114, function_1 3",service_18,0.002
2025-06-03 11:57:37:165,service_17,package_1.package_2.interface_1.function_1,infrastructure,-,-,"-> Client, 2970299:service_19:34, function_1 3",service_19,0.002
2025-06-03 11:57:57:068,service_12,package_1.package_2.interface_1.function_1,infrastructure,-,-,"-> Client, 2970299:service_18:114, function_1 3",service_18,0.002
2025-06-03 11:57:57:174,service_17,package_1.package_2.interface_1.function_1,infrastructure,-,-,"-> Client, 2970299:service_19:34, function_1 3",service_19,0.003
2025-06-03 11:58:17:077,service_12,package_1.package_2.interface_1.function_1,infrastructure,-,-,"-> Client, 2970299:service_18:114, function_1 3",service_18,0.003
2025-06-03 11:58:17:186,service_17,package_1.package_2.interface_1.function_1,infrastructure,-,-,"-> Client, 2970299:service_19:34, function_1 3",service_19,0.002
2025-06-03 11:58:37:095,service_12,package_1.package_2.interface_1.function_1,infrastructure,-,-,"-> Client, 2970299:service_18:114, function_1 3",service_18,0.003
2025-06-03 11:58:37:203,service_17,package_1.package_2.interface_1.function_1,infrastructure,-,-,"-> Client, 2970299:service_19:34, function_1 3",service_19,0.002
2025-06-03 11:58:57:111,service_12,package_1.package_2.interface_1.function_1,infrastructure,-,-,"-> Client, 2970299:service_18:114, function_1 3",service_18,0.002
2025-06-03 11:58:57:206,service_17,package_1.package_2.interface_1.function_1,infrastructure,-,-,"-> Client, 2970299:service_19:34, function_1 3",service_19,0.002
2025-06-03 11:59:17:122,service_12,package_1.package_2.interface_1.function_1,infrastructure,-,-,"-> Client, 2970299:service_18:114, function_1 3",service_18,0.003
2025-06-03 11:59:17:215,service_17,package_1.package_2.interface_1.function_1,infrastructure,-,-,"-> Client, 2970299:service_19:34, function_1 3",service_19,0.002
2025-06-03 11:59:37:141,service_12,package_1.package_2.interface_1.function_1,infrastructure,-,-,"-> Client, 2970299:service_18:114, function_1 3",service_18,0.002
2025-06-03 11:59:37:233,service_17,package_1.package_2.interface_1.function_1,infrastructure,-,-,"-> Client, 2970299:service_19:34, function_1 3",service_19,0.003
2025-06-03 11:59:57:147,service_12,package_1.package_2.interface_1.function_1,infrastructure,-,-,"-> Client, 2970299:service_18:114, function_1 3",service_18,0.003
2025-06-03 11:59:57:241,service_17,package_1.package_2.interface_1.function_1,infrastructure,-,-,"-> Client, 2970299:service_19:34, function_1 3",service_19,0.003
